,timestamp,emailservice.csv
0,2023-08-23 06:03:24,0
1,2023-08-23 06:03:29,0
2,2023-08-23 06:03:34,0
3,2023-08-23 06:03:39,0
4,2023-08-23 06:03:44,0
5,2023-08-23 06:03:49,0
6,2023-08-23 06:03:54,0
7,2023-08-23 06:03:59,0
8,2023-08-23 06:04:04,0
9,2023-08-23 06:04:09,0
10,2023-08-23 06:04:14,0
11,2023-08-23 06:04:19,0
12,2023-08-23 06:04:24,0
13,2023-08-23 06:04:29,0
14,2023-08-23 06:04:34,0
15,2023-08-23 06:04:39,0
16,2023-08-23 06:04:44,0
17,2023-08-23 06:04:49,1
18,2023-08-23 06:04:54,1
19,2023-08-23 06:04:59,0
20,2023-08-23 06:05:04,0
21,2023-08-23 06:05:09,0
22,2023-08-23 06:05:14,0
23,2023-08-23 06:05:19,0
24,2023-08-23 06:05:24,0
25,2023-08-23 06:05:29,0
26,2023-08-23 06:05:34,0
27,2023-08-23 06:05:39,0
28,2023-08-23 06:05:44,0
29,2023-08-23 06:05:49,0
30,2023-08-23 06:05:54,0
31,2023-08-23 06:05:59,0
32,2023-08-23 06:06:04,0
33,2023-08-23 06:06:09,0
34,2023-08-23 06:06:14,0
35,2023-08-23 06:06:19,0
36,2023-08-23 06:06:24,0
37,2023-08-23 06:06:29,0
38,2023-08-23 06:06:34,0
39,2023-08-23 06:06:39,0
40,2023-08-23 06:06:44,0
41,2023-08-23 06:06:49,0
42,2023-08-23 06:06:54,0
43,2023-08-23 06:06:59,0
44,2023-08-23 06:07:04,0
45,2023-08-23 06:07:09,0
46,2023-08-23 06:07:14,0
47,2023-08-23 06:07:19,0
48,2023-08-23 06:07:24,0
49,2023-08-23 06:07:29,0
50,2023-08-23 06:07:34,0
51,2023-08-23 06:07:39,0
52,2023-08-23 06:07:44,0
53,2023-08-23 06:07:49,0
54,2023-08-23 06:07:54,0
55,2023-08-23 06:07:59,0
56,2023-08-23 06:08:04,0
57,2023-08-23 06:08:09,0
58,2023-08-23 06:08:14,0
59,2023-08-23 06:08:19,0
60,2023-08-23 06:08:24,0
61,2023-08-23 06:08:29,0
62,2023-08-23 06:08:34,0
63,2023-08-23 06:08:39,0
64,2023-08-23 06:08:44,0
65,2023-08-23 06:08:49,0
66,2023-08-23 06:08:54,0
67,2023-08-23 06:08:59,0
68,2023-08-23 06:09:04,0
69,2023-08-23 06:09:09,0
70,2023-08-23 06:09:14,0
71,2023-08-23 06:09:19,0
72,2023-08-23 06:09:24,0
73,2023-08-23 06:09:29,0
74,2023-08-23 06:09:34,0
75,2023-08-23 06:09:39,0
76,2023-08-23 06:09:44,0
77,2023-08-23 06:09:49,0
78,2023-08-23 06:09:54,0
79,2023-08-23 06:09:59,0
80,2023-08-23 06:10:04,0
81,2023-08-23 06:10:09,0
82,2023-08-23 06:10:14,0
83,2023-08-23 06:10:19,0
84,2023-08-23 06:10:24,0
85,2023-08-23 06:10:29,0
86,2023-08-23 06:10:34,0
87,2023-08-23 06:10:39,0
88,2023-08-23 06:10:44,0
89,2023-08-23 06:10:49,0
90,2023-08-23 06:10:54,0
91,2023-08-23 06:10:59,0
92,2023-08-23 06:11:04,0
93,2023-08-23 06:11:09,0
94,2023-08-23 06:11:14,0
95,2023-08-23 06:11:19,0
96,2023-08-23 06:11:24,0
97,2023-08-23 06:11:29,1
98,2023-08-23 06:11:34,0
99,2023-08-23 06:11:39,0
100,2023-08-23 06:11:44,0
101,2023-08-23 06:11:49,0
102,2023-08-23 06:11:54,0
103,2023-08-23 06:11:59,0
104,2023-08-23 06:12:04,0
105,2023-08-23 06:12:09,0
106,2023-08-23 06:12:14,0
107,2023-08-23 06:12:19,0
108,2023-08-23 06:12:24,0
109,2023-08-23 06:12:29,0
110,2023-08-23 06:12:34,0
111,2023-08-23 06:12:39,0
112,2023-08-23 06:12:44,0
113,2023-08-23 06:12:49,0
114,2023-08-23 06:12:54,0
115,2023-08-23 06:12:59,0
116,2023-08-23 06:13:04,0
117,2023-08-23 06:13:09,0
118,2023-08-23 06:13:14,0
119,2023-08-23 06:13:19,0
120,2023-08-23 06:13:24,0
