,timestamp,paymentservice
16,2023-08-23 05:27:02,1
17,2023-08-23 05:27:02,1
18,2023-08-23 05:27:02,1
19,2023-08-23 05:27:02,1
20,2023-08-23 05:27:02,1
21,2023-08-23 05:27:02,1
79,2023-08-23 05:23:35,1
80,2023-08-23 05:23:34,1
81,2023-08-23 05:23:34,1
116,2023-08-23 05:22:01,1
117,2023-08-23 05:22:01,1
118,2023-08-23 05:22:00,1
119,2023-08-23 05:22:00,1
120,2023-08-23 05:22:00,1
152,2023-08-23 05:21:01,1
153,2023-08-23 05:21:01,1
154,2023-08-23 05:21:01,1
155,2023-08-23 05:21:01,1
156,2023-08-23 05:21:01,1
157,2023-08-23 05:21:01,1
212,2023-08-23 05:14:54,1
213,2023-08-23 05:14:53,1
