,details-v1-7d4d9d5fcb-pkpvm_cpu,details-v1-7d4d9d5fcb-pkpvm_memory,productpage-v1-66756cddfd-psmzt_cpu,productpage-v1-66756cddfd-psmzt_memory,ratings-v1-85cc46b6d4-txdpr_cpu,ratings-v1-85cc46b6d4-txdpr_memory,reviews-v1-777df99c6d-lz7ht_cpu,reviews-v1-777df99c6d-lz7ht_memory,reviews-v2-cdd8fb88b-pd9dw_cpu,reviews-v2-cdd8fb88b-pd9dw_memory,reviews-v3-58b6479b-6btgp_cpu,reviews-v3-58b6479b-6btgp_memory,productpage-v1_details-v1&p50,istio-ingressgateway_productpage-v1&p50,reviews-v2_ratings-v1&p50,reviews-v3_ratings-v1&p50,productpage-v1_reviews-v1&p50,productpage-v1_reviews-v2&p50,productpage-v1_reviews-v3&p50,productpage-v1_details-v1&p90,istio-ingressgateway_productpage-v1&p90,reviews-v2_ratings-v1&p90,reviews-v3_ratings-v1&p90,productpage-v1_reviews-v1&p90,productpage-v1_reviews-v2&p90,productpage-v1_reviews-v3&p90,productpage-v1_details-v1&p99,istio-ingressgateway_productpage-v1&p99,reviews-v2_ratings-v1&p99,reviews-v3_ratings-v1&p99,productpage-v1_reviews-v1&p99,productpage-v1_reviews-v2&p99,productpage-v1_reviews-v3&p99,details.csv,ratings.csv,reviews.csv,productpage.csv
0,49.4554441260739,88.682496,320.15659299190884,115.331072,20.69886579246958,68.194304,10.89662500000088,268.066816,27.53774128493333,241.696768,41.2011677642748,256.684032,4.153846153846154,40.41666666666666,3.0,3.0,2.3714285714285714,5.833333333333333,6.323529411764706,38.61111111111112,92.29729729729728,4.6,4.6,4.657142857142857,18.25,21.700000000000003,48.86111111111112,217.89999999999984,4.959999999999999,4.96,17.5,24.325,46.58333333333333,0,0,0,0
1,24.136666820636066,88.682496,283.40824896643306,115.331072,18.55950633755897,68.194304,12.27618165449228,268.066816,23.067906912033905,241.696768,43.237975808754925,256.684032,4.153846153846154,40.41666666666666,3.0,3.0,2.3714285714285714,5.833333333333333,6.323529411764706,38.61111111111112,92.29729729729728,4.6,4.6,4.657142857142857,18.25,21.700000000000003,48.86111111111112,217.89999999999984,4.959999999999999,4.96,17.5,24.325,46.58333333333333,0,0,0,0
2,28.822768618532468,88.682496,189.95973973159812,115.421184,13.22501380452798,68.194304,11.274013763692082,268.079104,16.108058886023443,241.737728,29.54367410888979,256.73728,4.153846153846154,,3.0,3.0,,,,38.61111111111112,,4.6,4.6,,,,48.86111111111112,,4.959999999999999,4.96,,,,0,0,0,0
3,28.822768618532468,88.682496,189.95973973159812,115.421184,13.22501380452798,68.194304,11.274013763692082,268.079104,16.108058886023443,241.737728,29.54367410888979,256.73728,3.75,,3.0,2.7333333333333334,,,,29.375,,16.375,4.973333333333333,,,,47.93749999999999,,24.1375,9.475,,,,0,0,0,0
4,24.520009643262544,88.682496,133.63407466243427,115.421184,9.298000862936451,68.194304,11.44567769076273,268.087296,16.108058886023443,241.737728,25.49683013470368,256.733184,3.75,,3.0,2.7333333333333334,,,,29.375,,16.375,4.973333333333333,,,,47.93749999999999,,24.1375,9.475,,,,0,0,0,0
5,25.48399066511114,88.69888,206.77036857871371,115.429376,9.298000862936451,68.194304,11.44567769076273,268.087296,19.434975946960737,241.7664,29.83248455698559,256.733184,3.75,45.5,3.0,2.7333333333333334,3.0816326530612246,7.954545454545455,8.365384615384615,29.375,94.87179487179488,16.375,4.973333333333333,5.750000000000003,27.81250000000001,21.925000000000004,47.93749999999999,236.153846153846,24.1375,9.475,15.850000000000028,128.4999999999999,42.37500000000005,0,0,0,0
6,25.48399066511114,88.69888,161.06123865836486,115.429376,14.65201304172579,68.304896,8.965138182851428,268.087296,19.434975946960737,241.7664,29.83248455698559,256.733184,4.161290322580645,45.5,2.7812500000000004,2.666666666666667,3.0816326530612246,7.954545454545455,8.365384615384615,37.21590909090909,94.87179487179488,4.80625,4.630303030303031,5.750000000000003,27.81250000000001,21.925000000000004,49.74431818181817,236.153846153846,12.849999999999978,12.849999999999978,15.850000000000028,128.4999999999999,42.37500000000005,0,0,0,0
7,35.147971486403506,88.702976,194.6143794645486,115.429376,14.700582103695098,68.304896,8.965138182851428,268.087296,19.808426596442438,241.7664,30.240061638935217,256.753664,4.161290322580645,45.5,2.7812500000000004,2.666666666666667,3.0816326530612246,7.954545454545455,8.365384615384615,37.21590909090909,94.87179487179488,4.80625,4.630303030303031,5.750000000000003,27.81250000000001,21.925000000000004,49.74431818181817,236.153846153846,12.849999999999978,12.849999999999978,15.850000000000028,128.4999999999999,42.37500000000005,0,0,0,0
8,41.14620779341156,88.702976,194.6143794645486,115.429376,17.212722756662895,68.767744,8.965138182851428,268.087296,23.96013006917652,241.770496,20.384571819618884,256.753664,4.161290322580645,44.08914728682171,2.7812500000000004,2.666666666666667,3.0217391304347827,8.297872340425531,8.15,37.21590909090909,89.72826086956522,4.80625,4.630303030303031,4.743478260869566,20.799999999999997,21.02500000000001,49.74431818181817,194.50000000000028,12.849999999999978,12.849999999999978,10.149999999999984,62.00000000000006,58.49999999999976,0,0,1,0
9,41.14620779341156,88.702976,152.4527959400497,115.429376,17.21272275666289,68.767744,6.724033333334016,268.087296,23.96013006917652,241.770496,20.384571819618884,256.753664,3.875675675675676,44.08914728682171,2.815384615384615,2.65625,3.0217391304347827,8.297872340425531,8.15,37.21153846153846,89.72826086956522,4.809230769230769,4.73125,4.743478260869566,20.799999999999997,21.02500000000001,48.72115384615383,194.50000000000028,12.849999999999996,12.55000000000003,10.149999999999984,62.00000000000006,58.49999999999976,0,0,0,0
10,45.02833500045176,88.694784,261.8463349439813,115.429376,23.998215454167173,68.767744,6.724033333334016,268.087296,29.266687968263145,241.770496,27.14208028163723,256.749568,3.875675675675676,44.08914728682171,2.815384615384615,2.65625,3.0217391304347827,8.297872340425531,8.15,37.21153846153846,89.72826086956522,4.809230769230769,4.73125,4.743478260869566,20.799999999999997,21.02500000000001,48.72115384615383,194.50000000000028,12.849999999999996,12.55000000000003,10.149999999999984,62.00000000000006,58.49999999999976,0,0,0,0
11,56.8968397344132,88.694784,385.77913058575785,116.61312,23.998215454167173,68.767744,17.583472906983847,268.0832,35.20167591171901,241.774592,33.18981834834479,256.749568,3.875675675675676,43.338815789473685,2.815384615384615,2.65625,3.025641025641026,8.351063829787233,8.11320754716981,37.21153846153846,89.9375,4.809230769230769,4.73125,4.687179487179487,20.61999999999999,22.0,48.72115384615383,210.84999999999985,12.849999999999996,12.55000000000003,7.975000000000007,29.24999999999961,45.19999999999997,0,0,0,0
12,56.8968397344132,88.694784,385.77913058575785,116.61312,25.36170091649132,68.95616,17.583472906983847,268.0832,35.20167591171901,241.774592,33.18981834834479,256.749568,4.15,43.338815789473685,2.859649122807017,2.9761904761904763,3.025641025641026,8.351063829787233,8.11320754716981,36.25000000000002,89.9375,4.964912280701753,4.861904761904762,4.687179487179487,20.61999999999999,22.0,49.13636363636365,210.84999999999985,19.375000000000025,25.25000000000015,7.975000000000007,29.24999999999961,45.19999999999997,0,0,0,0
13,51.9469430604038,88.707072,385.77913058575785,116.61312,25.36170091649132,68.95616,17.583472906983847,268.0832,35.0332163567094,241.74592,26.740483479622256,256.749568,4.15,43.338815789473685,2.859649122807017,2.9761904761904763,3.025641025641026,8.351063829787233,8.11320754716981,36.25000000000002,89.9375,4.964912280701753,4.861904761904762,4.687179487179487,20.61999999999999,22.0,49.13636363636365,210.84999999999985,19.375000000000025,25.25000000000015,7.975000000000007,29.24999999999961,45.19999999999997,0,0,0,0
14,60.78331790013608,88.707072,373.3216398798966,115.28192,26.159649549769306,68.95616,26.409888289511727,364.027904,33.90895972050003,241.74592,38.71936507936596,362.55744,4.15,42.14015151515152,2.859649122807017,2.9761904761904763,2.8,7.555555555555555,7.5,36.25000000000002,88.49999999999999,4.964912280701753,4.861904761904762,4.68,19.85714285714287,20.235294117647065,49.13636363636365,205.74999999999943,19.375000000000025,25.25000000000015,17.949999999999953,43.5,82.66666666666674,0,0,0,0
15,60.78331790013608,88.707072,373.3216398798966,115.28192,26.159649549769306,68.95616,26.409888289511727,364.027904,33.90895972050003,241.74592,38.71936507936596,362.55744,3.894117647058824,42.14015151515152,2.3636363636363638,2.5151515151515147,2.8,7.555555555555555,7.5,38.81818181818181,88.49999999999999,4.763636363636363,4.6000000000000005,4.68,19.85714285714287,20.235294117647065,48.881818181818176,205.74999999999943,33.5,285.0,17.949999999999953,43.5,82.66666666666674,0,0,0,0
16,53.72512936374979,88.69888,373.3216398798966,115.28192,20.41717047943578,68.95616,43.970985432123584,530.78016,56.16870013639548,405.737472,41.04149422783794,362.55744,3.894117647058824,42.14015151515152,2.3636363636363638,2.5151515151515147,2.8,7.555555555555555,7.5,38.81818181818181,88.49999999999999,4.763636363636363,4.6000000000000005,4.68,19.85714285714287,20.235294117647065,48.881818181818176,205.74999999999943,33.5,285.0,17.949999999999953,43.5,82.66666666666674,0,0,0,0
17,49.94518438867129,88.69888,130.9453494136,115.171328,18.237199683621665,68.95616,49.846042776064415,530.78016,64.96417207750098,405.737472,41.04149422783794,362.55744,3.894117647058824,42.14015151515152,2.3636363636363638,2.5151515151515147,2.8,9.0,8.409090909090908,38.81818181818181,88.49999999999999,4.763636363636363,4.6000000000000005,4.68,500.0,325.0000000000002,48.881818181818176,205.74999999999943,33.5,285.0,17.949999999999953,2350.0,2095.000000000001,0,0,0,0
18,49.94518438867129,88.69888,147.69702680456956,115.171328,23.45078243311464,68.34176,55.72110012000525,530.78016,55.97836388694775,405.737472,56.66983493560589,514.555904,43.75,53.57142857142856,25.0,175.0,3.0,9.0,8.409090909090908,87.50000000000001,1074.999999999999,190.0,2050.0,4.92,500.0,325.0000000000002,98.75,8549.999999999993,244.0,2455.0,46.99999999999997,2350.0,2095.000000000001,0,0,0,0
19,39.42974983096981,82.771968,164.44870419553902,115.171328,23.45078243311464,68.34176,54.04677150453046,529.252352,59.10181636690883,501.239808,65.65577122153108,514.555904,43.75,53.57142857142856,25.0,175.0,3.0,9.0,8.409090909090908,87.50000000000001,1074.999999999999,190.0,2050.0,4.92,500.0,325.0000000000002,98.75,8549.999999999993,244.0,2455.0,46.99999999999997,2350.0,2095.000000000001,0,0,0,0
20,39.42974983096981,82.771968,201.0201286916341,115.171328,20.343188340129966,68.34176,54.04677150453046,529.252352,67.15773332075085,501.239808,65.65577122153108,514.555904,43.75,55.95238095238095,25.0,175.0,3.782608695652173,9.86842105263158,8.90625,87.50000000000001,163.94736842105266,190.0,2050.0,12.000000000000009,58.750000000000014,34.37499999999998,98.75,463.1250000000008,244.0,2455.0,81.99999999999984,784.9999999999992,4124.999999999992,0,0,0,0
21,42.4928473554432,82.767872,241.0832431348948,114.786304,20.879301812946743,68.087808,54.04677150453046,529.252352,60.66650144883328,501.264384,57.40354812398088,514.428928,4.258064516129032,55.95238095238095,2.647058823529412,2.74468085106383,3.782608695652173,9.86842105263158,8.90625,39.47916666666667,163.94736842105266,5.3333333333333295,5.687499999999999,12.000000000000009,58.750000000000014,34.37499999999998,48.94791666666667,463.1250000000008,19.300000000000008,9.568749999999998,81.99999999999984,784.9999999999992,4124.999999999992,0,0,0,0
22,35.70412403262104,82.767872,241.0832431348947,114.786304,20.879301812946743,68.087808,54.04677150453046,529.252352,60.66650144883328,501.264384,64.57230166735847,514.428928,4.258064516129032,55.95238095238095,2.647058823529412,2.74468085106383,3.782608695652173,9.86842105263158,8.90625,39.47916666666667,163.94736842105266,5.3333333333333295,5.687499999999999,12.000000000000009,58.750000000000014,34.37499999999998,48.94791666666667,463.1250000000008,19.300000000000008,9.568749999999998,81.99999999999984,784.9999999999992,4124.999999999992,0,0,0,0
23,35.70412403262104,82.767872,196.78569781518647,114.786304,20.87930181294674,68.087808,43.60935797457646,529.260544,60.30367197291473,501.264384,64.57230166735847,514.428928,4.258064516129032,41.20762711864407,2.647058823529412,2.74468085106383,2.756097560975609,6.555555555555555,6.778846153846154,39.47916666666667,87.9126213592233,5.3333333333333295,5.687499999999999,4.863414634146342,16.600000000000005,14.821428571428578,48.94791666666667,175.37499999999972,19.300000000000008,9.568749999999998,9.325,26.4999999999999,23.982142857142858,0,0,0,0
24,42.44882086410489,82.771968,196.78569781518644,114.786304,15.625357437494692,67.661824,43.60935797457646,529.260544,60.30367197291473,501.264384,55.70228031833567,514.408448,3.97979797979798,41.20762711864407,2.1724137931034484,2.432835820895522,2.756097560975609,6.555555555555555,6.778846153846154,40.5448717948718,87.9126213592233,4.820689655172414,4.486567164179105,4.863414634146342,16.600000000000005,14.821428571428578,49.05448717948718,175.37499999999972,17.79999999999998,4.948656716417911,9.325,26.4999999999999,23.982142857142858,0,0,0,0
25,45.99009031900349,82.771968,264.3358926936819,115.11808,17.45541031017215,67.661824,43.60935797457646,529.260544,39.479143951113336,501.264384,55.70228031833567,514.408448,3.97979797979798,41.20762711864407,2.1724137931034484,2.432835820895522,2.756097560975609,6.555555555555555,6.778846153846154,40.5448717948718,87.9126213592233,4.820689655172414,4.486567164179105,4.863414634146342,16.600000000000005,14.821428571428578,49.05448717948718,175.37499999999972,17.79999999999998,4.948656716417911,9.325,26.4999999999999,23.982142857142858,0,0,0,0
26,45.99009031900349,82.771968,345.0827954190512,115.11808,21.960634472129524,67.661824,18.84709965878257,529.260544,33.73350287047257,501.264384,36.04106312292344,514.408448,3.97979797979798,45.4954954954955,2.1724137931034484,2.432835820895522,2.972972972972973,8.020833333333332,8.103448275862068,40.5448717948718,94.33734939759036,4.820689655172414,4.486567164179105,4.854054054054053,21.52631578947368,19.0,49.05448717948718,245.7499999999998,17.79999999999998,4.948656716417911,18.474999999999994,57.99999999999963,59.0,0,0,0,0
27,48.07607283342119,82.75968,345.0827954190512,115.11808,22.507233488775245,68.149248,14.861566317605352,529.260544,39.43964359819488,239.079424,43.1796762550113,252.243968,3.962025316455696,45.4954954954955,2.7288135593220337,2.5873015873015874,2.972972972972973,8.020833333333332,8.103448275862068,36.97674418604652,94.33734939759036,4.762711864406779,4.568253968253969,4.854054054054053,21.52631578947368,19.0,49.22093023255815,245.7499999999998,9.062500000000004,6.100000000000017,18.474999999999994,57.99999999999963,59.0,0,0,0,0
28,56.1450170305585,82.75968,340.95271566674245,115.003392,22.507233488775245,68.149248,12.787674382763011,529.260544,36.523717643523135,239.079424,43.1796762550113,252.243968,3.962025316455696,45.4954954954955,2.7288135593220337,2.5873015873015874,2.972972972972973,8.020833333333332,8.103448275862068,36.97674418604652,94.33734939759036,4.762711864406779,4.568253968253969,4.854054054054053,21.52631578947368,19.0,49.22093023255815,245.7499999999998,9.062500000000004,6.100000000000017,18.474999999999994,57.99999999999963,59.0,0,0,0,0
29,56.1450170305585,82.75968,362.3811490799902,115.003392,22.507233488775245,68.149248,21.42929251644893,267.063296,36.523717643523135,239.079424,43.1796762550113,252.243968,3.962025316455696,43.0045871559633,2.7288135593220337,2.5873015873015874,2.975903614457831,7.976190476190476,8.58108108108108,36.97674418604652,90.6179775280899,4.762711864406779,4.568253968253969,4.710843373493976,22.40909090909091,22.825000000000017,49.22093023255815,237.78571428571396,9.062500000000004,6.100000000000017,8.499999999999986,78.00000000000006,45.68749999999997,0,0,0,0
30,55.431686541737214,82.763776,362.3811490799902,115.003392,18.52351236225157,68.149248,21.42929251644893,267.063296,35.58718988977933,239.058944,43.13923917169248,252.239872,4.053254437869823,43.0045871559633,2.258064516129032,2.666666666666667,2.975903614457831,7.976190476190476,8.58108108108108,38.6842105263158,90.6179775280899,4.70967741935484,4.727272727272727,4.710843373493976,22.40909090909091,22.825000000000017,48.868421052631575,237.78571428571396,26.2500000000001,8.937499999999995,8.499999999999986,78.00000000000006,45.68749999999997,0,0,0,0
31,55.39207048457981,82.763776,362.3811490799902,115.003392,24.2476249307715,68.173824,23.923373852975725,267.063296,36.08352688549094,239.058944,43.13923917169248,252.239872,4.053254437869823,43.0045871559633,2.258064516129032,2.666666666666667,2.975903614457831,7.976190476190476,8.58108108108108,38.6842105263158,90.6179775280899,4.70967741935484,4.727272727272727,4.710843373493976,22.40909090909091,22.825000000000017,48.868421052631575,237.78571428571396,26.2500000000001,8.937499999999995,8.499999999999986,78.00000000000006,45.68749999999997,0,0,0,0
32,55.39207048457981,82.763776,365.11110904665776,115.204096,24.2476249307715,68.173824,21.974837009912576,267.051008,36.08352688549094,239.058944,43.13923917169248,252.239872,4.053254437869823,43.503937007874015,2.258064516129032,2.666666666666667,2.848484848484848,7.172131147540984,7.0212765957446805,38.6842105263158,89.4736842105263,4.70967741935484,4.727272727272727,4.812121212121211,14.038461538461542,18.57142857142857,48.868421052631575,228.99999999999957,26.2500000000001,8.937499999999995,59.49999999999997,23.903846153846157,42.5,0,0,0,0
33,55.490687063285286,82.75968,352.3778654318912,115.204096,24.984308384651264,68.173824,21.974837009912576,267.051008,36.47945896241769,239.058944,43.63800341073247,252.280832,4.056818181818182,43.503937007874015,1.9836065573770492,2.527272727272728,2.848484848484848,7.172131147540984,7.0212765957446805,39.492187500000014,89.4736842105263,4.501639344262294,4.796363636363637,4.812121212121211,14.038461538461542,18.57142857142857,48.94921874999999,228.99999999999957,7.599999999999984,9.22,59.49999999999997,23.903846153846157,42.5,0,0,0,0
34,55.490687063285286,82.75968,358.2163315948858,115.171328,25.87591732958381,68.841472,21.974837009912576,267.051008,35.10167676098743,239.210496,43.63800341073247,252.280832,4.056818181818182,43.503937007874015,1.9836065573770492,2.527272727272728,2.848484848484848,7.172131147540984,7.0212765957446805,39.492187500000014,89.4736842105263,4.501639344262294,4.796363636363637,4.812121212121211,14.038461538461542,18.57142857142857,48.94921874999999,228.99999999999957,7.599999999999984,9.22,59.49999999999997,23.903846153846157,42.5,0,0,0,0
35,55.490687063285286,82.75968,358.2163315948858,115.171328,25.87591732958381,68.841472,12.755042880545592,267.063296,32.824046657691795,239.210496,43.63800341073247,252.280832,4.056818181818182,42.55952380952381,1.9836065573770492,2.527272727272728,2.903614457831325,7.295918367346939,8.91025641025641,39.492187500000014,90.28735632183908,4.501639344262294,4.796363636363637,4.889156626506024,18.65384615384616,22.36206896551725,48.94921874999999,209.6499999999996,7.599999999999984,9.22,19.84999999999998,42.91666666666666,43.250000000000014,0,0,0,0
36,55.653425712084406,82.75968,358.2163315948858,115.171328,26.77903452754686,68.841472,14.389026928987908,267.063296,32.824046657691795,239.210496,38.19673893960646,252.321792,3.909090909090909,42.55952380952381,2.483870967741935,2.9142857142857146,2.903614457831325,7.295918367346939,8.91025641025641,37.40740740740742,90.28735632183908,4.651612903225806,4.902857142857144,4.889156626506024,18.65384615384616,22.36206896551725,48.74074074074074,209.6499999999996,8.599999999999987,11.950000000000092,19.84999999999998,42.91666666666666,43.250000000000014,0,0,0,0
37,56.38717362121979,82.767872,375.7222392839872,115.273728,26.77903452754686,68.841472,16.023010977430232,267.063296,35.49861848680112,239.087616,38.19673893960646,252.321792,3.909090909090909,42.55952380952381,2.483870967741935,2.9142857142857146,2.903614457831325,7.295918367346939,8.91025641025641,37.40740740740742,90.28735632183908,4.651612903225806,4.902857142857144,4.889156626506024,18.65384615384616,22.36206896551725,48.74074074074074,209.6499999999996,8.599999999999987,11.950000000000092,19.84999999999998,42.91666666666666,43.250000000000014,0,0,0,0
38,56.38717362121979,82.767872,375.7222392839872,115.273728,26.91952315451656,68.898816,21.77891351786075,424.742912,35.49861848680112,239.087616,38.19673893960646,252.321792,3.909090909090909,47.43303571428571,2.483870967741935,2.9142857142857146,3.060606060606061,8.71951219512195,8.227272727272727,37.40740740740742,95.52631578947368,4.651612903225806,4.902857142857144,4.951515151515152,22.550000000000004,22.749999999999996,48.74074074074074,227.03124999999983,8.599999999999987,11.950000000000092,13.299999999999848,55.499999999999744,119.49999999999991,0,0,0,0
39,57.531250823778095,82.767872,375.7222392839872,115.273728,27.37807336880468,68.898816,21.77891351786075,424.742912,36.51969800181591,239.087616,44.09519955602739,514.609152,3.9518072289156634,47.43303571428571,2.645161290322581,3.057142857142857,3.060606060606061,8.71951219512195,8.227272727272727,36.68478260869565,95.52631578947368,4.683870967741935,4.885714285714286,4.951515151515152,22.550000000000004,22.749999999999996,48.66847826086956,227.03124999999983,13.150000000000016,60.00000000000027,13.299999999999848,55.499999999999744,119.49999999999991,0,0,0,0
40,57.531250823778095,82.767872,250.5575499999964,115.273728,25.408810201708658,68.97664,21.77891351786075,424.742912,36.51969800181591,239.087616,44.09519955602739,514.609152,3.9518072289156634,47.43303571428571,2.645161290322581,3.057142857142857,3.060606060606061,8.71951219512195,8.227272727272727,36.68478260869565,95.52631578947368,4.683870967741935,4.885714285714286,4.951515151515152,22.550000000000004,22.749999999999996,48.66847826086956,227.03124999999983,13.150000000000016,60.00000000000027,13.299999999999848,55.499999999999744,119.49999999999991,0,0,0,0
41,55.48126707895896,82.599936,355.92178640594665,115.290112,25.408810201708658,68.97664,23.473032361165604,528.678912,37.721579961464734,501.57568,44.09519955602739,514.609152,3.9518072289156634,45.18229166666666,2.645161290322581,3.057142857142857,3.2253521126760565,8.205128205128204,8.108108108108109,36.68478260869565,97.22972972972974,4.683870967741935,4.885714285714286,5.944444444444442,21.666666666666668,24.727272727272734,48.66847826086956,447.4999999999978,13.150000000000016,60.00000000000027,12.549999999999764,44.16666666666669,157.0000000000002,0,0,0,0
42,54.551135021650325,82.599936,355.92178640594665,115.290112,25.408810201708658,68.97664,23.473032361165604,528.678912,40.27121629059065,501.57568,38.74634205188902,514.609152,4.134751773049645,45.18229166666666,2.5737704918032787,2.791666666666667,3.2253521126760565,8.205128205128204,8.108108108108109,38.95,97.22972972972974,4.724590163934427,6.8333333333333535,5.944444444444442,21.666666666666668,24.727272727272734,48.895,447.4999999999978,12.700000000000005,65.50000000000006,12.549999999999764,44.16666666666669,157.0000000000002,0,0,0,0
43,54.551135021650325,82.599936,361.3817722172962,115.392512,24.890431145124968,68.173824,22.40378799334637,528.683008,40.27121629059065,501.57568,49.67028314368904,514.691072,4.134751773049645,45.18229166666666,2.5737704918032787,2.791666666666667,3.2253521126760565,8.205128205128204,8.108108108108109,38.95,97.22972972972974,4.724590163934427,6.8333333333333535,5.944444444444442,21.666666666666668,24.727272727272734,48.895,447.4999999999978,12.700000000000005,65.50000000000006,12.549999999999764,44.16666666666669,157.0000000000002,0,0,0,0
44,55.70934412382597,82.47296,357.430211886798,115.392512,24.890431145124968,68.173824,22.88003518484877,528.683008,40.27121629059065,501.57568,49.67028314368904,514.691072,4.134751773049645,44.20454545454545,2.5737704918032787,2.791666666666667,2.8205128205128207,7.346938775510204,7.0212765957446805,38.95,90.65,4.724590163934427,6.8333333333333535,4.687179487179487,19.692307692307697,18.842105263157897,48.895,214.21428571428552,12.700000000000005,65.50000000000006,11.349999999999856,44.625000000000014,37.74999999999992,0,0,0,0
45,43.509579391714695,82.47296,364.95691259095526,115.544064,24.890431145124968,68.173824,22.88003518484877,528.683008,39.78250211784236,501.59616,53.46115427303133,514.691072,3.918032786885246,44.20454545454545,2.333333333333333,2.154929577464789,2.8205128205128207,7.346938775510204,7.0212765957446805,39.05737704918032,90.65,4.592156862745098,4.611267605633802,4.687179487179487,19.692307692307697,18.842105263157897,48.905737704918025,214.21428571428552,8.199999999999992,16.82499999999997,11.349999999999856,44.625000000000014,37.74999999999992,0,0,0,0
46,54.47407601744208,82.47296,358.1929720513015,115.544064,24.05861912332512,68.575232,21.1234252118791,528.703488,39.41177246931474,501.59616,49.897103950901176,514.162688,3.918032786885246,44.20454545454545,2.333333333333333,2.154929577464789,2.8205128205128207,7.346938775510204,7.0212765957446805,39.05737704918032,90.65,4.592156862745098,4.611267605633802,4.687179487179487,19.692307692307697,18.842105263157897,48.905737704918025,214.21428571428552,8.199999999999992,16.82499999999997,11.349999999999856,44.625000000000014,37.74999999999992,0,0,0,0
47,56.2945045488047,82.47296,358.1929720513015,115.544064,24.05861912332512,68.575232,19.21366563257445,528.703488,39.41177246931474,501.59616,49.897103950901176,514.162688,3.918032786885246,40.64814814814815,2.333333333333333,2.154929577464789,2.7910447761194037,7.857142857142858,7.21311475409836,39.05737704918032,88.33333333333334,4.592156862745098,4.611267605633802,4.797014925373135,20.0,17.124999999999993,48.905737704918025,201.16666666666623,8.199999999999992,16.82499999999997,9.160000000000004,115.0000000000008,36.99999999999996,0,0,0,0
48,56.2945045488047,82.47296,360.1264051596937,115.724288,24.05861912332512,68.575232,16.53437333140537,528.703488,38.8827227555253,501.600256,48.23978858923987,514.162688,4.075268817204302,40.64814814814815,2.7349397590361444,2.476923076923077,2.7910447761194037,7.857142857142858,7.21311475409836,39.85294117647061,88.33333333333334,4.701204819277108,4.593846153846155,4.797014925373135,20.0,17.124999999999993,49.316176470588246,201.16666666666623,9.966666666666647,12.10000000000006,9.160000000000004,115.0000000000008,36.99999999999996,0,0,0,0
49,49.76504017957236,82.47296,323.77586877180875,115.724288,24.26929421572597,69.025792,18.47990848510147,528.703488,38.33252239005343,501.600256,46.20132492490125,514.162688,4.075268817204302,40.64814814814815,2.7349397590361444,2.476923076923077,2.7910447761194037,7.857142857142858,7.21311475409836,39.85294117647061,88.33333333333334,4.701204819277108,4.593846153846155,4.797014925373135,20.0,17.124999999999993,49.316176470588246,201.16666666666623,9.966666666666647,12.10000000000006,9.160000000000004,115.0000000000008,36.99999999999996,0,0,0,0
50,59.256146553105374,82.47296,378.3729890144299,115.724288,25.55283917276621,69.025792,16.896426645754406,528.703488,38.33252239005343,501.600256,46.20132492490124,514.162688,4.075268817204302,45.87053571428572,2.7349397590361444,2.476923076923077,2.92,7.916666666666667,7.447916666666666,39.85294117647061,94.7159090909091,4.701204819277108,4.593846153846155,4.754666666666667,22.375,20.772727272727277,49.316176470588246,245.03846153846155,9.966666666666647,12.10000000000006,56.99999999999992,45.75,59.49999999999997,0,0,0,0
51,45.70895694801229,82.47296,314.53095540688963,115.724288,25.55283917276621,69.025792,16.896426645754406,528.703488,38.33252239005343,501.600256,42.01020016627059,514.162688,4.006060606060606,45.87053571428572,2.492063492063492,2.2413793103448274,2.92,7.916666666666667,7.447916666666666,38.981481481481495,94.7159090909091,4.65079365079365,4.668965517241379,4.754666666666667,22.375,20.772727272727277,49.31481481481484,245.03846153846155,8.583333333333337,8.899999999999991,56.99999999999992,45.75,59.49999999999997,0,0,0,0
52,40.77094473525352,82.47296,376.0547587779956,114.270208,25.913435625489026,68.513792,13.72956694715543,528.703488,37.914057737134485,239.099904,51.13450461470024,251.916288,4.006060606060606,45.87053571428572,2.492063492063492,2.2413793103448274,2.92,7.916666666666667,7.447916666666666,38.981481481481495,94.7159090909091,4.65079365079365,4.668965517241379,4.754666666666667,22.375,20.772727272727277,49.31481481481484,245.03846153846155,8.583333333333337,8.899999999999991,56.99999999999992,45.75,59.49999999999997,0,0,0,0
53,56.406747931162144,82.47296,374.6004254679093,114.270208,25.91343562548902,68.513792,19.931057218799324,266.38336,37.42253405771503,239.099904,51.13450461470024,251.916288,4.006060606060606,44.30894308943088,2.492063492063492,2.2413793103448274,3.181818181818182,7.5,7.8125,38.981481481481495,91.33333333333334,4.65079365079365,4.668965517241379,4.927272727272728,19.0,20.714285714285715,49.31481481481484,239.5000000000004,8.583333333333337,8.899999999999991,32.00000000000004,38.50000000000001,275.00000000000165,0,0,0,0
54,56.406747931162144,82.47296,374.6004254679093,114.270208,25.91343562548902,68.513792,19.931057218799324,266.38336,37.42253405771503,239.099904,49.10972438019261,251.953152,3.852272727272728,44.30894308943088,2.0847457627118646,2.5942028985507246,3.181818181818182,7.5,7.8125,36.92708333333334,91.33333333333334,4.52542372881356,4.704347826086957,4.927272727272728,19.0,20.714285714285715,48.69270833333333,239.5000000000004,11.5000000000001,11.35000000000001,32.00000000000004,38.50000000000001,275.00000000000165,0,0,0,0
55,56.406747931162144,82.47296,368.95578251372393,114.270208,26.274344383968067,68.210688,21.411632852463494,266.38336,37.42253405771503,239.099904,51.7224158799328,251.953152,3.852272727272728,44.30894308943088,2.0847457627118646,2.5942028985507246,3.181818181818182,7.5,7.8125,36.92708333333334,91.33333333333334,4.52542372881356,4.704347826086957,4.927272727272728,19.0,20.714285714285715,48.69270833333333,239.5000000000004,11.5000000000001,11.35000000000001,32.00000000000004,38.50000000000001,275.00000000000165,0,0,0,0
56,56.15838426194807,82.468864,376.08071529301,114.532352,26.274344383968064,68.210688,20.55716801820021,266.399744,37.18422056339559,239.112192,51.7224158799328,251.953152,3.852272727272728,42.82945736434109,2.0847457627118646,2.5942028985507246,3.219178082191781,7.5,7.76595744680851,36.92708333333334,89.46808510638299,4.52542372881356,4.704347826086957,6.625,17.676470588235293,21.166666666666668,48.69270833333333,197.87499999999997,11.5000000000001,11.35000000000001,11.35,53.5,78.5000000000001,0,0,0,0
57,56.15838426194807,82.468864,380.224751610433,114.532352,22.73241679242925,68.210688,20.55716801820021,266.399744,36.88585405625755,239.112192,48.10473558135211,251.928576,3.978947368421053,42.82945736434109,2.0357142857142856,2.288135593220339,3.219178082191781,7.5,7.76595744680851,39.16666666666667,89.46808510638299,4.5214285714285705,4.728813559322035,6.625,17.676470588235293,21.166666666666668,49.273809523809526,197.87499999999997,7.824999999999998,11.49999999999984,11.35,53.5,78.5000000000001,0,0,0,0
58,56.53356662180433,82.47296,380.2491751119516,114.434048,26.11614296512302,68.378624,22.22062870448641,266.399744,36.88585405625755,239.112192,50.56601789818509,251.928576,3.978947368421053,42.82945736434109,2.0357142857142856,2.288135593220339,3.219178082191781,7.5,7.76595744680851,39.16666666666667,89.46808510638299,4.5214285714285705,4.728813559322035,6.625,17.676470588235293,21.166666666666668,49.273809523809526,197.87499999999997,7.824999999999998,11.49999999999984,11.35,53.5,78.5000000000001,0,0,0,0
59,38.664508037661065,82.47296,380.2491751119516,114.434048,26.11614296512302,68.378624,22.22062870448641,266.399744,36.88585405625755,239.112192,50.56601789818508,251.928576,3.978947368421053,40.74074074074074,2.0357142857142856,2.288135593220339,2.846153846153846,7.205882352941176,6.954545454545455,39.16666666666667,86.49484536082475,4.5214285714285705,4.728813559322035,4.674725274725274,17.099999999999998,17.214285714285715,49.273809523809526,136.75000000000074,7.824999999999998,11.49999999999984,9.899999999999997,27.749999999999684,24.221428571428568,0,0,0,0
60,43.55166627510946,82.47296,320.9614688076237,114.434048,26.12316690095637,67.964928,22.22062870448641,266.399744,35.256368869877235,239.112192,41.61864195342289,251.928576,3.8516746411483256,40.74074074074074,2.536231884057971,2.342857142857143,2.846153846153846,7.205882352941176,6.954545454545455,39.507042253521135,86.49484536082475,4.739130434782609,4.651428571428572,4.674725274725274,17.099999999999998,17.214285714285715,48.95070422535211,136.75000000000074,9.05,8.73750000000001,9.899999999999997,27.749999999999684,24.221428571428568,0,0,0,0
61,49.07425478817973,82.47296,383.9945835994234,114.66752,25.575423748303734,67.964928,14.159353392869058,266.399744,35.256368869877235,239.112192,29.425139084149063,251.928576,3.8516746411483256,40.74074074074074,2.536231884057971,2.342857142857143,2.846153846153846,7.205882352941176,6.954545454545455,39.507042253521135,86.49484536082475,4.739130434782609,4.651428571428572,4.674725274725274,17.099999999999998,17.214285714285715,48.95070422535211,136.75000000000074,9.05,8.73750000000001,9.899999999999997,27.749999999999684,24.221428571428568,0,0,0,0
62,59.10464066878786,82.47296,383.9945835994234,114.66752,25.575423748303734,67.964928,19.666134610269403,371.757056,35.256368869877235,239.112192,42.18683351901822,358.207488,3.8516746411483256,42.47881355932204,2.536231884057971,2.342857142857143,2.5294117647058822,6.9907407407407405,7.142857142857143,39.507042253521135,87.40566037735849,4.739130434782609,4.651428571428572,4.741176470588236,16.970588235294123,19.88235294117648,48.95070422535211,99.58962264150944,9.05,8.73750000000001,17.949999999999953,24.99117647058824,43.87500000000002,0,0,0,0
63,59.10464066878786,82.47296,383.9945835994234,114.66752,25.575423748303734,67.964928,19.666134610269403,371.757056,35.256368869877235,239.112192,42.18683351901822,358.207488,3.974358974358974,42.47881355932204,2.45945945945946,2.130434782608696,2.5294117647058822,6.9907407407407405,7.142857142857143,40.35714285714285,87.40566037735849,4.621621621621621,4.611594202898552,4.741176470588236,16.970588235294123,19.88235294117648,49.678571428571416,99.58962264150944,10.0000000000002,16.97500000000001,17.949999999999953,24.99117647058824,43.87500000000002,0,0,0,0
64,50.5577812689663,82.47296,379.1780385009724,114.311168,26.068189392760974,68.120576,20.9272945015269,529.129472,25.19985353331878,239.112192,44.19923592436128,514.56,3.974358974358974,42.47881355932204,2.45945945945946,2.130434782608696,2.5294117647058822,6.9907407407407405,7.142857142857143,40.35714285714285,87.40566037735849,4.621621621621621,4.611594202898552,4.741176470588236,16.970588235294123,19.88235294117648,49.678571428571416,99.58962264150944,10.0000000000002,16.97500000000001,17.949999999999953,24.99117647058824,43.87500000000002,0,0,0,0
65,59.41699627076578,82.509824,379.1780385009724,114.311168,26.06818939276097,68.120576,21.904083570749663,529.129472,38.21582102004624,500.740096,44.19923592436128,514.56,3.974358974358974,40.6496062992126,2.45945945945946,2.130434782608696,2.6533333333333333,6.826923076923077,7.063492063492063,40.35714285714285,87.5,4.621621621621621,4.611594202898552,4.616,15.812499999999996,15.812499999999996,49.678571428571416,176.24999999999957,10.0000000000002,16.97500000000001,7.700000000000005,24.08125,24.925000000000004,0,0,0,0
66,59.41699627076578,82.509824,379.1607533459365,114.46272,26.06818939276097,68.120576,21.904083570749663,529.129472,38.21582102004624,500.740096,47.11512362070184,514.56,3.95049504950495,40.6496062992126,2.555555555555556,2.305555555555556,2.6533333333333333,6.826923076923077,7.063492063492063,40.324675324675326,87.5,4.669135802469135,4.638888888888889,4.616,15.812499999999996,15.812499999999996,49.032467532467535,176.24999999999957,8.662499999999994,17.12499999999998,7.700000000000005,24.08125,24.925000000000004,0,0,0,0
67,59.46446141420016,82.522112,379.1607533459365,114.46272,20.92187419374368,68.120576,20.091146908992005,529.108992,38.27480137427573,500.862976,47.11512362070184,514.56,3.95049504950495,40.6496062992126,2.555555555555556,2.305555555555556,2.6533333333333333,6.826923076923077,7.063492063492063,40.324675324675326,87.5,4.669135802469135,4.638888888888889,4.616,15.812499999999996,15.812499999999996,49.032467532467535,176.24999999999957,8.662499999999994,17.12499999999998,7.700000000000005,24.08125,24.925000000000004,0,0,0,0
68,59.81089824481133,82.522112,378.7463570816213,114.46272,26.529026597907123,67.813376,13.763490228536003,529.108992,40.51964136668462,500.862976,45.35019610829779,514.588672,3.95049504950495,41.50763358778626,2.555555555555556,2.305555555555556,3.0,6.886792452830189,7.009803921568627,40.324675324675326,87.86458333333334,4.669135802469135,4.638888888888889,4.791044776119403,18.040000000000003,16.617647058823533,49.032467532467535,192.1000000000008,8.662499999999994,17.12499999999998,9.062499999999996,24.304,24.16176470588235,0,0,0,0
69,59.81089824481133,82.522112,319.832361237575,114.46272,26.529026597907123,67.813376,15.132389661714123,529.137664,40.51964136668462,500.862976,35.53502948031584,514.588672,3.949494949494949,41.50763358778626,2.436619718309859,2.216216216216216,3.0,6.886792452830189,7.009803921568627,39.26470588235294,87.86458333333334,4.577464788732394,4.486486486486487,4.791044776119403,18.040000000000003,16.617647058823533,48.92647058823529,192.1000000000008,7.625,4.9972972972972975,9.062499999999996,24.304,24.16176470588235,0,0,0,0
70,59.70560142825399,82.51392,379.583735446458,114.335744,26.6495185927664,67.813376,16.764072483951768,529.137664,38.625923398106416,500.711424,37.53916674213306,514.592768,3.949494949494949,41.50763358778626,2.436619718309859,2.216216216216216,3.0,6.886792452830189,7.009803921568627,39.26470588235294,87.86458333333334,4.577464788732394,4.486486486486487,4.791044776119403,18.040000000000003,16.617647058823533,48.92647058823529,192.1000000000008,7.625,4.9972972972972975,9.062499999999996,24.304,24.16176470588235,0,0,0,0
71,59.70560142825399,82.51392,379.5837354464581,114.335744,25.64494414729127,68.161536,19.58019386685172,529.137664,38.625923398106416,500.711424,43.76767106532036,514.592768,3.949494949494949,42.11538461538461,2.436619718309859,2.216216216216216,2.703703703703704,7.5,7.241379310344827,39.26470588235294,88.24742268041237,4.577464788732394,4.486486486486487,4.777777777777779,19.44117647058823,17.5,48.92647058823529,178.00000000000037,7.625,4.9972972972972975,9.949999999999989,58.49999999999922,37.5,0,0,0,0
72,59.70560142825399,82.51392,379.5837354464581,114.335744,25.021186118916,68.161536,19.136396722596405,529.14176,20.439550000000395,500.711424,43.76767106532036,514.592768,3.9435897435897433,42.11538461538461,2.4722222222222223,2.710144927536232,2.703703703703704,7.5,7.241379310344827,38.42741935483871,88.24742268041237,4.53888888888889,4.773913043478261,4.777777777777779,19.44117647058823,17.5,48.84274193548387,178.00000000000037,5.35000000000001,9.109999999999996,9.949999999999989,58.49999999999922,37.5,0,0,0,0
73,48.77282808576774,82.51392,383.6074198326889,114.42176,25.021186118916,68.161536,19.136396722596405,529.14176,29.53746722302872,238.555136,42.9538914382882,514.60096,3.9435897435897433,42.11538461538461,2.4722222222222223,2.710144927536232,2.703703703703704,7.5,7.241379310344827,38.42741935483871,88.24742268041237,4.53888888888889,4.773913043478261,4.777777777777779,19.44117647058823,17.5,48.84274193548387,178.00000000000037,5.35000000000001,9.109999999999996,9.949999999999989,58.49999999999922,37.5,0,0,0,0
74,59.5490570246068,82.51392,383.6074198326889,114.42176,25.021186118916,68.161536,17.205863017702303,529.14176,35.4553609068338,238.555136,40.82067943456428,514.60096,3.9435897435897433,41.47286821705427,2.4722222222222223,2.710144927536232,2.9799999999999995,7.346938775510204,7.544642857142857,38.42741935483871,87.89473684210526,4.53888888888889,4.773913043478261,4.724,18.40000000000001,18.08333333333333,48.84274193548387,177.50000000000014,5.35000000000001,9.109999999999996,9.849999999999994,39.25000000000005,26.74999999999996,0,0,0,0
75,59.5490570246068,82.51392,383.6074198326889,114.42176,24.623393203798493,68.096,14.501722674150692,529.14176,35.4553609068338,238.555136,40.82067943456428,514.60096,3.93467336683417,41.47286821705427,2.4181818181818184,2.6338028169014085,2.9799999999999995,7.346938775510204,7.544642857142857,40.13513513513514,87.89473684210526,4.832727272727274,4.661971830985915,4.724,18.40000000000001,18.08333333333333,49.01351351351352,177.50000000000014,12.550000000000022,11.49999999999988,9.849999999999994,39.25000000000005,26.74999999999996,0,0,0,0
76,49.2859424604631,82.51392,384.875156890638,114.42176,23.781816716369352,68.096,19.542863738431723,266.489856,35.4553609068338,238.555136,40.91098305084646,252.06784,3.93467336683417,41.47286821705427,2.4181818181818184,2.6338028169014085,2.9799999999999995,7.346938775510204,7.544642857142857,40.13513513513514,87.89473684210526,4.832727272727274,4.661971830985915,4.724,18.40000000000001,18.08333333333333,49.01351351351352,177.50000000000014,12.550000000000022,11.49999999999988,9.849999999999994,39.25000000000005,26.74999999999996,0,0,0,0
77,59.89285642560041,82.522112,387.0845049187769,114.429952,23.781816716369352,68.096,19.542863738431723,266.489856,33.25274487426733,238.534656,40.91098305084646,252.06784,3.93467336683417,44.84126984126984,2.4181818181818184,2.6338028169014085,2.831325301204819,7.96875,7.552083333333334,40.13513513513514,90.1904761904762,4.832727272727274,4.661971830985915,4.759036144578313,19.5625,20.750000000000007,49.01351351351352,190.85714285714263,12.550000000000022,11.49999999999988,8.999999999999993,24.45625,44.31249999999999,0,0,0,0
78,59.89285642560041,82.522112,389.6549320700239,114.429952,24.39910229684319,67.936256,19.542863738431723,266.489856,33.25274487426733,238.534656,40.91098305084646,252.06784,3.7897435897435896,44.84126984126984,2.73134328358209,2.5616438356164384,2.831325301204819,7.96875,7.552083333333334,37.40740740740741,90.1904761904762,4.689552238805971,4.731506849315069,4.759036144578313,19.5625,20.750000000000007,48.74074074074075,190.85714285714263,8.633333333333336,17.575000000000045,8.999999999999993,24.45625,44.31249999999999,0,0,0,0
79,59.183693919377504,82.509824,389.6549320700239,114.429952,24.39910229684319,67.936256,19.869737887212093,266.489856,33.31119091933777,238.534656,40.91098305084646,252.06784,3.7897435897435896,44.84126984126984,2.73134328358209,2.5616438356164384,2.831325301204819,7.96875,7.552083333333334,37.40740740740741,90.1904761904762,4.689552238805971,4.731506849315069,4.759036144578313,19.5625,20.750000000000007,48.74074074074075,190.85714285714263,8.633333333333336,17.575000000000045,8.999999999999993,24.45625,44.31249999999999,0,0,0,0
80,59.18369391937752,82.509824,383.2070873623581,114.40128,24.732179951332583,67.936256,18.34073693426225,266.493952,32.42607190924746,238.555136,42.556803681624274,252.071936,3.7897435897435896,43.35317460317461,2.73134328358209,2.5616438356164384,2.971830985915493,8.125,7.5,37.40740740740741,89.83870967741937,4.689552238805971,4.731506849315069,4.819718309859155,21.666666666666664,19.250000000000007,48.74074074074075,199.56250000000043,8.633333333333336,17.575000000000045,12.699999999999912,44.99999999999997,36.000000000000085,0,0,0,0
81,59.18369391937752,82.509824,383.2070873623581,114.40128,24.732179951332583,67.936256,18.49393095475932,266.493952,32.42607190924746,238.555136,42.556803681624274,252.071936,3.909090909090909,43.35317460317461,2.344827586206897,2.068493150684932,2.971830985915493,8.125,7.5,39.083333333333336,89.83870967741937,4.689655172413794,4.545205479452055,4.819718309859155,21.666666666666664,19.250000000000007,49.28333333333335,199.56250000000043,18.624999999999982,8.116666666666674,12.699999999999912,44.99999999999997,36.000000000000085,0,0,0,0
82,58.42737380868443,82.509824,380.5459842473587,114.40128,19.29584069653009,67.936256,18.49393095475932,266.493952,30.633244647939204,238.555136,43.392212458941714,252.071936,3.909090909090909,43.35317460317461,2.344827586206897,2.068493150684932,2.971830985915493,8.125,7.5,39.083333333333336,89.83870967741937,4.689655172413794,4.545205479452055,4.819718309859155,21.666666666666664,19.250000000000007,49.28333333333335,199.56250000000043,18.624999999999982,8.116666666666674,12.699999999999912,44.99999999999997,36.000000000000085,0,0,0,0
83,58.42737380868443,82.509824,383.3621787698126,114.56512,26.087351245246477,68.079616,18.398761977130327,266.5472,31.21372475278072,238.546944,43.392212458941714,252.071936,3.909090909090909,43.98854961832061,2.344827586206897,2.068493150684932,3.023529411764706,7.790697674418604,7.596153846153846,39.083333333333336,88.88349514563106,4.689655172413794,4.545205479452055,4.792941176470588,20.950000000000006,19.68181818181818,49.28333333333335,166.3000000000001,18.624999999999982,8.116666666666674,10.899999999999972,43.00000000000004,37.74999999999993,0,0,0,0
84,58.42737380868443,82.509824,383.3621787698126,114.56512,26.087351245246477,68.079616,16.753367785390143,266.5472,31.21372475278072,238.546944,32.433690003321225,252.071936,3.8958333333333335,43.98854961832061,2.5151515151515147,2.8421052631578947,3.023529411764706,7.790697674418604,7.596153846153846,37.36363636363637,88.88349514563106,4.696969696969696,4.821052631578947,4.792941176470588,20.950000000000006,19.68181818181818,48.73636363636365,166.3000000000001,18.25000000000001,17.94999999999999,10.899999999999972,43.00000000000004,37.74999999999993,0,0,0,0
85,47.47932564215204,82.51392,378.8763228755677,114.56512,26.087351245246477,68.079616,16.753367785390143,266.5472,20.91307499999857,238.546944,29.182867134957423,252.071936,3.8958333333333335,43.98854961832061,2.5151515151515147,2.8421052631578947,3.023529411764706,7.790697674418604,7.596153846153846,37.36363636363637,88.88349514563106,4.696969696969696,4.821052631578947,4.792941176470588,20.950000000000006,19.68181818181818,48.73636363636365,166.3000000000001,18.25000000000001,17.94999999999999,10.899999999999972,43.00000000000004,37.74999999999993,0,0,0,0
86,58.15951230617724,82.51392,378.8763228755677,114.56512,26.087351245246477,68.079616,16.753367785390143,266.5472,36.89125711802853,501.772288,45.5870130926248,514.351104,3.8958333333333335,42.429577464788736,2.5151515151515147,2.8421052631578947,2.929411764705882,7.453703703703703,7.5,37.36363636363637,87.55319148936172,4.696969696969696,4.821052631578947,4.736470588235294,17.657894736842103,18.20588235294118,48.73636363636365,164.8,18.25000000000001,17.94999999999999,10.599999999999856,24.265789473684208,37.87500000000004,0,0,0,0
87,58.15951230617724,82.51392,375.9489245719027,114.458624,26.252335314812346,68.079616,20.781182022637637,529.014784,36.89125711802853,501.772288,45.5870130926248,514.351104,3.946808510638298,42.429577464788736,2.516129032258064,2.571428571428572,2.929411764705882,7.453703703703703,7.5,39.46721311475411,87.55319148936172,4.761290322580645,4.651428571428571,4.736470588235294,17.657894736842103,18.20588235294118,49.68442622950821,164.8,9.130000000000004,8.483333333333324,10.599999999999856,24.265789473684208,37.87500000000004,0,0,0,0
88,58.88392031757135,82.518016,375.9489245719027,114.458624,26.252335314812346,68.079616,23.50530856934742,529.014784,36.89125711802854,501.772288,43.4537248655268,514.363392,3.946808510638298,42.429577464788736,2.516129032258064,2.571428571428572,2.929411764705882,7.453703703703703,7.5,39.46721311475411,87.55319148936172,4.761290322580645,4.651428571428571,4.736470588235294,17.657894736842103,18.20588235294118,49.68442622950821,164.8,9.130000000000004,8.483333333333324,10.599999999999856,24.265789473684208,37.87500000000004,0,0,0,0
89,59.44102793296351,82.518016,379.328286876245,114.458624,25.81532904391004,68.337664,23.50530856934742,529.014784,38.66132819422238,501.88288,43.4537248655268,514.363392,3.946808510638298,42.5,2.516129032258064,2.571428571428572,2.793103448275862,7.892156862745098,7.432432432432432,39.46721311475411,89.5505617977528,4.761290322580645,4.651428571428571,4.705747126436782,20.96875,20.428571428571427,49.68442622950821,214.4285714285708,9.130000000000004,8.483333333333324,9.93333333333333,58.499999999999616,39.499999999999964,0,0,0,0
90,59.44102793296351,82.518016,377.1382567204073,114.405376,25.43514511873351,68.337664,23.50530856934742,529.014784,38.66132819422238,501.88288,43.4537248655268,514.363392,3.9100529100529102,42.5,2.0877192982456143,2.375,2.793103448275862,7.892156862745098,7.432432432432432,39.48412698412701,89.5505617977528,4.585964912280703,4.575000000000001,4.705747126436782,20.96875,20.428571428571427,49.30555555555556,214.4285714285708,27.749999999999957,7.800000000000018,9.93333333333333,58.499999999999616,39.499999999999964,0,0,0,0
91,59.59721334244527,82.55488,377.1382567204073,114.405376,24.71350277798697,67.719168,21.94297933000687,529.031168,38.66132819422238,501.88288,41.87105857875646,514.39616,3.9100529100529102,42.5,2.0877192982456143,2.375,2.793103448275862,7.892156862745098,7.432432432432432,39.48412698412701,89.5505617977528,4.585964912280703,4.575000000000001,4.705747126436782,20.96875,20.428571428571427,49.30555555555556,214.4285714285708,27.749999999999957,7.800000000000018,9.93333333333333,58.499999999999616,39.499999999999964,0,0,0,0
92,59.59721334244527,82.55488,371.8644699858137,114.405376,24.71350277798697,67.719168,23.48740404925079,529.031168,41.05259569192668,501.88288,22.328482983728467,514.39616,3.9100529100529102,39.77272727272727,2.0877192982456143,2.375,3.022988505747126,5.923913043478262,6.011904761904761,39.48412698412701,87.57281553398059,4.585964912280703,4.575000000000001,4.825287356321839,9.967391304347828,16.099999999999994,49.30555555555556,158.1999999999994,27.749999999999957,7.800000000000018,17.649999999999984,26.75000000000029,25.24999999999997,0,0,0,0
93,59.59721334244527,82.55488,368.1334666533385,114.835456,24.71350277798697,67.719168,23.48740404925079,529.031168,36.956322876998655,501.911552,20.823500000000195,514.39616,4.009803921568627,39.77272727272727,2.0,2.1428571428571432,3.022988505747126,5.923913043478262,6.011904761904761,41.278409090909086,87.57281553398059,4.457142857142857,4.611428571428572,4.825287356321839,9.967391304347828,16.099999999999994,49.12784090909091,158.1999999999994,5.699999999999984,9.866666666666651,17.649999999999984,26.75000000000029,25.24999999999997,0,0,0,0
94,59.1653378228128,82.55488,368.1334666533385,114.835456,24.41508440801577,67.54304,23.487404049250785,529.031168,36.956322876998655,501.911552,31.048162822943425,514.453504,4.009803921568627,39.77272727272727,2.0,2.1428571428571432,3.022988505747126,5.923913043478262,6.011904761904761,41.278409090909086,87.57281553398059,4.457142857142857,4.611428571428572,4.825287356321839,9.967391304347828,16.099999999999994,49.12784090909091,158.1999999999994,5.699999999999984,9.866666666666651,17.649999999999984,26.75000000000029,25.24999999999997,0,0,0,0
95,58.42077450584566,82.55488,300.80126162718136,114.556928,15.36119744943252,67.54304,18.244324352960703,529.031168,32.49726128793355,501.927936,38.61525014772515,514.453504,4.009803921568627,39.20940170940171,2.0,2.1428571428571432,2.7777777777777777,5.511363636363637,5.797872340425532,41.278409090909086,86.98019801980196,4.457142857142857,4.611428571428572,4.591111111111111,12.318181818181818,15.735294117647069,49.12784090909091,156.1000000000001,5.699999999999984,9.866666666666651,4.999111111111111,24.95909090909092,24.86764705882353,0,0,0,0
96,58.42077450584566,82.55488,366.9252727185362,114.556928,17.193521955916506,68.038656,18.2443243529607,529.031168,32.497261287933554,501.927936,38.61525014772515,514.453504,4.054726368159204,39.20940170940171,1.985507246376812,1.8823529411764703,2.7777777777777777,5.511363636363637,5.797872340425532,41.26470588235296,86.98019801980196,4.489855072463769,4.423529411764705,4.591111111111111,12.318181818181818,15.735294117647069,49.39117647058824,156.1000000000001,7.300000000000013,4.99529411764706,4.999111111111111,24.95909090909092,24.86764705882353,0,0,0,0
97,57.36374617015787,82.55488,366.9252727185362,114.556928,19.12484308293559,68.038656,19.51645902388838,266.665984,32.497261287933554,501.927936,37.91802358225767,514.469888,4.054726368159204,39.20940170940171,1.985507246376812,1.8823529411764703,2.7777777777777777,5.511363636363637,5.797872340425532,41.26470588235296,86.98019801980196,4.489855072463769,4.423529411764705,4.591111111111111,12.318181818181818,15.735294117647069,49.39117647058824,156.1000000000001,7.300000000000013,4.99529411764706,4.999111111111111,24.95909090909092,24.86764705882353,0,0,0,0
98,56.37444327475911,82.59584,313.7414929117218,114.556928,23.17585352422902,68.038656,19.51645902388838,266.665984,30.891798156538496,501.927936,38.558105432949176,514.469888,4.054726368159204,39.793577981651374,1.985507246376812,1.8823529411764703,2.8390804597701145,4.959183673469388,6.813725490196078,41.26470588235296,88.72448979591834,4.489855072463769,4.423529411764705,4.935632183908046,10.750000000000034,15.035714285714285,49.39117647058824,193.56249999999977,7.300000000000013,4.99529411764706,19.300000000000008,51.50000000000065,24.003571428571437,0,0,0,0
99,56.37444327475911,82.59584,359.0857425651401,114.499584,18.89385707614411,68.038656,19.80378801457865,266.665984,31.900206483170383,239.681536,38.558105432949176,514.469888,3.910798122065728,39.793577981651374,1.5454545454545454,1.807017543859649,2.8390804597701145,4.959183673469388,6.813725490196078,40.773809523809526,88.72448979591834,4.483636363636364,4.3614035087719305,4.935632183908046,10.750000000000034,15.035714285714285,49.07738095238095,193.56249999999977,8.316666666666677,4.936140350877192,19.300000000000008,51.50000000000065,24.003571428571437,0,0,0,0
100,55.77881434234507,82.59584,359.0857425651401,114.499584,23.05139743756611,68.501504,18.707286940113946,266.67008,31.900206483170383,239.681536,40.79721826417939,252.338176,3.910798122065728,39.793577981651374,1.5454545454545454,1.807017543859649,2.8390804597701145,4.959183673469388,6.813725490196078,40.773809523809526,88.72448979591834,4.483636363636364,4.3614035087719305,4.935632183908046,10.750000000000034,15.035714285714285,49.07738095238095,193.56249999999977,8.316666666666677,4.936140350877192,19.300000000000008,51.50000000000065,24.003571428571437,0,0,0,0
101,55.87395101900883,82.59584,359.08574256514004,114.499584,23.090159104301826,68.501504,18.707286940113946,266.67008,33.10936999294807,239.681536,40.79721826417939,252.338176,3.910798122065728,37.37980769230769,1.5454545454545454,1.807017543859649,2.4936708860759493,6.057692307692308,6.479591836734694,40.773809523809526,86.75,4.483636363636364,4.3614035087719305,4.5797468354430375,9.903846153846152,18.035714285714285,49.07738095238095,155.50000000000026,8.316666666666677,4.936140350877192,7.425000000000004,25.0,43.43749999999997,0,0,0,0
102,55.87395101900883,82.59584,360.0127081314388,114.753536,22.758461594573003,67.866624,18.707286940113946,266.67008,32.14633522908634,239.702016,40.79721826417939,252.338176,4.019607843137255,37.37980769230769,1.7586206896551722,2.243243243243243,2.4936708860759493,6.057692307692308,6.479591836734694,40.83333333333334,86.75,4.406896551724138,4.491891891891892,4.5797468354430375,9.903846153846152,18.035714285714285,49.083333333333336,155.50000000000026,5.199999999999947,4.997837837837838,7.425000000000004,25.0,43.43749999999997,0,0,0,0
103,46.299543677410135,82.59584,360.0127081314388,114.753536,22.50841401289268,67.866624,19.220960049849047,266.67008,32.14633522908634,239.702016,34.07104552675723,252.338176,4.019607843137255,37.37980769230769,1.7586206896551722,2.243243243243243,2.4936708860759493,6.057692307692308,6.479591836734694,40.83333333333334,86.75,4.406896551724138,4.491891891891892,4.5797468354430375,9.903846153846152,18.035714285714285,49.083333333333336,155.50000000000026,5.199999999999947,4.997837837837838,7.425000000000004,25.0,43.43749999999997,0,0,0,0
104,55.55053191489541,82.591744,360.0127081314388,114.753536,22.50841401289268,67.866624,19.220960049849047,266.67008,32.14633522908634,239.702016,37.72847751664534,252.432384,4.019607843137255,38.92857142857143,1.7586206896551722,2.243243243243243,2.8532110091743124,5.526315789473685,6.595744680851064,40.83333333333334,87.14953271028038,4.406896551724138,4.491891891891892,4.746788990825689,12.727272727272728,16.461538461538453,49.083333333333336,131.8749999999991,5.199999999999947,4.997837837837838,9.710000000000024,23.77272727272727,38.24999999999992,0,0,0,0
105,55.55053191489541,82.591744,357.5621687845425,114.753536,22.50891881378868,68.5056,18.96231122784078,266.678272,32.04348734230189,239.693824,37.72847751664534,252.432384,4.057142857142857,38.92857142857143,0.4947916666666667,1.5714285714285716,2.8532110091743124,5.526315789473685,6.595744680851064,41.64062500000001,87.14953271028038,4.260869565217392,4.371428571428572,4.746788990825689,12.727272727272728,16.461538461538453,49.1640625,131.8749999999991,10.75,5.1,9.710000000000024,23.77272727272727,38.24999999999992,0,0,0,0
106,55.597781871913845,82.604032,360.7786874617959,114.683904,22.367423885380397,68.5056,18.96231122784078,266.678272,32.04348734230189,239.693824,37.49832056155565,252.432384,4.057142857142857,38.92857142857143,0.4947916666666667,1.5714285714285716,2.8532110091743124,5.526315789473685,6.595744680851064,41.64062500000001,87.14953271028038,4.260869565217392,4.371428571428572,4.746788990825689,12.727272727272728,16.461538461538453,49.1640625,131.8749999999991,10.75,5.1,9.710000000000024,23.77272727272727,38.24999999999992,0,0,0,0
107,56.14592699840045,82.604032,364.2463274247577,114.683904,22.367423885380397,68.5056,17.505031120331157,266.678272,26.276349693435503,239.69792,37.49832056155565,252.432384,4.057142857142857,39.07766990291263,0.4947916666666667,1.5714285714285716,2.6923076923076925,6.5625,6.011904761904762,41.64062500000001,87.9611650485437,4.260869565217392,4.371428571428572,4.573626373626373,15.884615384615396,15.30000000000001,49.1640625,173.0000000000008,10.75,5.1,4.996923076923077,40.91666666666666,24.03,0,0,0,0
108,56.14592699840045,82.604032,364.2463274247577,114.683904,23.41657390521767,67.776512,14.577217415282888,266.678272,31.68423201633461,239.69792,37.49832056155565,252.432384,3.9661835748792273,39.07766990291263,2.324675324675325,2.242424242424242,2.6923076923076925,6.5625,6.011904761904762,41.054216867469904,87.9611650485437,4.631168831168832,4.73939393939394,4.573626373626373,15.884615384615396,15.30000000000001,49.37650602409639,173.0000000000008,9.81666666666667,9.970000000000002,4.996923076923077,40.91666666666666,24.03,0,0,0,0
109,56.13787448870349,82.59584,364.2463274247577,114.683904,23.41657390521767,67.776512,17.04916540886102,266.674176,31.68423201633461,239.69792,35.16634159262182,252.43648,3.9661835748792273,39.07766990291263,2.324675324675325,2.242424242424242,2.6923076923076925,6.5625,6.011904761904762,41.054216867469904,87.9611650485437,4.631168831168832,4.73939393939394,4.573626373626373,15.884615384615396,15.30000000000001,49.37650602409639,173.0000000000008,9.81666666666667,9.970000000000002,4.996923076923077,40.91666666666666,24.03,0,0,0,0
110,56.144723080290255,82.59584,365.10106226567575,114.688,23.41657390521767,67.776512,17.04916540886102,266.674176,26.80177987437305,239.69792,35.16634159262182,252.43648,3.9661835748792273,40.06410256410256,2.324675324675325,2.242424242424242,2.5675675675675675,5.797872340425532,5.918367346938775,41.054216867469904,86.29807692307692,4.631168831168832,4.73939393939394,4.556756756756757,13.4090909090909,13.000000000000004,49.37650602409639,99.4951923076923,9.81666666666667,9.970000000000002,5.400000000000019,36.87499999999999,24.92499999999999,0,0,0,0
111,56.144723080290255,82.59584,366.6929390307476,114.688,19.349180063919988,67.776512,20.540675844805115,528.703488,24.579513970421143,239.69792,35.16634159262182,252.43648,3.932038834951456,40.06410256410256,1.6451612903225803,2.0,2.5675675675675675,5.797872340425532,5.918367346938775,41.1875,86.29807692307692,4.380645161290323,4.55,4.556756756756757,13.4090909090909,13.000000000000004,49.68124999999999,99.4951923076923,4.996129032258064,9.949999999999978,5.400000000000019,36.87499999999999,24.92499999999999,0,0,0,0
112,56.42581385642634,82.366464,367.7534100296241,114.679808,18.119522893465867,67.776512,21.316713342667757,528.703488,21.865854435393363,239.69792,33.102444051360635,513.777664,3.932038834951456,40.06410256410256,1.6451612903225803,2.0,2.5675675675675675,5.797872340425532,5.918367346938775,41.1875,86.29807692307692,4.380645161290323,4.55,4.556756756756757,13.4090909090909,13.000000000000004,49.68124999999999,99.4951923076923,4.996129032258064,9.949999999999978,5.400000000000019,36.87499999999999,24.92499999999999,0,0,0,0
113,56.43512419459015,82.366464,367.7534100296241,114.679808,23.689611832638008,68.038656,21.316713342667757,528.703488,36.46967083912874,502.304768,39.669907418716406,513.777664,3.932038834951456,38.0787037037037,1.6451612903225803,2.0,2.583333333333333,6.029411764705882,5.638297872340425,41.1875,85.89622641509433,4.380645161290323,4.55,4.616666666666667,10.954545454545457,9.72340425531915,49.68124999999999,99.438679245283,4.996129032258064,9.949999999999978,7.966666666666682,23.595454545454544,22.942857142857136,0,0,0,0
114,56.43512419459015,82.366464,302.87102519516617,114.679808,24.039663603505375,68.038656,17.272695969193208,528.703488,38.09271957244944,502.304768,39.669907418716406,513.777664,3.9493087557603688,38.0787037037037,2.0,1.9090909090909087,2.583333333333333,6.029411764705882,5.638297872340425,41.11111111111112,85.89622641509433,4.649999999999999,4.381818181818181,4.616666666666667,10.954545454545457,9.72340425531915,49.11111111111111,99.438679245283,8.939999999999998,4.938181818181818,7.966666666666682,23.595454545454544,22.942857142857136,0,0,0,0
115,57.12225982551463,82.210816,367.77193903212,114.601984,24.039663603505375,68.038656,16.635290025749367,528.703488,38.09271957244944,502.304768,32.73814206823209,513.777664,3.9493087557603688,38.0787037037037,2.0,1.9090909090909087,2.583333333333333,6.029411764705882,5.638297872340425,41.11111111111112,85.89622641509433,4.649999999999999,4.381818181818181,4.616666666666667,10.954545454545457,9.72340425531915,49.11111111111111,99.438679245283,8.939999999999998,4.938181818181818,7.966666666666682,23.595454545454544,22.942857142857136,0,0,0,0
116,57.40849673202563,82.210816,367.77193903212,114.601984,24.039663603505375,68.038656,19.763830457585453,528.826368,38.09271957244944,502.304768,39.90247410817148,513.769472,3.9493087557603688,38.77314814814815,2.0,1.9090909090909087,2.788235294117647,6.25,5.8125,41.11111111111112,86.84466019417475,4.649999999999999,4.381818181818181,4.670588235294118,13.750000000000004,15.045454545454549,49.11111111111111,133.3750000000005,8.939999999999998,4.938181818181818,10.0,47.49999999999995,38.375,0,0,0,0
117,57.40849673202565,82.210816,367.77193903212,114.601984,23.82767058823527,68.427776,22.05851020015691,528.826368,40.07766401483728,502.304768,39.90247410817148,513.769472,4.004878048780489,38.77314814814815,1.7575757575757571,1.163265306122449,2.788235294117647,6.25,5.8125,41.33720930232559,86.84466019417475,4.642424242424243,4.3632653061224485,4.670588235294118,13.750000000000004,15.045454545454549,49.395348837209326,133.3750000000005,19.05,7.549999999999994,10.0,47.49999999999995,38.375,0,0,0,0
118,57.98427174595907,82.210816,302.1672280870138,114.561024,23.82767058823527,68.427776,22.058510200156903,528.826368,39.74263689913301,502.304768,40.59565978701054,513.769472,4.004878048780489,38.77314814814815,1.7575757575757571,1.163265306122449,2.788235294117647,6.25,5.8125,41.33720930232559,86.84466019417475,4.642424242424243,4.3632653061224485,4.670588235294118,13.750000000000004,15.045454545454549,49.395348837209326,133.3750000000005,19.05,7.549999999999994,10.0,47.49999999999995,38.375,0,0,0,0
119,46.6287769279098,82.210816,369.55069035434747,114.561024,23.82767058823527,68.427776,22.058510200156903,528.826368,39.39446854261698,502.304768,80.57287437818171,564.1216,4.004878048780489,42.68018018018017,1.7575757575757571,1.163265306122449,2.616438356164384,6.777777777777778,6.568627450980393,41.33720930232559,92.21590909090908,4.642424242424243,4.3632653061224485,4.61095890410959,20.411764705882355,14.250000000000009,49.395348837209326,240.8636363636358,19.05,7.549999999999994,7.725000000000001,49.87499999999996,25.99999999999993,0,0,0,0
120,41.79675428241321,82.210816,369.55069035434747,114.561024,14.415833333333694,68.427776,17.132201499247696,528.826368,39.39446854261698,502.304768,80.57287437818171,564.1216,3.977011494252874,42.68018018018017,2.4482758620689653,2.4705882352941173,2.616438356164384,6.777777777777778,6.568627450980393,39.20833333333334,92.21590909090908,4.820689655172414,4.541176470588235,4.61095890410959,20.411764705882355,14.250000000000009,48.92083333333333,240.8636363636358,18.54999999999997,5.599999999999928,7.725000000000001,49.87499999999996,25.99999999999993,0,0,0,0
