"@timestamp","process.args","kubernetes.labels.app","kubernetes.pod.name"
"2023-08-22 05:11:55","/usr/bin/containerd-shim-runc-v2, -namespace, moby, -id, e2dd3bdf32c6bd08e334beed3a6a9de855e52faab0e90f440594f7ba0b668776, -address, /var/run/desktop-containerd/containerd.sock",checkoutservice,"checkoutservice-6d6f4d7cc7-jkzgt"
"2023-08-22 05:11:55","/usr/bin/containerd-shim-runc-v2, -namespace, moby, -id, 9af0e9966d15307af1a435dad5c9ed6e5286f7ab693f5955355380b8524c06eb, -address, /var/run/desktop-containerd/containerd.sock",checkoutservice,"checkoutservice-6d6f4d7cc7-jkzgt"
"2023-08-22 05:11:54","/usr/bin/containerd-shim-runc-v2, -namespace, moby, -id, 9af0e9966d15307af1a435dad5c9ed6e5286f7ab693f5955355380b8524c06eb, -address, /var/run/desktop-containerd/containerd.sock",checkoutservice,"checkoutservice-6d6f4d7cc7-jkzgt"
"2023-08-22 05:11:54","runc, --root, /var/run/docker/runtime-runc/moby, --log, /var/run/desktop-containerd/daemon/io.containerd.runtime.v2.task/moby/96901df08ebbf3f57a12b48e7bdc7f12b697d2b01e6eaa82a59d1cf67d4dcee5/log.json, --log-format, json, create, --bundle, /var/run/desktop-containerd/daemon/io.containerd.runtime.v2.task/moby/96901df08ebbf3f57a12b48e7bdc7f12b697d2b01e6eaa82a59d1cf67d4dcee5, --pid-file, /var/run/desktop-containerd/daemon/io.containerd.runtime.v2.task/moby/96901df08ebbf3f57a12b48e7bdc7f12b697d2b01e6eaa82a59d1cf67d4dcee5/init.pid, 96901df08ebbf3f57a12b48e7bdc7f12b697d2b01e6eaa82a59d1cf67d4dcee5",checkoutservice,"checkoutservice-6d6f4d7cc7-jkzgt"
"2023-08-22 05:11:37","/usr/bin/containerd-shim-runc-v2, -namespace, moby, -id, c9a4c685df2789806e9cac5a53538913a005fd58d71df9ed7afaaef3062daa9f, -address, /var/run/desktop-containerd/containerd.sock",paymentservice,"paymentservice-78549bfd9c-zc8jm"
"2023-08-22 05:11:21","/usr/bin/containerd-shim-runc-v2, -namespace, moby, -id, 619eef3c9829f9db09012081bde982036e20968e05209438345c875ba61a3578, -address, /var/run/desktop-containerd/containerd.sock",shippingservice,"shippingservice-7ccdfd8767-zlxq5"
"2023-08-22 05:11:21","/usr/bin/containerd-shim-runc-v2, -namespace, moby, -id, 9a0139af5232f68a748391c5a3cdda395b3551ee5b531de085b6701864c10fb7, -address, /var/run/desktop-containerd/containerd.sock",shippingservice,"shippingservice-7ccdfd8767-zlxq5"
"2023-08-22 05:11:20","runc, init",adservice,"adservice-76b448fddf-h9ghr"
"2023-08-22 05:11:20","/usr/bin/containerd-shim-runc-v2, -namespace, moby, -id, dc907f94e5ba7392df9748e233a757bc2e4f83cc5eaced89e84087ab9fa17797, -address, /var/run/desktop-containerd/containerd.sock",adservice,"adservice-76b448fddf-h9ghr"
"2023-08-22 05:10:52","/usr/bin/containerd-shim-runc-v2, -namespace, moby, -id, 0499c550895f81884e07b5268675128c897f8c355bb537aa75ee5186e28c8a6a, -address, /var/run/desktop-containerd/containerd.sock",currencyservice,"currencyservice-ccbc788bc-dzj7f"
"2023-08-22 05:10:49","runc, --root, /var/run/docker/runtime-runc/moby, --log, /var/run/desktop-containerd/daemon/io.containerd.runtime.v2.task/moby/c21750897cf59390ed9a3982b9bb40609640b4e68768bcd87c5d4772a21bae23/log.json, --log-format, json, create, --bundle, /var/run/desktop-containerd/daemon/io.containerd.runtime.v2.task/moby/c21750897cf59390ed9a3982b9bb40609640b4e68768bcd87c5d4772a21bae23, --pid-file, /var/run/desktop-containerd/daemon/io.containerd.runtime.v2.task/moby/c21750897cf59390ed9a3982b9bb40609640b4e68768bcd87c5d4772a21bae23/init.pid, c21750897cf59390ed9a3982b9bb40609640b4e68768bcd87c5d4772a21bae23",frontend,"frontend-846c85c54c-2dpvf"
"2023-08-22 05:10:14","/usr/bin/containerd-shim-runc-v2, -namespace, moby, -id, 44599aa6a0f7610d5a94d4b7d07f37a9bd052e310b4659e15770a11cc048f0fb, -address, /var/run/desktop-containerd/containerd.sock",productcatalogservice,"productcatalogservice-6b5dd45849-52szd"
"2023-08-22 05:10:13","/usr/bin/containerd-shim-runc-v2, -namespace, moby, -id, d4356d06e27ea87f1935e3eb57a4265e7a1e04b4444c0ea34f9f1be312409612, -address, /var/run/desktop-containerd/containerd.sock",productcatalogservice,"productcatalogservice-6b5dd45849-52szd"
"2023-08-22 05:10:13","runc, init",productcatalogservice,"productcatalogservice-6b5dd45849-52szd"
"2023-08-22 05:10:13","/usr/bin/containerd-shim-runc-v2, -namespace, moby, -id, f6c892d7363c8ea3619b92352ce0e75030913dd0c641dce80fc356f31ebed15a, -address, /var/run/desktop-containerd/containerd.sock",productcatalogservice,"productcatalogservice-6b5dd45849-52szd"
"2023-08-22 05:10:09","/usr/bin/containerd-shim-runc-v2, -namespace, moby, -id, 0499c550895f81884e07b5268675128c897f8c355bb537aa75ee5186e28c8a6a, -address, /var/run/desktop-containerd/containerd.sock",emailservice,"emailservice-9f8578d69-r6rx8"
"2023-08-22 05:10:09","runc, --version",emailservice,"emailservice-9f8578d69-r6rx8"
"2023-08-22 05:09:38","runc, init",adservice,"adservice-76b448fddf-h9ghr"
"2023-08-22 05:09:38","/usr/bin/containerd-shim-runc-v2, -namespace, moby, -id, f255a657472434dbd47464bf157b6d462fe29c4e4bbb69549aac1e6bda4ec0c6, -address, /var/run/desktop-containerd/containerd.sock",adservice,"adservice-76b448fddf-h9ghr"
"2023-08-22 05:09:38","/usr/bin/containerd-shim-runc-v2, -namespace, moby, -id, 8133abac4d435e9d785ffd9102b6c24bc3d5b0870771c69f9bd890fa9656dd79, -address, /var/run/desktop-containerd/containerd.sock",adservice,"adservice-76b448fddf-h9ghr"
"2023-08-22 05:09:38","/usr/bin/containerd-shim-runc-v2, -namespace, moby, -id, dd21551c1eaa967873abbf89d2ace8bc3288405ab551ca1d00b22d0730c106bc, -address, /var/run/desktop-containerd/containerd.sock",adservice,"adservice-76b448fddf-h9ghr"
"2023-08-22 05:09:01","runc, --root, /var/run/docker/runtime-runc/moby, --log, /var/run/desktop-containerd/daemon/io.containerd.runtime.v2.task/moby/f255a657472434dbd47464bf157b6d462fe29c4e4bbb69549aac1e6bda4ec0c6/log.json, --log-format, json, create, --bundle, /var/run/desktop-containerd/daemon/io.containerd.runtime.v2.task/moby/f255a657472434dbd47464bf157b6d462fe29c4e4bbb69549aac1e6bda4ec0c6, --pid-file, /var/run/desktop-containerd/daemon/io.containerd.runtime.v2.task/moby/f255a657472434dbd47464bf157b6d462fe29c4e4bbb69549aac1e6bda4ec0c6/init.pid, f255a657472434dbd47464bf157b6d462fe29c4e4bbb69549aac1e6bda4ec0c6",emailservice,"emailservice-9f8578d69-r6rx8"
"2023-08-22 05:09:00","runc, --root, /var/run/docker/runtime-runc/moby, --log, /var/run/desktop-containerd/daemon/io.containerd.runtime.v2.task/moby/f255a657472434dbd47464bf157b6d462fe29c4e4bbb69549aac1e6bda4ec0c6/log.json, --log-format, json, create, --bundle, /var/run/desktop-containerd/daemon/io.containerd.runtime.v2.task/moby/f255a657472434dbd47464bf157b6d462fe29c4e4bbb69549aac1e6bda4ec0c6, --pid-file, /var/run/desktop-containerd/daemon/io.containerd.runtime.v2.task/moby/f255a657472434dbd47464bf157b6d462fe29c4e4bbb69549aac1e6bda4ec0c6/init.pid, f255a657472434dbd47464bf157b6d462fe29c4e4bbb69549aac1e6bda4ec0c6",cartservice,"cartservice-6969c94d94-4wphs"
"2023-08-22 05:09:00","runc, init",cartservice,"cartservice-6969c94d94-4wphs"
"2023-08-22 05:09:00","/usr/bin/containerd-shim-runc-v2, -namespace, moby, -id, f255a657472434dbd47464bf157b6d462fe29c4e4bbb69549aac1e6bda4ec0c6, -address, /var/run/desktop-containerd/containerd.sock",cartservice,"cartservice-6969c94d94-4wphs"
"2023-08-22 05:08:28","/usr/bin/containerd-shim-runc-v2, -namespace, moby, -id, 2ddc7783cf0ec5c05efdfdb76d5c17ae248c4d3ef4da2eefc79201441501500f, -address, /var/run/desktop-containerd/containerd.sock",adservice,"adservice-76b448fddf-h9ghr"
"2023-08-22 05:08:28","runc, init",adservice,"adservice-76b448fddf-h9ghr"
"2023-08-22 05:08:28","/usr/bin/containerd-shim-runc-v2, -namespace, moby, -id, d9531ecb738ec0dcc0895d48f7066e8211a946e269f8922a1268f4c27dc2b6f7, -address, /var/run/desktop-containerd/containerd.sock",adservice,"adservice-76b448fddf-h9ghr"
"2023-08-22 05:08:28","/usr/bin/containerd-shim-runc-v2, -namespace, moby, -id, 04f8ba92d77a62aeddb39fd26ff5ac22099a0f5a49afdc6b993324c0e5243d9a, -address, /var/run/desktop-containerd/containerd.sock",adservice,"adservice-76b448fddf-h9ghr"
"2023-08-22 05:08:24","runc, --root, /var/run/docker/runtime-runc/moby, --log, /var/run/desktop-containerd/daemon/io.containerd.runtime.v2.task/moby/fd5eb961f3ed4b8e6502006b4a4a22506f9ceeb8363c4a1bb27e9327e94444eb/log.json, --log-format, json, create, --bundle, /var/run/desktop-containerd/daemon/io.containerd.runtime.v2.task/moby/fd5eb961f3ed4b8e6502006b4a4a22506f9ceeb8363c4a1bb27e9327e94444eb, --pid-file, /var/run/desktop-containerd/daemon/io.containerd.runtime.v2.task/moby/fd5eb961f3ed4b8e6502006b4a4a22506f9ceeb8363c4a1bb27e9327e94444eb/init.pid, fd5eb961f3ed4b8e6502006b4a4a22506f9ceeb8363c4a1bb27e9327e94444eb",recommendationservice,"recommendationservice-cc746f6c7-5zvng"
"2023-08-22 05:08:23","runc, --root, /var/run/docker/runtime-runc/moby, --log, /var/run/desktop-containerd/daemon/io.containerd.runtime.v2.task/moby/fd5eb961f3ed4b8e6502006b4a4a22506f9ceeb8363c4a1bb27e9327e94444eb/log.json, --log-format, json, create, --bundle, /var/run/desktop-containerd/daemon/io.containerd.runtime.v2.task/moby/fd5eb961f3ed4b8e6502006b4a4a22506f9ceeb8363c4a1bb27e9327e94444eb, --pid-file, /var/run/desktop-containerd/daemon/io.containerd.runtime.v2.task/moby/fd5eb961f3ed4b8e6502006b4a4a22506f9ceeb8363c4a1bb27e9327e94444eb/init.pid, fd5eb961f3ed4b8e6502006b4a4a22506f9ceeb8363c4a1bb27e9327e94444eb",emailservice,"emailservice-9f8578d69-r6rx8"
"2023-08-22 05:08:23","/usr/bin/containerd-shim-runc-v2, -namespace, moby, -id, fd5eb961f3ed4b8e6502006b4a4a22506f9ceeb8363c4a1bb27e9327e94444eb, -address, /var/run/desktop-containerd/containerd.sock",emailservice,"emailservice-9f8578d69-r6rx8"
"2023-08-22 05:08:23","runc, init",emailservice,"emailservice-9f8578d69-r6rx8"
"2023-08-22 05:07:50","/usr/bin/containerd-shim-runc-v2, -namespace, moby, -id, 04f8ba92d77a62aeddb39fd26ff5ac22099a0f5a49afdc6b993324c0e5243d9a, -address, /var/run/desktop-containerd/containerd.sock",emailservice,"emailservice-9f8578d69-r6rx8"
"2023-08-22 05:07:50","/usr/bin/containerd-shim-runc-v2, -namespace, moby, -id, 2ddc7783cf0ec5c05efdfdb76d5c17ae248c4d3ef4da2eefc79201441501500f, -address, /var/run/desktop-containerd/containerd.sock",emailservice,"emailservice-9f8578d69-r6rx8"
"2023-08-22 05:07:14","runc, --root, /var/run/docker/runtime-runc/moby, --log, /var/run/desktop-containerd/daemon/io.containerd.runtime.v2.task/moby/ec85a4116282b69a68228df32be2cc78ad58af20a0ebd36dd41ee4dc9da5d827/log.json, --log-format, json, create, --bundle, /var/run/desktop-containerd/daemon/io.containerd.runtime.v2.task/moby/ec85a4116282b69a68228df32be2cc78ad58af20a0ebd36dd41ee4dc9da5d827, --pid-file, /var/run/desktop-containerd/daemon/io.containerd.runtime.v2.task/moby/ec85a4116282b69a68228df32be2cc78ad58af20a0ebd36dd41ee4dc9da5d827/init.pid, ec85a4116282b69a68228df32be2cc78ad58af20a0ebd36dd41ee4dc9da5d827",shippingservice,"shippingservice-7ccdfd8767-zlxq5"
"2023-08-22 05:07:13","/usr/bin/containerd-shim-runc-v2, -namespace, moby, -id, ec85a4116282b69a68228df32be2cc78ad58af20a0ebd36dd41ee4dc9da5d827, -address, /var/run/desktop-containerd/containerd.sock",adservice,"adservice-76b448fddf-h9ghr"
"2023-08-22 05:07:13","runc, init",adservice,"adservice-76b448fddf-h9ghr"
"2023-08-22 05:07:13","runc, --root, /var/run/docker/runtime-runc/moby, --log, /var/run/desktop-containerd/daemon/io.containerd.runtime.v2.task/moby/ec85a4116282b69a68228df32be2cc78ad58af20a0ebd36dd41ee4dc9da5d827/log.json, --log-format, json, create, --bundle, /var/run/desktop-containerd/daemon/io.containerd.runtime.v2.task/moby/ec85a4116282b69a68228df32be2cc78ad58af20a0ebd36dd41ee4dc9da5d827, --pid-file, /var/run/desktop-containerd/daemon/io.containerd.runtime.v2.task/moby/ec85a4116282b69a68228df32be2cc78ad58af20a0ebd36dd41ee4dc9da5d827/init.pid, ec85a4116282b69a68228df32be2cc78ad58af20a0ebd36dd41ee4dc9da5d827",adservice,"adservice-76b448fddf-h9ghr"
"2023-08-22 05:06:43","/usr/bin/containerd-shim-runc-v2, -namespace, moby, -id, f775c4be8137f7e1e36cd0c0c483ae2165f4a60a303b973a45fe4bc4c58f7e7d, -address, /var/run/desktop-containerd/containerd.sock",shippingservice,"shippingservice-7ccdfd8767-zlxq5"
"2023-08-22 05:06:43","/usr/bin/containerd-shim-runc-v2, -namespace, moby, -id, 90cf78a6ab43c4ab3c68756cdc01bc011b684755853db8cc636e74e7875bd465, -address, /var/run/desktop-containerd/containerd.sock",shippingservice,"shippingservice-7ccdfd8767-zlxq5"
"2023-08-22 05:06:43","runc, init",shippingservice,"shippingservice-7ccdfd8767-zlxq5"
"2023-08-22 05:06:43","/usr/bin/containerd-shim-runc-v2, -namespace, moby, -id, c638dd6392d3cf1965c652c55cba2244255557db21c82132a6d2e6be0ae0be49, -address, /var/run/desktop-containerd/containerd.sock",shippingservice,"shippingservice-7ccdfd8767-zlxq5"
"2023-08-22 05:06:08","/usr/bin/containerd-shim-runc-v2, -namespace, moby, -id, da2072f0747febd92a09649419e30bdacd8dc8549cddff76426529272487fa10, -address, /var/run/desktop-containerd/containerd.sock",paymentservice,"paymentservice-78549bfd9c-gcpdm"
"2023-08-22 05:06:08","/usr/bin/containerd-shim-runc-v2, -namespace, moby, -id, a345d5b3be84ce9d14c2cc05f93a2936fcba1fe92a793b381d8699f14a064e08, -address, /var/run/desktop-containerd/containerd.sock",paymentservice,"paymentservice-78549bfd9c-gcpdm"
"2023-08-22 05:06:08","/usr/bin/containerd-shim-runc-v2, -namespace, moby, -id, 232684c9257f5d23c18471a263d3779f2089fc3713cd05d3b32f0b42f582d6f4, -address, /var/run/desktop-containerd/containerd.sock",paymentservice,"paymentservice-78549bfd9c-gcpdm"
"2023-08-22 05:06:06","/usr/bin/containerd-shim-runc-v2, -namespace, moby, -id, 90cf78a6ab43c4ab3c68756cdc01bc011b684755853db8cc636e74e7875bd465, -address, /var/run/desktop-containerd/containerd.sock",paymentservice,"paymentservice-78549bfd9c-gcpdm"
"2023-08-22 05:05:54","/usr/bin/containerd-shim-runc-v2, -namespace, services.linuxkit, -id, acpid, -address, /run/containerd/containerd.sock",emailservice,"emailservice-9f8578d69-r6rx8"
"2023-08-22 05:05:54","/usr/bin/containerd-shim-runc-v2, -namespace, services.linuxkit, -id, allowlist, -address, /run/containerd/containerd.sock",emailservice,"emailservice-9f8578d69-r6rx8"
"2023-08-22 05:05:54","/usr/bin/containerd-shim-runc-v2, -namespace, services.linuxkit, -id, binfmt, -address, /run/containerd/containerd.sock",emailservice,"emailservice-9f8578d69-r6rx8"
"2023-08-22 05:05:54","/usr/bin/containerd-shim-runc-v2, -namespace, services.linuxkit, -id, devenv-service, -address, /run/containerd/containerd.sock",emailservice,"emailservice-9f8578d69-r6rx8"
"2023-08-22 05:05:54","/usr/bin/containerd-shim-runc-v2, -namespace, services.linuxkit, -id, dhcpcd, -address, /run/containerd/containerd.sock",emailservice,"emailservice-9f8578d69-r6rx8"
"2023-08-22 05:05:54","/usr/bin/containerd-shim-runc-v2, -namespace, services.linuxkit, -id, diagnose, -address, /run/containerd/containerd.sock",emailservice,"emailservice-9f8578d69-r6rx8"
"2023-08-22 05:05:54","/usr/bin/containerd-shim-runc-v2, -namespace, services.linuxkit, -id, dns-forwarder, -address, /run/containerd/containerd.sock",emailservice,"emailservice-9f8578d69-r6rx8"
"2023-08-22 05:05:54","/usr/bin/containerd-shim-runc-v2, -namespace, services.linuxkit, -id, docker, -address, /run/containerd/containerd.sock",emailservice,"emailservice-9f8578d69-r6rx8"
"2023-08-22 05:05:54","/usr/bin/containerd-shim-runc-v2, -namespace, services.linuxkit, -id, http-proxy, -address, /run/containerd/containerd.sock",emailservice,"emailservice-9f8578d69-r6rx8"
"2023-08-22 05:05:54","/usr/bin/containerd-shim-runc-v2, -namespace, services.linuxkit, -id, kmsg, -address, /run/containerd/containerd.sock",emailservice,"emailservice-9f8578d69-r6rx8"
"2023-08-22 05:05:54","/usr/bin/containerd-shim-runc-v2, -namespace, services.linuxkit, -id, sntpc, -address, /run/containerd/containerd.sock",emailservice,"emailservice-9f8578d69-r6rx8"
"2023-08-22 05:05:54","/usr/bin/containerd-shim-runc-v2, -namespace, services.linuxkit, -id, socks, -address, /run/containerd/containerd.sock",emailservice,"emailservice-9f8578d69-r6rx8"
"2023-08-22 05:05:54","/usr/bin/containerd-shim-runc-v2, -namespace, services.linuxkit, -id, trim-after-delete, -address, /run/containerd/containerd.sock",emailservice,"emailservice-9f8578d69-r6rx8"
"2023-08-22 05:05:54","/usr/bin/containerd-shim-runc-v2, -namespace, services.linuxkit, -id, volume-contents, -address, /run/containerd/containerd.sock",emailservice,"emailservice-9f8578d69-r6rx8"
"2023-08-22 05:05:54","/usr/bin/containerd-shim-runc-v2, -namespace, services.linuxkit, -id, vpnkit-forwarder, -address, /run/containerd/containerd.sock",emailservice,"emailservice-9f8578d69-r6rx8"
"2023-08-22 05:05:54","/usr/bin/containerd-shim-runc-v2, -namespace, moby, -id, 03a6cbbeeb15e7fef6bd1c4074733672fefb8e186ae4cf73c56775a07408ad7c, -address, /var/run/desktop-containerd/containerd.sock",emailservice,"emailservice-9f8578d69-r6rx8"
"2023-08-22 05:05:54","/usr/bin/containerd-shim-runc-v2, -namespace, moby, -id, 25b998cb4a5b3c0959e12d03a3da1b0ee97382b20f3ed9df1b7794a9cf0ac854, -address, /var/run/desktop-containerd/containerd.sock",emailservice,"emailservice-9f8578d69-r6rx8"
"2023-08-22 05:05:54","/usr/bin/containerd-shim-runc-v2, -namespace, moby, -id, ac94decbbb290d5e95cf74b103964049672d9a4d921c0cf29814cb9b150ac42d, -address, /var/run/desktop-containerd/containerd.sock",emailservice,"emailservice-9f8578d69-r6rx8"
"2023-08-22 05:05:54","/usr/bin/containerd-shim-runc-v2, -namespace, moby, -id, c46dbe65161720aff383feb7e180b039af7a59da129e6dc72974b51d6c9d82e1, -address, /var/run/desktop-containerd/containerd.sock",emailservice,"emailservice-9f8578d69-r6rx8"
"2023-08-22 05:05:54","/usr/bin/containerd-shim-runc-v2, -namespace, moby, -id, ad125a5929a7e6a47341d84d4ee671ff177a2c0f71a7316a786ef2a819d9ad6b, -address, /var/run/desktop-containerd/containerd.sock",emailservice,"emailservice-9f8578d69-r6rx8"
"2023-08-22 05:05:54","/usr/bin/containerd-shim-runc-v2, -namespace, moby, -id, d2ecdd1239d203b8756f84651f62b423b6209720c11b7e54a77e73cf6866ff2a, -address, /var/run/desktop-containerd/containerd.sock",emailservice,"emailservice-9f8578d69-r6rx8"
"2023-08-22 05:05:54","/usr/bin/containerd-shim-runc-v2, -namespace, moby, -id, 41629466e1e6ea89cddc2eaa551a0049eab497cb3c98309bd1ecca38f77df14d, -address, /var/run/desktop-containerd/containerd.sock",emailservice,"emailservice-9f8578d69-r6rx8"
"2023-08-22 05:05:54","/usr/bin/containerd-shim-runc-v2, -namespace, moby, -id, 8312de938e6cede7f33cfa8162ea58d2a4bd71bdfa02580eda200a7528322720, -address, /var/run/desktop-containerd/containerd.sock",emailservice,"emailservice-9f8578d69-r6rx8"
"2023-08-22 05:05:54","/usr/bin/containerd-shim-runc-v2, -namespace, moby, -id, b5fa268d1faf1d95a9d8bba92fee2f42fc5d06e62d072664f28bbb2978e3cb3d, -address, /var/run/desktop-containerd/containerd.sock",emailservice,"emailservice-9f8578d69-r6rx8"
"2023-08-22 05:05:54","/usr/bin/containerd-shim-runc-v2, -namespace, moby, -id, 3f824b4faabd596267fdda7c6bdf1cd2ccf53da9291f553fb61574fbc0955d6b, -address, /var/run/desktop-containerd/containerd.sock",emailservice,"emailservice-9f8578d69-r6rx8"
"2023-08-22 05:05:54","/usr/bin/containerd-shim-runc-v2, -namespace, moby, -id, aaac224309fb4b3af67aae30006922311515963da3f61e8432cc13aa67667a7b, -address, /var/run/desktop-containerd/containerd.sock",emailservice,"emailservice-9f8578d69-r6rx8"
"2023-08-22 05:05:54","/usr/bin/containerd-shim-runc-v2, -namespace, moby, -id, 026c34d109b62a059a2771fee084ab4101533b75b42c6cb9619669c798a4fe26, -address, /var/run/desktop-containerd/containerd.sock",emailservice,"emailservice-9f8578d69-r6rx8"
"2023-08-22 05:05:54","/usr/bin/containerd-shim-runc-v2, -namespace, moby, -id, ea5dc0a9eb01eae1c6f027896aed10615751549b46039118cb0add9fcc43a4e4, -address, /var/run/desktop-containerd/containerd.sock",emailservice,"emailservice-9f8578d69-r6rx8"
"2023-08-22 05:05:54","/usr/bin/containerd-shim-runc-v2, -namespace, moby, -id, 110871d2b9644bddc15fc744b83678b9dc8be3d5c9367ec3bc40988573cc46ee, -address, /var/run/desktop-containerd/containerd.sock",emailservice,"emailservice-9f8578d69-r6rx8"
"2023-08-22 05:05:54","/usr/bin/containerd-shim-runc-v2, -namespace, moby, -id, 0e1ca57c1ac12cc4e19a09e7717fb58424ae0666b7ed870920f1bc6e79291bb1, -address, /var/run/desktop-containerd/containerd.sock",emailservice,"emailservice-9f8578d69-r6rx8"
"2023-08-22 05:05:54","/usr/bin/containerd-shim-runc-v2, -namespace, moby, -id, b71ceb6d96bef1bc21c469f3c9526f0a4e4346fc92e9f9a4441ec2086576f3e8, -address, /var/run/desktop-containerd/containerd.sock",emailservice,"emailservice-9f8578d69-r6rx8"
"2023-08-22 05:05:54","/usr/bin/containerd-shim-runc-v2, -namespace, moby, -id, 55843e73fb5dd7a3fdb8ace0c47b3411a2d9637aa6c05824b7cd4bf3706b54d7, -address, /var/run/desktop-containerd/containerd.sock",emailservice,"emailservice-9f8578d69-r6rx8"
"2023-08-22 05:05:54","/usr/bin/containerd-shim-runc-v2, -namespace, moby, -id, 8f036b073cf89fc3ee4c911bb92d7881c5526d8e4ae632cc497bf85bcb617da1, -address, /var/run/desktop-containerd/containerd.sock",emailservice,"emailservice-9f8578d69-r6rx8"
"2023-08-22 05:05:54","/usr/bin/containerd-shim-runc-v2, -namespace, moby, -id, 62b03981ef6d99049435e355be4fcba8c60d701095a95f7fecf00f3d2238eeb9, -address, /var/run/desktop-containerd/containerd.sock",emailservice,"emailservice-9f8578d69-r6rx8"
"2023-08-22 05:05:54","/usr/bin/containerd-shim-runc-v2, -namespace, moby, -id, e926f928c42d7f279d2a810e332017e9077e226605cabc52fd1cbe948d887134, -address, /var/run/desktop-containerd/containerd.sock",emailservice,"emailservice-9f8578d69-r6rx8"
"2023-08-22 05:05:54","/usr/bin/containerd-shim-runc-v2, -namespace, moby, -id, 1bccf800a78178c090d8a939a071677783e3bdef1cf5792990bae9f12046e327, -address, /var/run/desktop-containerd/containerd.sock",emailservice,"emailservice-9f8578d69-r6rx8"
"2023-08-22 05:05:54","/usr/bin/containerd-shim-runc-v2, -namespace, moby, -id, 79fda0c75c098add334d4b2dc79813b80fb9bc86a098bcb5074523ca8b45c473, -address, /var/run/desktop-containerd/containerd.sock",emailservice,"emailservice-9f8578d69-r6rx8"
"2023-08-22 05:05:54","/usr/bin/containerd-shim-runc-v2, -namespace, moby, -id, 465445a58691fbd6eb61fae033f69a73b6c9df6f35ee93c56594456ea434ce6c, -address, /var/run/desktop-containerd/containerd.sock",emailservice,"emailservice-9f8578d69-r6rx8"
"2023-08-22 05:05:54","/usr/bin/containerd-shim-runc-v2, -namespace, moby, -id, b7b218889fa30b9b43ea20ee28c7beb16a163b7e5d613580086602fb13701aae, -address, /var/run/desktop-containerd/containerd.sock",emailservice,"emailservice-9f8578d69-r6rx8"
"2023-08-22 05:05:54","/usr/bin/containerd-shim-runc-v2, -namespace, moby, -id, 9166ae1cbd602507bfa20bfe3675de1a6008b275021b0369cfaa5a1f8b63649d, -address, /var/run/desktop-containerd/containerd.sock",emailservice,"emailservice-9f8578d69-r6rx8"
"2023-08-22 05:05:54","/usr/bin/containerd-shim-runc-v2, -namespace, moby, -id, c66e4a748619346ba47a18188dbafab2a5c72ec6586091b937d518ed4a3dc077, -address, /var/run/desktop-containerd/containerd.sock",emailservice,"emailservice-9f8578d69-r6rx8"
"2023-08-22 05:05:54","/usr/bin/containerd-shim-runc-v2, -namespace, moby, -id, 50844f6e958473f1fa576ec22dac9f86a79a45b044ce5b874e0870044c2474b0, -address, /var/run/desktop-containerd/containerd.sock",emailservice,"emailservice-9f8578d69-r6rx8"
"2023-08-22 05:05:54","/usr/bin/containerd-shim-runc-v2, -namespace, moby, -id, 6eeacd784597130a4402b54228bd17fcca2f175e6a5896366f7bcf2ca3e6f8d8, -address, /var/run/desktop-containerd/containerd.sock",emailservice,"emailservice-9f8578d69-r6rx8"
"2023-08-22 05:05:54","/usr/bin/containerd-shim-runc-v2, -namespace, moby, -id, d6884b7ae07ecf6b01b4b547b38c6488a95dafa9a825efefa090a84dddc4c1c8, -address, /var/run/desktop-containerd/containerd.sock",emailservice,"emailservice-9f8578d69-r6rx8"
"2023-08-22 05:05:54","/usr/bin/containerd-shim-runc-v2, -namespace, moby, -id, 2cd386eaf43968c8c97e4213e27db3138204287ea6cfc1d8ee1e72a5ef814e0d, -address, /var/run/desktop-containerd/containerd.sock",emailservice,"emailservice-9f8578d69-r6rx8"
"2023-08-22 05:05:54","/usr/bin/containerd-shim-runc-v2, -namespace, moby, -id, 4e90f014060ffd4e11b95323b558fc0a81bffeeabe4f643fb4725e758a198795, -address, /var/run/desktop-containerd/containerd.sock",emailservice,"emailservice-9f8578d69-r6rx8"
"2023-08-22 05:05:54","/usr/bin/containerd-shim-runc-v2, -namespace, moby, -id, c9cee748b5d4662702fa24f679aa127c1fb3fd33b4067d2e10c98ea229327ba6, -address, /var/run/desktop-containerd/containerd.sock",emailservice,"emailservice-9f8578d69-r6rx8"
"2023-08-22 05:05:54","/usr/bin/containerd-shim-runc-v2, -namespace, moby, -id, 3e034b23ea603fe3b8f8cc80af93a3211c1821ab76feaefc90dc8fb6064ab010, -address, /var/run/desktop-containerd/containerd.sock",emailservice,"emailservice-9f8578d69-r6rx8"
"2023-08-22 05:05:54","/usr/bin/containerd-shim-runc-v2, -namespace, moby, -id, 7e78f1500fceb078c7f55c295c38343c5868e140b050c2c27f7d8bb4ee35e06a, -address, /var/run/desktop-containerd/containerd.sock",emailservice,"emailservice-9f8578d69-r6rx8"
"2023-08-22 05:05:54","/usr/bin/containerd-shim-runc-v2, -namespace, moby, -id, fc22f2e89cf8e6388e4deb0aaf174b42c773752644b6e72ef683164e92d14832, -address, /var/run/desktop-containerd/containerd.sock",emailservice,"emailservice-9f8578d69-r6rx8"
"2023-08-22 05:05:54","/usr/bin/containerd-shim-runc-v2, -namespace, moby, -id, fc4f62a907b7ac053574699bfdbcd9fabd183773463a1061f8f99b0aeec8cc63, -address, /var/run/desktop-containerd/containerd.sock",emailservice,"emailservice-9f8578d69-r6rx8"
"2023-08-22 05:05:54","/usr/bin/containerd-shim-runc-v2, -namespace, moby, -id, 5faf5617685dea65d85dff15d5753cac0c5d1a5c1a781b58a02b80e8216efa8b, -address, /var/run/desktop-containerd/containerd.sock",emailservice,"emailservice-9f8578d69-r6rx8"
"2023-08-22 05:05:54","/usr/bin/containerd-shim-runc-v2, -namespace, moby, -id, a54fa3f63ffa95f94570fbacc121ca6bed275364265069ccdc32f58354b31a2f, -address, /var/run/desktop-containerd/containerd.sock",emailservice,"emailservice-9f8578d69-r6rx8"
"2023-08-22 05:05:54","/usr/bin/containerd-shim-runc-v2, -namespace, moby, -id, e309deb8966d8bd3c6152ee008076157eb96ef7f1d93a2191d65c6e293f31a85, -address, /var/run/desktop-containerd/containerd.sock",emailservice,"emailservice-9f8578d69-r6rx8"
"2023-08-22 05:05:54","/usr/bin/containerd-shim-runc-v2, -namespace, moby, -id, 42f8cfbc2b7689ba201d715a1e922b3dc47766dd9c0f699d68a052b2ee3e9335, -address, /var/run/desktop-containerd/containerd.sock",emailservice,"emailservice-9f8578d69-r6rx8"
"2023-08-22 05:05:54","/usr/bin/containerd-shim-runc-v2, -namespace, moby, -id, 222144e576fe260e1840712e12b6a1777ecaca154dd5d1a38d60de3ab524c3ec, -address, /var/run/desktop-containerd/containerd.sock",emailservice,"emailservice-9f8578d69-r6rx8"
"2023-08-22 05:05:54","/usr/bin/containerd-shim-runc-v2, -namespace, moby, -id, 38bf83a7c9f3e166135429719a0372a1ff1f96eeae824a111c7c8659568e63ee, -address, /var/run/desktop-containerd/containerd.sock",emailservice,"emailservice-9f8578d69-r6rx8"
"2023-08-22 05:05:54","/usr/bin/containerd-shim-runc-v2, -namespace, moby, -id, 153af98140221c0171cde1c3660562797a32fd4628e6fd7fd86c308e5aaa5bbd, -address, /var/run/desktop-containerd/containerd.sock",emailservice,"emailservice-9f8578d69-r6rx8"
"2023-08-22 05:05:54","/usr/bin/containerd-shim-runc-v2, -namespace, moby, -id, 07fa503e229c269611483400b809fd82bda164c3a8d0b08bb45888ba69648412, -address, /var/run/desktop-containerd/containerd.sock",emailservice,"emailservice-9f8578d69-r6rx8"
"2023-08-22 05:05:54","/usr/bin/containerd-shim-runc-v2, -namespace, moby, -id, c7831e2fc17c64be9757d862ea4fadf6c0a3ae0e0c479daea4085ed4e0d7e40f, -address, /var/run/desktop-containerd/containerd.sock",emailservice,"emailservice-9f8578d69-r6rx8"
"2023-08-22 05:05:54","/usr/bin/containerd-shim-runc-v2, -namespace, moby, -id, 010ba259415852ed3aa3a175d53915e86274efaabea11678631d5f587ba90053, -address, /var/run/desktop-containerd/containerd.sock",emailservice,"emailservice-9f8578d69-r6rx8"
"2023-08-22 05:05:54","/usr/bin/containerd-shim-runc-v2, -namespace, moby, -id, a345d5b3be84ce9d14c2cc05f93a2936fcba1fe92a793b381d8699f14a064e08, -address, /var/run/desktop-containerd/containerd.sock",emailservice,"emailservice-9f8578d69-r6rx8"
"2023-08-22 05:05:54","/usr/bin/containerd-shim-runc-v2, -namespace, moby, -id, c68c5a0cfe0e3cb0b14f33c0e0ff6fa52db25a4e128e82f43df2d36f298d970c, -address, /var/run/desktop-containerd/containerd.sock",emailservice,"emailservice-9f8578d69-r6rx8"
"2023-08-22 05:05:54","/usr/bin/containerd-shim-runc-v2, -namespace, moby, -id, 04064f46d7ec12dce5bc5f80d25ee59580ae955fd1b6c5865275c80c37b8dce9, -address, /var/run/desktop-containerd/containerd.sock",emailservice,"emailservice-9f8578d69-r6rx8"
"2023-08-22 05:05:54","/usr/bin/containerd-shim-runc-v2, -namespace, moby, -id, c0246087f42de0c4cb514c592a6e2f0010e718d257755633b4ba4616be084620, -address, /var/run/desktop-containerd/containerd.sock",emailservice,"emailservice-9f8578d69-r6rx8"
"2023-08-22 05:05:54","/usr/bin/containerd-shim-runc-v2, -namespace, moby, -id, da2072f0747febd92a09649419e30bdacd8dc8549cddff76426529272487fa10, -address, /var/run/desktop-containerd/containerd.sock",emailservice,"emailservice-9f8578d69-r6rx8"
"2023-08-22 05:05:54","/usr/bin/containerd-shim-runc-v2, -namespace, moby, -id, 232684c9257f5d23c18471a263d3779f2089fc3713cd05d3b32f0b42f582d6f4, -address, /var/run/desktop-containerd/containerd.sock",emailservice,"emailservice-9f8578d69-r6rx8"
"2023-08-22 05:05:54","/usr/bin/containerd-shim-runc-v2, -namespace, moby, -id, 2b29b6702a0067a858e177233b0841a07869c8c77b7451dc228fd4e03086ea27, -address, /var/run/desktop-containerd/containerd.sock",emailservice,"emailservice-9f8578d69-r6rx8"
"2023-08-22 05:05:54","/usr/bin/containerd-shim-runc-v2, -namespace, moby, -id, 6340bbb31734aa8fb54015edfb6c5d3cfb143150e8abea899d68a4bfc4e35137, -address, /var/run/desktop-containerd/containerd.sock",emailservice,"emailservice-9f8578d69-r6rx8"
"2023-08-22 05:05:54","/usr/bin/containerd-shim-runc-v2, -namespace, moby, -id, 7570f877462ed20eee8d970dbb490f15d0f208e95e39f5b3fa49a8ec15262174, -address, /var/run/desktop-containerd/containerd.sock",emailservice,"emailservice-9f8578d69-r6rx8"
"2023-08-22 05:05:54","/usr/bin/containerd-shim-runc-v2, -namespace, moby, -id, 48af2a892d54dc3ea9d3af71e8c9c6dcbfb1e18194e4ec5e46c5e88abc0c526f, -address, /var/run/desktop-containerd/containerd.sock",emailservice,"emailservice-9f8578d69-r6rx8"
"2023-08-22 05:05:54","/usr/bin/containerd-shim-runc-v2, -namespace, moby, -id, 8b32de87cbab28a09acf67a699eeeb9afa8be480c2da22ee18dfef5d0b85ed92, -address, /var/run/desktop-containerd/containerd.sock",emailservice,"emailservice-9f8578d69-r6rx8"
"2023-08-22 05:05:54","/usr/bin/containerd-shim-runc-v2, -namespace, moby, -id, 7c8dc4d0f9ddc5d8a33a6c79198488240f6e859f049669f13d898e8498eba5a7, -address, /var/run/desktop-containerd/containerd.sock",emailservice,"emailservice-9f8578d69-r6rx8"
"2023-08-22 05:05:54","/usr/bin/containerd-shim-runc-v2, -namespace, moby, -id, c4cbd796be873fb7b034cc9dde46c261bcfb466ad613da008caa5ae137576225, -address, /var/run/desktop-containerd/containerd.sock",emailservice,"emailservice-9f8578d69-r6rx8"
"2023-08-22 05:05:54","/usr/bin/containerd-shim-runc-v2, -namespace, moby, -id, 69606170cde3a4fe375b2c5776f9431f148d09b56c8889d11c8cdae89fc4cef5, -address, /var/run/desktop-containerd/containerd.sock",emailservice,"emailservice-9f8578d69-r6rx8"
"2023-08-22 05:05:54","/usr/bin/containerd-shim-runc-v2, -namespace, moby, -id, 8df5b3d0d9181f96fc1385608e3caeb06b7e2ac9c7188fcba65282803ee999f9, -address, /var/run/desktop-containerd/containerd.sock",emailservice,"emailservice-9f8578d69-r6rx8"
"2023-08-22 05:05:54","/usr/bin/containerd-shim-runc-v2, -namespace, moby, -id, 48a947d97036f16c0379ddef4c1de3961fc742ebda64606de6e53b8eca5562ba, -address, /var/run/desktop-containerd/containerd.sock",emailservice,"emailservice-9f8578d69-r6rx8"
"2023-08-22 05:05:54","/usr/bin/containerd-shim-runc-v2, -namespace, moby, -id, 21f37e186d14ca9fa337fd029ba646b9b5ee039eb69383ee5a59d161c27ee4be, -address, /var/run/desktop-containerd/containerd.sock",emailservice,"emailservice-9f8578d69-r6rx8"
"2023-08-22 05:05:54","/usr/bin/containerd-shim-runc-v2, -namespace, moby, -id, 0864de99ec5526472f31ed4e49fa0cab98d63d834a40f181aeefb2a92e748659, -address, /var/run/desktop-containerd/containerd.sock",emailservice,"emailservice-9f8578d69-r6rx8"
"2023-08-22 05:05:54","/usr/bin/containerd-shim-runc-v2, -namespace, moby, -id, ddd7480db9dbfdac8b05452d737bbeebada56bd66f59e66cdd73805d9441de66, -address, /var/run/desktop-containerd/containerd.sock",emailservice,"emailservice-9f8578d69-r6rx8"
"2023-08-22 05:05:54","/usr/bin/containerd-shim-runc-v2, -namespace, moby, -id, cc89dc40cb9dfa2f3c3e92d0547fc79ee002e1392913f5c12fb55854e52e2d81, -address, /var/run/desktop-containerd/containerd.sock",emailservice,"emailservice-9f8578d69-r6rx8"
"2023-08-22 05:05:54","/usr/bin/containerd-shim-runc-v2, -namespace, moby, -id, 309eabae58ef33fe2aca63aad9fcf9c787626c2bb074bcf8aa4f04c20c50b81c, -address, /var/run/desktop-containerd/containerd.sock",emailservice,"emailservice-9f8578d69-r6rx8"
"2023-08-22 05:05:54","/usr/bin/containerd-shim-runc-v2, -namespace, moby, -id, c9a4c685df2789806e9cac5a53538913a005fd58d71df9ed7afaaef3062daa9f, -address, /var/run/desktop-containerd/containerd.sock",emailservice,"emailservice-9f8578d69-r6rx8"
"2023-08-22 05:05:54","/usr/bin/containerd-shim-runc-v2, -namespace, moby, -id, fd94c278bd0aebe36b4f97ea9882d5c84be93d4de46d960ad327c1b57de268a4, -address, /var/run/desktop-containerd/containerd.sock",emailservice,"emailservice-9f8578d69-r6rx8"
"2023-08-22 05:05:54","/usr/bin/containerd-shim-runc-v2, -namespace, moby, -id, 23bc577763a57cfc51c7797c9c58111f7011b58cd050d8dd4806746d32c6f5d0, -address, /var/run/desktop-containerd/containerd.sock",emailservice,"emailservice-9f8578d69-r6rx8"
"2023-08-22 05:05:54","/usr/bin/containerd-shim-runc-v2, -namespace, moby, -id, f1b1d72ef38f2539b4c17a736bdb189084f20b6292fc0ad23055465631c5cabd, -address, /var/run/desktop-containerd/containerd.sock",emailservice,"emailservice-9f8578d69-r6rx8"
"2023-08-22 05:05:54","/usr/bin/containerd-shim-runc-v2, -namespace, moby, -id, bd945b682a91923258a0f2a1fad8db5599ddcf73049e4319d4541aac8caec20a, -address, /var/run/desktop-containerd/containerd.sock",emailservice,"emailservice-9f8578d69-r6rx8"
"2023-08-22 05:05:54","/usr/bin/containerd-shim-runc-v2, -namespace, moby, -id, 3cdaf590ccf49df75b1052d5e1dbb667656d5e876741027720a0887ab578dfe2, -address, /var/run/desktop-containerd/containerd.sock",emailservice,"emailservice-9f8578d69-r6rx8"
"2023-08-22 05:05:54","/usr/bin/containerd-shim-runc-v2, -namespace, moby, -id, 4b4fd4ed40a08a257d4f5abca6b7bacd613b4e18b7ce1a3b8b35cd2a0d093a46, -address, /var/run/desktop-containerd/containerd.sock",emailservice,"emailservice-9f8578d69-r6rx8"
"2023-08-22 05:05:54","/usr/bin/containerd-shim-runc-v2, -namespace, moby, -id, 4fe4c9cb2e4f981eddc141e31bcf14c6b5ef99ce64afeb8fe1fa9f78627cb9b6, -address, /var/run/desktop-containerd/containerd.sock",emailservice,"emailservice-9f8578d69-r6rx8"
"2023-08-22 05:05:54","/usr/bin/containerd-shim-runc-v2, -namespace, moby, -id, e8eecbc93a34260ac899674f010d915ca7a40e40a4545e258fb60cd1ef219e8a, -address, /var/run/desktop-containerd/containerd.sock",emailservice,"emailservice-9f8578d69-r6rx8"
"2023-08-22 05:05:54","/usr/bin/containerd-shim-runc-v2, -namespace, moby, -id, 4df5531f7d3de8b84c7591f30e0ee68146990b5d40b1b3314fefcb7eb260d323, -address, /var/run/desktop-containerd/containerd.sock",emailservice,"emailservice-9f8578d69-r6rx8"
"2023-08-22 05:05:54","/usr/bin/containerd-shim-runc-v2, -namespace, moby, -id, b756f6ea636df20548f9362877d4acbc037a9acac8f71476dd746c84e59eb391, -address, /var/run/desktop-containerd/containerd.sock",emailservice,"emailservice-9f8578d69-r6rx8"
"2023-08-22 05:05:54","/usr/bin/containerd-shim-runc-v2, -namespace, moby, -id, 32d39b4ee0e08d77de75d781ba1a6c7688ca806ce20c9da36565ad7d126a0b42, -address, /var/run/desktop-containerd/containerd.sock",emailservice,"emailservice-9f8578d69-r6rx8"
"2023-08-22 05:05:54","/usr/bin/containerd-shim-runc-v2, -namespace, moby, -id, 43d89e53efc900851f00c0321d2d1e597a18b4b363d8d45aff39c4f8261fcea2, -address, /var/run/desktop-containerd/containerd.sock",emailservice,"emailservice-9f8578d69-r6rx8"
"2023-08-22 05:05:54","/usr/bin/containerd-shim-runc-v2, -namespace, moby, -id, a8759c0ef7ad5f5afb2447e260eab338a000101c3d6d1abe2baa1e1dc007df29, -address, /var/run/desktop-containerd/containerd.sock",emailservice,"emailservice-9f8578d69-r6rx8"
"2023-08-22 05:05:54","/usr/bin/containerd-shim-runc-v2, -namespace, moby, -id, 6ce92a39f18b809d43ff45c50e800c8ff5bc9d36c8a041fe6ff7c63d28c99e0c, -address, /var/run/desktop-containerd/containerd.sock",emailservice,"emailservice-9f8578d69-r6rx8"
"2023-08-22 05:05:54","/usr/bin/containerd-shim-runc-v2, -namespace, moby, -id, 5fc6aa4ed4c04a5b4c548c5e772bfd235139865a7d3a2f4831398878e99a810a, -address, /var/run/desktop-containerd/containerd.sock",emailservice,"emailservice-9f8578d69-r6rx8"
"2023-08-22 05:05:53","/usr/bin/containerd-shim-runc-v2, -namespace, services.linuxkit, -id, acpid, -address, /run/containerd/containerd.sock",currencyservice,"currencyservice-ccbc788bc-dzj7f"
"2023-08-22 05:05:53","/usr/bin/containerd-shim-runc-v2, -namespace, services.linuxkit, -id, allowlist, -address, /run/containerd/containerd.sock",currencyservice,"currencyservice-ccbc788bc-dzj7f"
"2023-08-22 05:05:53","/usr/bin/containerd-shim-runc-v2, -namespace, services.linuxkit, -id, binfmt, -address, /run/containerd/containerd.sock",currencyservice,"currencyservice-ccbc788bc-dzj7f"
"2023-08-22 05:05:53","/usr/bin/containerd-shim-runc-v2, -namespace, services.linuxkit, -id, devenv-service, -address, /run/containerd/containerd.sock",currencyservice,"currencyservice-ccbc788bc-dzj7f"
"2023-08-22 05:05:53","/usr/bin/containerd-shim-runc-v2, -namespace, services.linuxkit, -id, dhcpcd, -address, /run/containerd/containerd.sock",currencyservice,"currencyservice-ccbc788bc-dzj7f"
"2023-08-22 05:05:53","/usr/bin/containerd-shim-runc-v2, -namespace, services.linuxkit, -id, diagnose, -address, /run/containerd/containerd.sock",currencyservice,"currencyservice-ccbc788bc-dzj7f"
"2023-08-22 05:05:53","/usr/bin/containerd-shim-runc-v2, -namespace, services.linuxkit, -id, dns-forwarder, -address, /run/containerd/containerd.sock",currencyservice,"currencyservice-ccbc788bc-dzj7f"
"2023-08-22 05:05:53","/usr/bin/containerd-shim-runc-v2, -namespace, services.linuxkit, -id, docker, -address, /run/containerd/containerd.sock",currencyservice,"currencyservice-ccbc788bc-dzj7f"
"2023-08-22 05:05:53","/usr/bin/containerd-shim-runc-v2, -namespace, services.linuxkit, -id, http-proxy, -address, /run/containerd/containerd.sock",currencyservice,"currencyservice-ccbc788bc-dzj7f"
"2023-08-22 05:05:53","/usr/bin/containerd-shim-runc-v2, -namespace, services.linuxkit, -id, kmsg, -address, /run/containerd/containerd.sock",currencyservice,"currencyservice-ccbc788bc-dzj7f"
"2023-08-22 05:05:53","/usr/bin/containerd-shim-runc-v2, -namespace, services.linuxkit, -id, sntpc, -address, /run/containerd/containerd.sock",currencyservice,"currencyservice-ccbc788bc-dzj7f"
"2023-08-22 05:05:53","/usr/bin/containerd-shim-runc-v2, -namespace, services.linuxkit, -id, socks, -address, /run/containerd/containerd.sock",currencyservice,"currencyservice-ccbc788bc-dzj7f"
"2023-08-22 05:05:53","/usr/bin/containerd-shim-runc-v2, -namespace, services.linuxkit, -id, trim-after-delete, -address, /run/containerd/containerd.sock",currencyservice,"currencyservice-ccbc788bc-dzj7f"
"2023-08-22 05:05:53","/usr/bin/containerd-shim-runc-v2, -namespace, services.linuxkit, -id, volume-contents, -address, /run/containerd/containerd.sock",currencyservice,"currencyservice-ccbc788bc-dzj7f"
"2023-08-22 05:05:53","/usr/bin/containerd-shim-runc-v2, -namespace, services.linuxkit, -id, vpnkit-forwarder, -address, /run/containerd/containerd.sock",currencyservice,"currencyservice-ccbc788bc-dzj7f"
"2023-08-22 05:05:53","/usr/bin/containerd-shim-runc-v2, -namespace, moby, -id, 03a6cbbeeb15e7fef6bd1c4074733672fefb8e186ae4cf73c56775a07408ad7c, -address, /var/run/desktop-containerd/containerd.sock",currencyservice,"currencyservice-ccbc788bc-dzj7f"
"2023-08-22 05:05:53","/usr/bin/containerd-shim-runc-v2, -namespace, moby, -id, 25b998cb4a5b3c0959e12d03a3da1b0ee97382b20f3ed9df1b7794a9cf0ac854, -address, /var/run/desktop-containerd/containerd.sock",currencyservice,"currencyservice-ccbc788bc-dzj7f"
"2023-08-22 05:05:53","/usr/bin/containerd-shim-runc-v2, -namespace, moby, -id, ac94decbbb290d5e95cf74b103964049672d9a4d921c0cf29814cb9b150ac42d, -address, /var/run/desktop-containerd/containerd.sock",currencyservice,"currencyservice-ccbc788bc-dzj7f"
"2023-08-22 05:05:53","/usr/bin/containerd-shim-runc-v2, -namespace, moby, -id, c46dbe65161720aff383feb7e180b039af7a59da129e6dc72974b51d6c9d82e1, -address, /var/run/desktop-containerd/containerd.sock",currencyservice,"currencyservice-ccbc788bc-dzj7f"
"2023-08-22 05:05:53","/usr/bin/containerd-shim-runc-v2, -namespace, moby, -id, ad125a5929a7e6a47341d84d4ee671ff177a2c0f71a7316a786ef2a819d9ad6b, -address, /var/run/desktop-containerd/containerd.sock",currencyservice,"currencyservice-ccbc788bc-dzj7f"
"2023-08-22 05:05:53","/usr/bin/containerd-shim-runc-v2, -namespace, moby, -id, d2ecdd1239d203b8756f84651f62b423b6209720c11b7e54a77e73cf6866ff2a, -address, /var/run/desktop-containerd/containerd.sock",currencyservice,"currencyservice-ccbc788bc-dzj7f"
"2023-08-22 05:05:53","/usr/bin/containerd-shim-runc-v2, -namespace, moby, -id, 41629466e1e6ea89cddc2eaa551a0049eab497cb3c98309bd1ecca38f77df14d, -address, /var/run/desktop-containerd/containerd.sock",currencyservice,"currencyservice-ccbc788bc-dzj7f"
"2023-08-22 05:05:53","/usr/bin/containerd-shim-runc-v2, -namespace, moby, -id, 8312de938e6cede7f33cfa8162ea58d2a4bd71bdfa02580eda200a7528322720, -address, /var/run/desktop-containerd/containerd.sock",currencyservice,"currencyservice-ccbc788bc-dzj7f"
"2023-08-22 05:05:53","/usr/bin/containerd-shim-runc-v2, -namespace, moby, -id, b5fa268d1faf1d95a9d8bba92fee2f42fc5d06e62d072664f28bbb2978e3cb3d, -address, /var/run/desktop-containerd/containerd.sock",currencyservice,"currencyservice-ccbc788bc-dzj7f"
"2023-08-22 05:05:53","/usr/bin/containerd-shim-runc-v2, -namespace, moby, -id, 3f824b4faabd596267fdda7c6bdf1cd2ccf53da9291f553fb61574fbc0955d6b, -address, /var/run/desktop-containerd/containerd.sock",currencyservice,"currencyservice-ccbc788bc-dzj7f"
"2023-08-22 05:05:53","/usr/bin/containerd-shim-runc-v2, -namespace, moby, -id, aaac224309fb4b3af67aae30006922311515963da3f61e8432cc13aa67667a7b, -address, /var/run/desktop-containerd/containerd.sock",currencyservice,"currencyservice-ccbc788bc-dzj7f"
"2023-08-22 05:05:53","/usr/bin/containerd-shim-runc-v2, -namespace, moby, -id, 026c34d109b62a059a2771fee084ab4101533b75b42c6cb9619669c798a4fe26, -address, /var/run/desktop-containerd/containerd.sock",currencyservice,"currencyservice-ccbc788bc-dzj7f"
"2023-08-22 05:05:53","/usr/bin/containerd-shim-runc-v2, -namespace, moby, -id, ea5dc0a9eb01eae1c6f027896aed10615751549b46039118cb0add9fcc43a4e4, -address, /var/run/desktop-containerd/containerd.sock",currencyservice,"currencyservice-ccbc788bc-dzj7f"
"2023-08-22 05:05:53","/usr/bin/containerd-shim-runc-v2, -namespace, moby, -id, 110871d2b9644bddc15fc744b83678b9dc8be3d5c9367ec3bc40988573cc46ee, -address, /var/run/desktop-containerd/containerd.sock",currencyservice,"currencyservice-ccbc788bc-dzj7f"
"2023-08-22 05:05:53","/usr/bin/containerd-shim-runc-v2, -namespace, moby, -id, 0e1ca57c1ac12cc4e19a09e7717fb58424ae0666b7ed870920f1bc6e79291bb1, -address, /var/run/desktop-containerd/containerd.sock",currencyservice,"currencyservice-ccbc788bc-dzj7f"
"2023-08-22 05:05:53","/usr/bin/containerd-shim-runc-v2, -namespace, moby, -id, b71ceb6d96bef1bc21c469f3c9526f0a4e4346fc92e9f9a4441ec2086576f3e8, -address, /var/run/desktop-containerd/containerd.sock",currencyservice,"currencyservice-ccbc788bc-dzj7f"
"2023-08-22 05:05:53","/usr/bin/containerd-shim-runc-v2, -namespace, moby, -id, 55843e73fb5dd7a3fdb8ace0c47b3411a2d9637aa6c05824b7cd4bf3706b54d7, -address, /var/run/desktop-containerd/containerd.sock",currencyservice,"currencyservice-ccbc788bc-dzj7f"
"2023-08-22 05:05:53","/usr/bin/containerd-shim-runc-v2, -namespace, moby, -id, 8f036b073cf89fc3ee4c911bb92d7881c5526d8e4ae632cc497bf85bcb617da1, -address, /var/run/desktop-containerd/containerd.sock",currencyservice,"currencyservice-ccbc788bc-dzj7f"
"2023-08-22 05:05:53","/usr/bin/containerd-shim-runc-v2, -namespace, moby, -id, 62b03981ef6d99049435e355be4fcba8c60d701095a95f7fecf00f3d2238eeb9, -address, /var/run/desktop-containerd/containerd.sock",currencyservice,"currencyservice-ccbc788bc-dzj7f"
"2023-08-22 05:05:53","/usr/bin/containerd-shim-runc-v2, -namespace, moby, -id, e926f928c42d7f279d2a810e332017e9077e226605cabc52fd1cbe948d887134, -address, /var/run/desktop-containerd/containerd.sock",currencyservice,"currencyservice-ccbc788bc-dzj7f"
"2023-08-22 05:05:53","/usr/bin/containerd-shim-runc-v2, -namespace, moby, -id, 1bccf800a78178c090d8a939a071677783e3bdef1cf5792990bae9f12046e327, -address, /var/run/desktop-containerd/containerd.sock",currencyservice,"currencyservice-ccbc788bc-dzj7f"
"2023-08-22 05:05:53","/usr/bin/containerd-shim-runc-v2, -namespace, moby, -id, 79fda0c75c098add334d4b2dc79813b80fb9bc86a098bcb5074523ca8b45c473, -address, /var/run/desktop-containerd/containerd.sock",currencyservice,"currencyservice-ccbc788bc-dzj7f"
"2023-08-22 05:05:53","/usr/bin/containerd-shim-runc-v2, -namespace, moby, -id, 465445a58691fbd6eb61fae033f69a73b6c9df6f35ee93c56594456ea434ce6c, -address, /var/run/desktop-containerd/containerd.sock",currencyservice,"currencyservice-ccbc788bc-dzj7f"
"2023-08-22 05:05:53","/usr/bin/containerd-shim-runc-v2, -namespace, moby, -id, b7b218889fa30b9b43ea20ee28c7beb16a163b7e5d613580086602fb13701aae, -address, /var/run/desktop-containerd/containerd.sock",currencyservice,"currencyservice-ccbc788bc-dzj7f"
"2023-08-22 05:05:53","/usr/bin/containerd-shim-runc-v2, -namespace, moby, -id, 9166ae1cbd602507bfa20bfe3675de1a6008b275021b0369cfaa5a1f8b63649d, -address, /var/run/desktop-containerd/containerd.sock",currencyservice,"currencyservice-ccbc788bc-dzj7f"
"2023-08-22 05:05:53","/usr/bin/containerd-shim-runc-v2, -namespace, moby, -id, c66e4a748619346ba47a18188dbafab2a5c72ec6586091b937d518ed4a3dc077, -address, /var/run/desktop-containerd/containerd.sock",currencyservice,"currencyservice-ccbc788bc-dzj7f"
"2023-08-22 05:05:53","/usr/bin/containerd-shim-runc-v2, -namespace, moby, -id, 50844f6e958473f1fa576ec22dac9f86a79a45b044ce5b874e0870044c2474b0, -address, /var/run/desktop-containerd/containerd.sock",currencyservice,"currencyservice-ccbc788bc-dzj7f"
"2023-08-22 05:05:53","/usr/bin/containerd-shim-runc-v2, -namespace, moby, -id, 6eeacd784597130a4402b54228bd17fcca2f175e6a5896366f7bcf2ca3e6f8d8, -address, /var/run/desktop-containerd/containerd.sock",currencyservice,"currencyservice-ccbc788bc-dzj7f"
"2023-08-22 05:05:53","/usr/bin/containerd-shim-runc-v2, -namespace, moby, -id, d6884b7ae07ecf6b01b4b547b38c6488a95dafa9a825efefa090a84dddc4c1c8, -address, /var/run/desktop-containerd/containerd.sock",currencyservice,"currencyservice-ccbc788bc-dzj7f"
"2023-08-22 05:05:53","/usr/bin/containerd-shim-runc-v2, -namespace, moby, -id, 2cd386eaf43968c8c97e4213e27db3138204287ea6cfc1d8ee1e72a5ef814e0d, -address, /var/run/desktop-containerd/containerd.sock",currencyservice,"currencyservice-ccbc788bc-dzj7f"
"2023-08-22 05:05:53","/usr/bin/containerd-shim-runc-v2, -namespace, moby, -id, 4e90f014060ffd4e11b95323b558fc0a81bffeeabe4f643fb4725e758a198795, -address, /var/run/desktop-containerd/containerd.sock",currencyservice,"currencyservice-ccbc788bc-dzj7f"
"2023-08-22 05:05:53","/usr/bin/containerd-shim-runc-v2, -namespace, moby, -id, c9cee748b5d4662702fa24f679aa127c1fb3fd33b4067d2e10c98ea229327ba6, -address, /var/run/desktop-containerd/containerd.sock",currencyservice,"currencyservice-ccbc788bc-dzj7f"
"2023-08-22 05:05:53","/usr/bin/containerd-shim-runc-v2, -namespace, moby, -id, 3e034b23ea603fe3b8f8cc80af93a3211c1821ab76feaefc90dc8fb6064ab010, -address, /var/run/desktop-containerd/containerd.sock",currencyservice,"currencyservice-ccbc788bc-dzj7f"
"2023-08-22 05:05:53","/usr/bin/containerd-shim-runc-v2, -namespace, moby, -id, 7e78f1500fceb078c7f55c295c38343c5868e140b050c2c27f7d8bb4ee35e06a, -address, /var/run/desktop-containerd/containerd.sock",currencyservice,"currencyservice-ccbc788bc-dzj7f"
"2023-08-22 05:05:53","/usr/bin/containerd-shim-runc-v2, -namespace, moby, -id, fc22f2e89cf8e6388e4deb0aaf174b42c773752644b6e72ef683164e92d14832, -address, /var/run/desktop-containerd/containerd.sock",currencyservice,"currencyservice-ccbc788bc-dzj7f"
"2023-08-22 05:05:53","/usr/bin/containerd-shim-runc-v2, -namespace, moby, -id, fc4f62a907b7ac053574699bfdbcd9fabd183773463a1061f8f99b0aeec8cc63, -address, /var/run/desktop-containerd/containerd.sock",currencyservice,"currencyservice-ccbc788bc-dzj7f"
"2023-08-22 05:05:53","/usr/bin/containerd-shim-runc-v2, -namespace, moby, -id, 5faf5617685dea65d85dff15d5753cac0c5d1a5c1a781b58a02b80e8216efa8b, -address, /var/run/desktop-containerd/containerd.sock",currencyservice,"currencyservice-ccbc788bc-dzj7f"
"2023-08-22 05:05:53","/usr/bin/containerd-shim-runc-v2, -namespace, moby, -id, a54fa3f63ffa95f94570fbacc121ca6bed275364265069ccdc32f58354b31a2f, -address, /var/run/desktop-containerd/containerd.sock",currencyservice,"currencyservice-ccbc788bc-dzj7f"
"2023-08-22 05:05:53","/usr/bin/containerd-shim-runc-v2, -namespace, moby, -id, e309deb8966d8bd3c6152ee008076157eb96ef7f1d93a2191d65c6e293f31a85, -address, /var/run/desktop-containerd/containerd.sock",currencyservice,"currencyservice-ccbc788bc-dzj7f"
"2023-08-22 05:05:53","/usr/bin/containerd-shim-runc-v2, -namespace, moby, -id, 42f8cfbc2b7689ba201d715a1e922b3dc47766dd9c0f699d68a052b2ee3e9335, -address, /var/run/desktop-containerd/containerd.sock",currencyservice,"currencyservice-ccbc788bc-dzj7f"
"2023-08-22 05:05:53","/usr/bin/containerd-shim-runc-v2, -namespace, moby, -id, 222144e576fe260e1840712e12b6a1777ecaca154dd5d1a38d60de3ab524c3ec, -address, /var/run/desktop-containerd/containerd.sock",currencyservice,"currencyservice-ccbc788bc-dzj7f"
"2023-08-22 05:05:53","/usr/bin/containerd-shim-runc-v2, -namespace, moby, -id, 38bf83a7c9f3e166135429719a0372a1ff1f96eeae824a111c7c8659568e63ee, -address, /var/run/desktop-containerd/containerd.sock",currencyservice,"currencyservice-ccbc788bc-dzj7f"
"2023-08-22 05:05:53","/usr/bin/containerd-shim-runc-v2, -namespace, moby, -id, 153af98140221c0171cde1c3660562797a32fd4628e6fd7fd86c308e5aaa5bbd, -address, /var/run/desktop-containerd/containerd.sock",currencyservice,"currencyservice-ccbc788bc-dzj7f"
"2023-08-22 05:05:53","/usr/bin/containerd-shim-runc-v2, -namespace, moby, -id, 07fa503e229c269611483400b809fd82bda164c3a8d0b08bb45888ba69648412, -address, /var/run/desktop-containerd/containerd.sock",currencyservice,"currencyservice-ccbc788bc-dzj7f"
"2023-08-22 05:05:53","/usr/bin/containerd-shim-runc-v2, -namespace, moby, -id, c7831e2fc17c64be9757d862ea4fadf6c0a3ae0e0c479daea4085ed4e0d7e40f, -address, /var/run/desktop-containerd/containerd.sock",currencyservice,"currencyservice-ccbc788bc-dzj7f"
"2023-08-22 05:05:53","/usr/bin/containerd-shim-runc-v2, -namespace, moby, -id, 010ba259415852ed3aa3a175d53915e86274efaabea11678631d5f587ba90053, -address, /var/run/desktop-containerd/containerd.sock",currencyservice,"currencyservice-ccbc788bc-dzj7f"
"2023-08-22 05:05:53","/usr/bin/containerd-shim-runc-v2, -namespace, moby, -id, a345d5b3be84ce9d14c2cc05f93a2936fcba1fe92a793b381d8699f14a064e08, -address, /var/run/desktop-containerd/containerd.sock",currencyservice,"currencyservice-ccbc788bc-dzj7f"
"2023-08-22 05:05:53","/usr/bin/containerd-shim-runc-v2, -namespace, moby, -id, c68c5a0cfe0e3cb0b14f33c0e0ff6fa52db25a4e128e82f43df2d36f298d970c, -address, /var/run/desktop-containerd/containerd.sock",currencyservice,"currencyservice-ccbc788bc-dzj7f"
"2023-08-22 05:05:53","/usr/bin/containerd-shim-runc-v2, -namespace, moby, -id, 04064f46d7ec12dce5bc5f80d25ee59580ae955fd1b6c5865275c80c37b8dce9, -address, /var/run/desktop-containerd/containerd.sock",currencyservice,"currencyservice-ccbc788bc-dzj7f"
"2023-08-22 05:05:53","/usr/bin/containerd-shim-runc-v2, -namespace, moby, -id, c0246087f42de0c4cb514c592a6e2f0010e718d257755633b4ba4616be084620, -address, /var/run/desktop-containerd/containerd.sock",currencyservice,"currencyservice-ccbc788bc-dzj7f"
"2023-08-22 05:05:53","/usr/bin/containerd-shim-runc-v2, -namespace, moby, -id, da2072f0747febd92a09649419e30bdacd8dc8549cddff76426529272487fa10, -address, /var/run/desktop-containerd/containerd.sock",currencyservice,"currencyservice-ccbc788bc-dzj7f"
"2023-08-22 05:05:53","/usr/bin/containerd-shim-runc-v2, -namespace, moby, -id, 232684c9257f5d23c18471a263d3779f2089fc3713cd05d3b32f0b42f582d6f4, -address, /var/run/desktop-containerd/containerd.sock",currencyservice,"currencyservice-ccbc788bc-dzj7f"
"2023-08-22 05:05:53","/usr/bin/containerd-shim-runc-v2, -namespace, moby, -id, 2b29b6702a0067a858e177233b0841a07869c8c77b7451dc228fd4e03086ea27, -address, /var/run/desktop-containerd/containerd.sock",currencyservice,"currencyservice-ccbc788bc-dzj7f"
"2023-08-22 05:05:53","/usr/bin/containerd-shim-runc-v2, -namespace, moby, -id, 6340bbb31734aa8fb54015edfb6c5d3cfb143150e8abea899d68a4bfc4e35137, -address, /var/run/desktop-containerd/containerd.sock",currencyservice,"currencyservice-ccbc788bc-dzj7f"
"2023-08-22 05:05:53","/usr/bin/containerd-shim-runc-v2, -namespace, moby, -id, 7570f877462ed20eee8d970dbb490f15d0f208e95e39f5b3fa49a8ec15262174, -address, /var/run/desktop-containerd/containerd.sock",currencyservice,"currencyservice-ccbc788bc-dzj7f"
"2023-08-22 05:05:53","/usr/bin/containerd-shim-runc-v2, -namespace, moby, -id, 48af2a892d54dc3ea9d3af71e8c9c6dcbfb1e18194e4ec5e46c5e88abc0c526f, -address, /var/run/desktop-containerd/containerd.sock",currencyservice,"currencyservice-ccbc788bc-dzj7f"
"2023-08-22 05:05:53","/usr/bin/containerd-shim-runc-v2, -namespace, moby, -id, 8b32de87cbab28a09acf67a699eeeb9afa8be480c2da22ee18dfef5d0b85ed92, -address, /var/run/desktop-containerd/containerd.sock",currencyservice,"currencyservice-ccbc788bc-dzj7f"
"2023-08-22 05:05:53","/usr/bin/containerd-shim-runc-v2, -namespace, moby, -id, 7c8dc4d0f9ddc5d8a33a6c79198488240f6e859f049669f13d898e8498eba5a7, -address, /var/run/desktop-containerd/containerd.sock",currencyservice,"currencyservice-ccbc788bc-dzj7f"
"2023-08-22 05:05:53","/usr/bin/containerd-shim-runc-v2, -namespace, moby, -id, c4cbd796be873fb7b034cc9dde46c261bcfb466ad613da008caa5ae137576225, -address, /var/run/desktop-containerd/containerd.sock",currencyservice,"currencyservice-ccbc788bc-dzj7f"
"2023-08-22 05:05:53","/usr/bin/containerd-shim-runc-v2, -namespace, moby, -id, 69606170cde3a4fe375b2c5776f9431f148d09b56c8889d11c8cdae89fc4cef5, -address, /var/run/desktop-containerd/containerd.sock",currencyservice,"currencyservice-ccbc788bc-dzj7f"
"2023-08-22 05:05:53","/usr/bin/containerd-shim-runc-v2, -namespace, moby, -id, 8df5b3d0d9181f96fc1385608e3caeb06b7e2ac9c7188fcba65282803ee999f9, -address, /var/run/desktop-containerd/containerd.sock",currencyservice,"currencyservice-ccbc788bc-dzj7f"
"2023-08-22 05:05:53","/usr/bin/containerd-shim-runc-v2, -namespace, moby, -id, 48a947d97036f16c0379ddef4c1de3961fc742ebda64606de6e53b8eca5562ba, -address, /var/run/desktop-containerd/containerd.sock",currencyservice,"currencyservice-ccbc788bc-dzj7f"
"2023-08-22 05:05:53","/usr/bin/containerd-shim-runc-v2, -namespace, moby, -id, 21f37e186d14ca9fa337fd029ba646b9b5ee039eb69383ee5a59d161c27ee4be, -address, /var/run/desktop-containerd/containerd.sock",currencyservice,"currencyservice-ccbc788bc-dzj7f"
"2023-08-22 05:05:53","/usr/bin/containerd-shim-runc-v2, -namespace, moby, -id, 0864de99ec5526472f31ed4e49fa0cab98d63d834a40f181aeefb2a92e748659, -address, /var/run/desktop-containerd/containerd.sock",currencyservice,"currencyservice-ccbc788bc-dzj7f"
"2023-08-22 05:05:53","/usr/bin/containerd-shim-runc-v2, -namespace, moby, -id, ddd7480db9dbfdac8b05452d737bbeebada56bd66f59e66cdd73805d9441de66, -address, /var/run/desktop-containerd/containerd.sock",currencyservice,"currencyservice-ccbc788bc-dzj7f"
"2023-08-22 05:05:53","/usr/bin/containerd-shim-runc-v2, -namespace, moby, -id, cc89dc40cb9dfa2f3c3e92d0547fc79ee002e1392913f5c12fb55854e52e2d81, -address, /var/run/desktop-containerd/containerd.sock",currencyservice,"currencyservice-ccbc788bc-dzj7f"
"2023-08-22 05:05:53","/usr/bin/containerd-shim-runc-v2, -namespace, moby, -id, 309eabae58ef33fe2aca63aad9fcf9c787626c2bb074bcf8aa4f04c20c50b81c, -address, /var/run/desktop-containerd/containerd.sock",currencyservice,"currencyservice-ccbc788bc-dzj7f"
"2023-08-22 05:05:53","/usr/bin/containerd-shim-runc-v2, -namespace, moby, -id, c9a4c685df2789806e9cac5a53538913a005fd58d71df9ed7afaaef3062daa9f, -address, /var/run/desktop-containerd/containerd.sock",currencyservice,"currencyservice-ccbc788bc-dzj7f"
"2023-08-22 05:05:53","/usr/bin/containerd-shim-runc-v2, -namespace, moby, -id, fd94c278bd0aebe36b4f97ea9882d5c84be93d4de46d960ad327c1b57de268a4, -address, /var/run/desktop-containerd/containerd.sock",currencyservice,"currencyservice-ccbc788bc-dzj7f"
"2023-08-22 05:05:53","/usr/bin/containerd-shim-runc-v2, -namespace, moby, -id, 23bc577763a57cfc51c7797c9c58111f7011b58cd050d8dd4806746d32c6f5d0, -address, /var/run/desktop-containerd/containerd.sock",currencyservice,"currencyservice-ccbc788bc-dzj7f"
"2023-08-22 05:05:53","/usr/bin/containerd-shim-runc-v2, -namespace, moby, -id, f1b1d72ef38f2539b4c17a736bdb189084f20b6292fc0ad23055465631c5cabd, -address, /var/run/desktop-containerd/containerd.sock",currencyservice,"currencyservice-ccbc788bc-dzj7f"
"2023-08-22 05:05:53","/usr/bin/containerd-shim-runc-v2, -namespace, moby, -id, bd945b682a91923258a0f2a1fad8db5599ddcf73049e4319d4541aac8caec20a, -address, /var/run/desktop-containerd/containerd.sock",currencyservice,"currencyservice-ccbc788bc-dzj7f"
"2023-08-22 05:05:53","/usr/bin/containerd-shim-runc-v2, -namespace, moby, -id, 3cdaf590ccf49df75b1052d5e1dbb667656d5e876741027720a0887ab578dfe2, -address, /var/run/desktop-containerd/containerd.sock",currencyservice,"currencyservice-ccbc788bc-dzj7f"
"2023-08-22 05:05:53","/usr/bin/containerd-shim-runc-v2, -namespace, moby, -id, 4b4fd4ed40a08a257d4f5abca6b7bacd613b4e18b7ce1a3b8b35cd2a0d093a46, -address, /var/run/desktop-containerd/containerd.sock",currencyservice,"currencyservice-ccbc788bc-dzj7f"
"2023-08-22 05:05:53","/usr/bin/containerd-shim-runc-v2, -namespace, moby, -id, 4fe4c9cb2e4f981eddc141e31bcf14c6b5ef99ce64afeb8fe1fa9f78627cb9b6, -address, /var/run/desktop-containerd/containerd.sock",currencyservice,"currencyservice-ccbc788bc-dzj7f"
"2023-08-22 05:05:53","/usr/bin/containerd-shim-runc-v2, -namespace, moby, -id, e8eecbc93a34260ac899674f010d915ca7a40e40a4545e258fb60cd1ef219e8a, -address, /var/run/desktop-containerd/containerd.sock",currencyservice,"currencyservice-ccbc788bc-dzj7f"
"2023-08-22 05:05:53","/usr/bin/containerd-shim-runc-v2, -namespace, moby, -id, 4df5531f7d3de8b84c7591f30e0ee68146990b5d40b1b3314fefcb7eb260d323, -address, /var/run/desktop-containerd/containerd.sock",currencyservice,"currencyservice-ccbc788bc-dzj7f"
"2023-08-22 05:05:53","/usr/bin/containerd-shim-runc-v2, -namespace, moby, -id, b756f6ea636df20548f9362877d4acbc037a9acac8f71476dd746c84e59eb391, -address, /var/run/desktop-containerd/containerd.sock",currencyservice,"currencyservice-ccbc788bc-dzj7f"
"2023-08-22 05:05:53","/usr/bin/containerd-shim-runc-v2, -namespace, moby, -id, 32d39b4ee0e08d77de75d781ba1a6c7688ca806ce20c9da36565ad7d126a0b42, -address, /var/run/desktop-containerd/containerd.sock",currencyservice,"currencyservice-ccbc788bc-dzj7f"
"2023-08-22 05:05:53","/usr/bin/containerd-shim-runc-v2, -namespace, moby, -id, 43d89e53efc900851f00c0321d2d1e597a18b4b363d8d45aff39c4f8261fcea2, -address, /var/run/desktop-containerd/containerd.sock",currencyservice,"currencyservice-ccbc788bc-dzj7f"
"2023-08-22 05:05:53","/usr/bin/containerd-shim-runc-v2, -namespace, moby, -id, a8759c0ef7ad5f5afb2447e260eab338a000101c3d6d1abe2baa1e1dc007df29, -address, /var/run/desktop-containerd/containerd.sock",currencyservice,"currencyservice-ccbc788bc-dzj7f"
"2023-08-22 05:05:53","/usr/bin/containerd-shim-runc-v2, -namespace, moby, -id, 6ce92a39f18b809d43ff45c50e800c8ff5bc9d36c8a041fe6ff7c63d28c99e0c, -address, /var/run/desktop-containerd/containerd.sock",currencyservice,"currencyservice-ccbc788bc-dzj7f"
"2023-08-22 05:05:53","/usr/bin/containerd-shim-runc-v2, -namespace, moby, -id, 5fc6aa4ed4c04a5b4c548c5e772bfd235139865a7d3a2f4831398878e99a810a, -address, /var/run/desktop-containerd/containerd.sock",currencyservice,"currencyservice-ccbc788bc-dzj7f"
