"@timestamp","process.args","kubernetes.labels.app","kubernetes.pod.name"
"2023-08-24 15:19:33","/usr/bin/containerd-shim-runc-v2, -namespace, moby, -id, 16e77084a9bd40844366db50ab799a1af217cf278c87ad4aa0cd5c6b403f5677, -address, /var/run/desktop-containerd/containerd.sock","-","carts-db-67f744dd5f-jsmnm"
"2023-08-24 15:19:33","runc, --root, /var/run/docker/runtime-runc/moby, --log, /var/run/desktop-containerd/daemon/io.containerd.runtime.v2.task/moby/b19e106719117b883350014714129c4dcac864626e6f2881a90dae7239983fbe/log.json, --log-format, json, create, --bundle, /var/run/desktop-containerd/daemon/io.containerd.runtime.v2.task/moby/b19e106719117b883350014714129c4dcac864626e6f2881a90dae7239983fbe, --pid-file, /var/run/desktop-containerd/daemon/io.containerd.runtime.v2.task/moby/b19e106719117b883350014714129c4dcac864626e6f2881a90dae7239983fbe/init.pid, b19e106719117b883350014714129c4dcac864626e6f2881a90dae7239983fbe","-","carts-db-67f744dd5f-jsmnm"
"2023-08-24 15:19:30","runc, --root, /var/run/docker/runtime-runc/moby, --log, /var/run/desktop-containerd/daemon/io.containerd.runtime.v2.task/moby/9930e44ee767c155269b8e7730dd75e341bc4cfec781290baa6072bf914b58d9/log.json, --log-format, json, create, --bundle, /var/run/desktop-containerd/daemon/io.containerd.runtime.v2.task/moby/9930e44ee767c155269b8e7730dd75e341bc4cfec781290baa6072bf914b58d9, --pid-file, /var/run/desktop-containerd/daemon/io.containerd.runtime.v2.task/moby/9930e44ee767c155269b8e7730dd75e341bc4cfec781290baa6072bf914b58d9/init.pid, 9930e44ee767c155269b8e7730dd75e341bc4cfec781290baa6072bf914b58d9","-","shipping-79c568cddc-jtq95"
"2023-08-24 15:19:30","runc, --root, /var/run/docker/runtime-runc/moby, --log, /var/run/desktop-containerd/daemon/io.containerd.runtime.v2.task/moby/b256b57099d5aecd048e69a57c764af3f9b9ab551989239c40ec0c2770b3041f/log.json, --log-format, json, create, --bundle, /var/run/desktop-containerd/daemon/io.containerd.runtime.v2.task/moby/b256b57099d5aecd048e69a57c764af3f9b9ab551989239c40ec0c2770b3041f, --pid-file, /var/run/desktop-containerd/daemon/io.containerd.runtime.v2.task/moby/b256b57099d5aecd048e69a57c764af3f9b9ab551989239c40ec0c2770b3041f/init.pid, b256b57099d5aecd048e69a57c764af3f9b9ab551989239c40ec0c2770b3041f","-","shipping-79c568cddc-jtq95"
"2023-08-24 15:19:27","runc, --root, /var/run/docker/runtime-runc/moby, --log, /var/run/desktop-containerd/daemon/io.containerd.runtime.v2.task/moby/45610c3de6344b7d1c59e5ec5ef02605ed3315656c63586a53a0a7da53f622b2/log.json, --log-format, json, create, --bundle, /var/run/desktop-containerd/daemon/io.containerd.runtime.v2.task/moby/45610c3de6344b7d1c59e5ec5ef02605ed3315656c63586a53a0a7da53f622b2, --pid-file, /var/run/desktop-containerd/daemon/io.containerd.runtime.v2.task/moby/45610c3de6344b7d1c59e5ec5ef02605ed3315656c63586a53a0a7da53f622b2/init.pid, 45610c3de6344b7d1c59e5ec5ef02605ed3315656c63586a53a0a7da53f622b2","-","session-db-695f7fd48f-j5twv"
"2023-08-24 15:19:27","runc, init","-","session-db-695f7fd48f-j5twv"
"2023-08-24 15:19:27","/usr/bin/containerd-shim-runc-v2, -namespace, moby, -id, 45610c3de6344b7d1c59e5ec5ef02605ed3315656c63586a53a0a7da53f622b2, -address, /var/run/desktop-containerd/containerd.sock","-","session-db-695f7fd48f-j5twv"
"2023-08-24 15:19:22","/usr/bin/containerd-shim-runc-v2, -namespace, moby, -id, 34f85a6e20bd67ab9cdf27a88bf4b859d3822fb98168bec26bce706211bdaf7c, -address, /var/run/desktop-containerd/containerd.sock","-","front-end-7f5c844b4c-c8gzm"
"2023-08-24 15:18:23","/usr/bin/containerd-shim-runc-v2, -namespace, moby, -id, 0f347ff1df688fb3ba14a968aa2aed155b6aa4965c1752ca247b0c834ae1f536, -address, /var/run/desktop-containerd/containerd.sock","-","rabbitmq-6576689cc9-hrqlj"
"2023-08-24 15:18:21","/usr/bin/containerd-shim-runc-v2, -namespace, moby, -id, fe51ec5c624abcab5fedf646bb23a6e15c2e7ab7352e42d784ca36e92b08891a, -address, /var/run/desktop-containerd/containerd.sock","-","rabbitmq-6576689cc9-hrqlj"
"2023-08-24 15:18:01","/usr/bin/containerd-shim-runc-v2, -namespace, moby, -id, e6e5dfd3cb7fa292f2a2c7806b3e09113984a8d7421d5ad524c1d3af993cb623, -address, /var/run/desktop-containerd/containerd.sock","-","shipping-79c568cddc-jtq95"
"2023-08-24 15:18:01","runc, init","-","shipping-79c568cddc-jtq95"
"2023-08-24 15:18:01","/usr/bin/containerd-shim-runc-v2, -namespace, moby, -id, d94d6b4179564712daf093f5367de509eca0da02ff27e35fd059d906167287cb, -address, /var/run/desktop-containerd/containerd.sock","-","shipping-79c568cddc-jtq95"
"2023-08-24 15:18:01","/usr/bin/containerd-shim-runc-v2, -namespace, moby, -id, ced73e41ed7d12092a3aa3514696c0485aa4e23b1e932e13b4b2b90fa466ab37, -address, /var/run/desktop-containerd/containerd.sock","-","shipping-79c568cddc-jtq95"
"2023-08-24 15:18:00","runc, --root, /var/run/docker/runtime-runc/moby, --log, /var/run/desktop-containerd/daemon/io.containerd.runtime.v2.task/moby/ced73e41ed7d12092a3aa3514696c0485aa4e23b1e932e13b4b2b90fa466ab37/log.json, --log-format, json, delete, ced73e41ed7d12092a3aa3514696c0485aa4e23b1e932e13b4b2b90fa466ab37","-","payment-c7df5b49-zlcth"
"2023-08-24 15:17:58","/usr/bin/containerd-shim-runc-v2, -namespace, moby, -id, fb0036fe04a2ac3c577260a31b5312bb675234fc25e160a3862d9aa7d2a50c53, -address, /var/run/desktop-containerd/containerd.sock","-","orders-74f65597c5-w5csr"
"2023-08-24 15:17:58","runc, init","-","orders-74f65597c5-w5csr"
"2023-08-24 15:17:57","/usr/bin/containerd-shim-runc-v2, -namespace, moby, -id, e8d956677069e39a4ef1c3461aa38dd27f4a6877b0f59f57a621e3656d46efb3, -address, /var/run/desktop-containerd/containerd.sock","-","orders-74f65597c5-6kbh9"
"2023-08-24 15:17:35","/usr/bin/containerd-shim-runc-v2, -namespace, moby, -id, ffce0dab82f5cdaaf2184e0947fededecec106f96c9abe4771bb82877aa7f05a, -address, /var/run/desktop-containerd/containerd.sock","-","rabbitmq-6576689cc9-hrqlj"
"2023-08-24 15:17:35","/usr/bin/containerd-shim-runc-v2, -namespace, moby, -id, 5e2aed86d53ef82b34f8059b1049c8cfd3b71f32f021fea55e983718ad1e3b57, -address, /var/run/desktop-containerd/containerd.sock","-","rabbitmq-6576689cc9-hrqlj"
"2023-08-24 15:17:29","/usr/bin/containerd-shim-runc-v2, -namespace, moby, -id, 29d83068f443e200bb0b9d92c09cf5a730c1028dcd3d2aed3841622491ab30c0, -address, /var/run/desktop-containerd/containerd.sock","-","user-79dddf5cc9-rvpfd"
"2023-08-24 15:17:24","/usr/bin/containerd-shim-runc-v2, -namespace, moby, -id, ced73e41ed7d12092a3aa3514696c0485aa4e23b1e932e13b4b2b90fa466ab37, -address, /var/run/desktop-containerd/containerd.sock","-","orders-74f65597c5-9szwf"
"2023-08-24 15:17:23","/usr/bin/containerd-shim-runc-v2, -namespace, moby, -id, d94d6b4179564712daf093f5367de509eca0da02ff27e35fd059d906167287cb, -address, /var/run/desktop-containerd/containerd.sock","-","queue-master-9fc44d68d-8cx26"
"2023-08-24 15:17:23","/usr/bin/containerd-shim-runc-v2, -namespace, moby, -id, 98f984a5a037818cddb04a7812581283f4392faa23d5e9523650abec5418020f, -address, /var/run/desktop-containerd/containerd.sock","-","queue-master-9fc44d68d-8cx26"
"2023-08-24 15:17:23","/usr/bin/containerd-shim-runc-v2, -namespace, moby, -id, 374f2d53515599d9d106c653c5b01885a9439cb538fd7bbf74bb0f2eda286ec2, -address, /var/run/desktop-containerd/containerd.sock","-","queue-master-9fc44d68d-8cx26"
"2023-08-24 15:17:21","runc, --root, /var/run/docker/runtime-runc/moby, --log, /var/run/desktop-containerd/daemon/io.containerd.runtime.v2.task/moby/b73b3a8ac9cae1b3efbf3561fe2faf1e89f773cd00c15b65f7c5460fe1446865/log.json, --log-format, json, create, --bundle, /var/run/desktop-containerd/daemon/io.containerd.runtime.v2.task/moby/b73b3a8ac9cae1b3efbf3561fe2faf1e89f773cd00c15b65f7c5460fe1446865, --pid-file, /var/run/desktop-containerd/daemon/io.containerd.runtime.v2.task/moby/b73b3a8ac9cae1b3efbf3561fe2faf1e89f773cd00c15b65f7c5460fe1446865/init.pid, b73b3a8ac9cae1b3efbf3561fe2faf1e89f773cd00c15b65f7c5460fe1446865","-","orders-db-b76d8c54c-b828w"
"2023-08-24 15:17:21","runc, init","-","orders-db-b76d8c54c-b828w"
"2023-08-24 15:17:21","/usr/bin/containerd-shim-runc-v2, -namespace, moby, -id, d64ce13fd18a03136a81a25a6189f6b7cf7aaf7cba1d733896d5f74a787bf5f1, -address, /var/run/desktop-containerd/containerd.sock","-","orders-db-b76d8c54c-b828w"
"2023-08-24 15:17:21","runc, --root, /var/run/docker/runtime-runc/moby, --log, /var/run/desktop-containerd/daemon/io.containerd.runtime.v2.task/moby/fb0036fe04a2ac3c577260a31b5312bb675234fc25e160a3862d9aa7d2a50c53/log.json, --log-format, json, create, --bundle, /var/run/desktop-containerd/daemon/io.containerd.runtime.v2.task/moby/fb0036fe04a2ac3c577260a31b5312bb675234fc25e160a3862d9aa7d2a50c53, --pid-file, /var/run/desktop-containerd/daemon/io.containerd.runtime.v2.task/moby/fb0036fe04a2ac3c577260a31b5312bb675234fc25e160a3862d9aa7d2a50c53/init.pid, fb0036fe04a2ac3c577260a31b5312bb675234fc25e160a3862d9aa7d2a50c53","-","orders-db-b76d8c54c-b828w"
"2023-08-24 15:17:21","/usr/bin/containerd-shim-runc-v2, -namespace, moby, -id, b73b3a8ac9cae1b3efbf3561fe2faf1e89f773cd00c15b65f7c5460fe1446865, -address, /var/run/desktop-containerd/containerd.sock","-","orders-db-b76d8c54c-b828w"
"2023-08-24 15:17:21","/usr/bin/containerd-shim-runc-v2, -namespace, moby, -id, fb0036fe04a2ac3c577260a31b5312bb675234fc25e160a3862d9aa7d2a50c53, -address, /var/run/desktop-containerd/containerd.sock","-","orders-db-b76d8c54c-b828w"
"2023-08-24 15:17:21","runc, --root, /var/run/docker/runtime-runc/moby, --log, /var/run/desktop-containerd/daemon/io.containerd.runtime.v2.task/moby/ebc63a12978ed84e65e3d4b500cd7eb6840e3ffd5364e30fba9431131ed0e083/log.json, --log-format, json, create, --bundle, /var/run/desktop-containerd/daemon/io.containerd.runtime.v2.task/moby/ebc63a12978ed84e65e3d4b500cd7eb6840e3ffd5364e30fba9431131ed0e083, --pid-file, /var/run/desktop-containerd/daemon/io.containerd.runtime.v2.task/moby/ebc63a12978ed84e65e3d4b500cd7eb6840e3ffd5364e30fba9431131ed0e083/init.pid, ebc63a12978ed84e65e3d4b500cd7eb6840e3ffd5364e30fba9431131ed0e083","-","orders-db-b76d8c54c-b828w"
"2023-08-24 15:17:21","runc, init","-","orders-db-b76d8c54c-b828w"
"2023-08-24 15:17:21","/usr/bin/containerd-shim-runc-v2, -namespace, moby, -id, ebc63a12978ed84e65e3d4b500cd7eb6840e3ffd5364e30fba9431131ed0e083, -address, /var/run/desktop-containerd/containerd.sock","-","orders-db-b76d8c54c-b828w"
"2023-08-24 15:17:21","runc, init","-","orders-db-b76d8c54c-b828w"
"2023-08-24 15:17:20","/usr/bin/containerd-shim-runc-v2, -namespace, moby, -id, e4aab18fd5febd445a7f21b5b2e8220cfe2f42ae21b186aca6919a6a71f956cc, -address, /var/run/desktop-containerd/containerd.sock","-","orders-74f65597c5-hcj9n"
"2023-08-24 15:17:03","/usr/bin/containerd-shim-runc-v2, -namespace, moby, -id, 968c865daf18409d65d57ce920889c58693ffd84fc187af89e2f53bdace3ba83, -address, /var/run/desktop-containerd/containerd.sock","-","payment-c7df5b49-zlcth"
"2023-08-24 15:17:03","/usr/bin/containerd-shim-runc-v2, -namespace, moby, -id, 75ec70b71d3dbe1bab3c80a34b96cc3b634d59ae95c694b3a037e85774f06656, -address, /var/run/desktop-containerd/containerd.sock","-","payment-c7df5b49-zlcth"
"2023-08-24 15:17:02","/usr/bin/containerd-shim-runc-v2, -namespace, moby, -id, 014bd9e54eba4612c95234477147dd6499107828e105bed95615de40a72195bd, -address, /var/run/desktop-containerd/containerd.sock","-","payment-c7df5b49-zlcth"
"2023-08-24 15:17:02","/usr/bin/containerd-shim-runc-v2, -namespace, moby, -id, c17f7e8e2ff88ebcf554cbd78e746b2e4cad77b88268a801f19ed5f526ab0c89, -address, /var/run/desktop-containerd/containerd.sock","-","payment-c7df5b49-zlcth"
"2023-08-24 15:17:02","runc, init","-","payment-c7df5b49-zlcth"
"2023-08-24 15:17:02","/usr/bin/containerd-shim-runc-v2, -namespace, moby, -id, a3a42f086388d6c2359539093e56e34df265d5907342c3fe962a6a955d8a93b9, -address, /var/run/desktop-containerd/containerd.sock","-","payment-c7df5b49-zlcth"
"2023-08-24 15:17:02","runc, init","-","payment-c7df5b49-zlcth"
"2023-08-24 15:17:02","/usr/bin/containerd-shim-runc-v2, -namespace, moby, -id, 8c63506e3fd02c7398ce9a3b67f5fb53311f1aa5222a99f95be3400e9a58cf34, -address, /var/run/desktop-containerd/containerd.sock","-","payment-c7df5b49-zlcth"
"2023-08-24 15:16:40","/usr/bin/containerd-shim-runc-v2, -namespace, moby, -id, 26c27c31c3fa99329139db14a2d4d987005c92106bf382115b62cb0601911cfc, -address, /var/run/desktop-containerd/containerd.sock","-","rabbitmq-6576689cc9-hrqlj"
"2023-08-24 15:16:27","/usr/bin/containerd-shim-runc-v2, -namespace, moby, -id, b5acdd385ce8ea62f457dcbbeec9314d2168bced153028deeb85d8f3d222a32a, -address, /var/run/desktop-containerd/containerd.sock","-","session-db-695f7fd48f-j5twv"
"2023-08-24 15:16:24","/usr/bin/containerd-shim-runc-v2, -namespace, moby, -id, c17f7e8e2ff88ebcf554cbd78e746b2e4cad77b88268a801f19ed5f526ab0c89, -address, /var/run/desktop-containerd/containerd.sock","-","user-db-b8dfb847c-fpzdr"
"2023-08-24 15:16:24","runc, --root, /var/run/docker/runtime-runc/moby, --log, /var/run/desktop-containerd/daemon/io.containerd.runtime.v2.task/moby/d7cc9850e2b95b29f342ad21d00ef3676acd4dfad3dd814e66e0e17c727115d6/log.json, --log-format, json, create, --bundle, /var/run/desktop-containerd/daemon/io.containerd.runtime.v2.task/moby/d7cc9850e2b95b29f342ad21d00ef3676acd4dfad3dd814e66e0e17c727115d6, --pid-file, /var/run/desktop-containerd/daemon/io.containerd.runtime.v2.task/moby/d7cc9850e2b95b29f342ad21d00ef3676acd4dfad3dd814e66e0e17c727115d6/init.pid, d7cc9850e2b95b29f342ad21d00ef3676acd4dfad3dd814e66e0e17c727115d6","-","user-db-b8dfb847c-fpzdr"
"2023-08-24 15:16:23","runc, --root, /var/run/docker/runtime-runc/moby, --log, /var/run/desktop-containerd/daemon/io.containerd.runtime.v2.task/moby/d7cc9850e2b95b29f342ad21d00ef3676acd4dfad3dd814e66e0e17c727115d6/log.json, --log-format, json, create, --bundle, /var/run/desktop-containerd/daemon/io.containerd.runtime.v2.task/moby/d7cc9850e2b95b29f342ad21d00ef3676acd4dfad3dd814e66e0e17c727115d6, --pid-file, /var/run/desktop-containerd/daemon/io.containerd.runtime.v2.task/moby/d7cc9850e2b95b29f342ad21d00ef3676acd4dfad3dd814e66e0e17c727115d6/init.pid, d7cc9850e2b95b29f342ad21d00ef3676acd4dfad3dd814e66e0e17c727115d6","-","user-db-b8dfb847c-fpzdr"
"2023-08-24 15:16:23","runc, --root, /var/run/docker/runtime-runc/moby, --log, /var/run/desktop-containerd/daemon/io.containerd.runtime.v2.task/moby/6bb8c2cd2158fba9a8dd8f6ac5f24f79ddca7b7c92294b9b276bf33dba4820f1/log.json, --log-format, json, create, --bundle, /var/run/desktop-containerd/daemon/io.containerd.runtime.v2.task/moby/6bb8c2cd2158fba9a8dd8f6ac5f24f79ddca7b7c92294b9b276bf33dba4820f1, --pid-file, /var/run/desktop-containerd/daemon/io.containerd.runtime.v2.task/moby/6bb8c2cd2158fba9a8dd8f6ac5f24f79ddca7b7c92294b9b276bf33dba4820f1/init.pid, 6bb8c2cd2158fba9a8dd8f6ac5f24f79ddca7b7c92294b9b276bf33dba4820f1","-","user-db-b8dfb847c-fpzdr"
"2023-08-24 15:16:23","/usr/bin/containerd-shim-runc-v2, -namespace, moby, -id, d7cc9850e2b95b29f342ad21d00ef3676acd4dfad3dd814e66e0e17c727115d6, -address, /var/run/desktop-containerd/containerd.sock","-","user-db-b8dfb847c-fpzdr"
"2023-08-24 15:16:23","/usr/bin/containerd-shim-runc-v2, -namespace, moby, -id, 6bb8c2cd2158fba9a8dd8f6ac5f24f79ddca7b7c92294b9b276bf33dba4820f1, -address, /var/run/desktop-containerd/containerd.sock","-","user-db-b8dfb847c-fpzdr"
"2023-08-24 15:16:23","runc, --root, /var/run/docker/runtime-runc/moby, --log, /var/run/desktop-containerd/daemon/io.containerd.runtime.v2.task/moby/014bd9e54eba4612c95234477147dd6499107828e105bed95615de40a72195bd/log.json, --log-format, json, create, --bundle, /var/run/desktop-containerd/daemon/io.containerd.runtime.v2.task/moby/014bd9e54eba4612c95234477147dd6499107828e105bed95615de40a72195bd, --pid-file, /var/run/desktop-containerd/daemon/io.containerd.runtime.v2.task/moby/014bd9e54eba4612c95234477147dd6499107828e105bed95615de40a72195bd/init.pid, 014bd9e54eba4612c95234477147dd6499107828e105bed95615de40a72195bd","-","user-db-b8dfb847c-fpzdr"
"2023-08-24 15:16:23","/usr/bin/containerd-shim-runc-v2, -namespace, moby, -id, 014bd9e54eba4612c95234477147dd6499107828e105bed95615de40a72195bd, -address, /var/run/desktop-containerd/containerd.sock","-","user-db-b8dfb847c-fpzdr"
"2023-08-24 15:16:23","runc, init","-","user-db-b8dfb847c-fpzdr"
"2023-08-24 15:16:23","runc, init","-","user-db-b8dfb847c-fpzdr"
"2023-08-24 15:16:23","runc, init","-","user-db-b8dfb847c-fpzdr"
"2023-08-24 15:15:54","runc, init","-","carts-db-67f744dd5f-jsmnm"
"2023-08-24 15:15:54","/usr/bin/containerd-shim-runc-v2, -namespace, moby, -id, 28ed0d95c82306938738262c5ba66cbcf51b34d2d8dc5aa2531c4538f3de6a87, -address, /var/run/desktop-containerd/containerd.sock","-","carts-db-67f744dd5f-jsmnm"
"2023-08-24 15:15:54","/usr/bin/containerd-shim-runc-v2, -namespace, moby, -id, b07b4c38e882433ca2754dfcfd4555482ed5d885bec6b5c505b59f4def5c130a, -address, /var/run/desktop-containerd/containerd.sock","-","carts-db-67f744dd5f-jsmnm"
"2023-08-24 15:15:23","/usr/bin/containerd-shim-runc-v2, -namespace, moby, -id, 7383117ddbdeb8dc874e0e01bce2267fef86936f77c428d6823cba014f4bc2ff, -address, /var/run/desktop-containerd/containerd.sock","-","shipping-79c568cddc-jtq95"
"2023-08-24 15:15:22","/usr/bin/containerd-shim-runc-v2, -namespace, moby, -id, 893be13341cb67db74e636360732d26cf3b41e8bf7daf7942bd12917715fa1ac, -address, /var/run/desktop-containerd/containerd.sock","-","payment-c7df5b49-zlcth"
"2023-08-24 15:15:17","/usr/bin/containerd-shim-runc-v2, -namespace, moby, -id, b1394595a595a1aef4d68689222ed1a8ab556916fe484ab8758265de360d9d71, -address, /var/run/desktop-containerd/containerd.sock","-","session-db-695f7fd48f-j5twv"
"2023-08-24 15:15:17","runc, --root, /var/run/docker/runtime-runc/moby, --log, /var/run/desktop-containerd/daemon/io.containerd.runtime.v2.task/moby/b1394595a595a1aef4d68689222ed1a8ab556916fe484ab8758265de360d9d71/log.json, --log-format, json, create, --bundle, /var/run/desktop-containerd/daemon/io.containerd.runtime.v2.task/moby/b1394595a595a1aef4d68689222ed1a8ab556916fe484ab8758265de360d9d71, --pid-file, /var/run/desktop-containerd/daemon/io.containerd.runtime.v2.task/moby/b1394595a595a1aef4d68689222ed1a8ab556916fe484ab8758265de360d9d71/init.pid, b1394595a595a1aef4d68689222ed1a8ab556916fe484ab8758265de360d9d71","-","session-db-695f7fd48f-j5twv"
"2023-08-24 15:15:17","runc, init","-","session-db-695f7fd48f-j5twv"
"2023-08-24 15:15:17","runc, --root, /var/run/docker/runtime-runc/moby, --log, /var/run/desktop-containerd/daemon/io.containerd.runtime.v2.task/moby/893be13341cb67db74e636360732d26cf3b41e8bf7daf7942bd12917715fa1ac/log.json, --log-format, json, create, --bundle, /var/run/desktop-containerd/daemon/io.containerd.runtime.v2.task/moby/893be13341cb67db74e636360732d26cf3b41e8bf7daf7942bd12917715fa1ac, --pid-file, /var/run/desktop-containerd/daemon/io.containerd.runtime.v2.task/moby/893be13341cb67db74e636360732d26cf3b41e8bf7daf7942bd12917715fa1ac/init.pid, 893be13341cb67db74e636360732d26cf3b41e8bf7daf7942bd12917715fa1ac","-","session-db-695f7fd48f-j5twv"
"2023-08-24 15:15:17","runc, --root, /var/run/docker/runtime-runc/moby, --log, /var/run/desktop-containerd/daemon/io.containerd.runtime.v2.task/moby/b07b4c38e882433ca2754dfcfd4555482ed5d885bec6b5c505b59f4def5c130a/log.json, --log-format, json, create, --bundle, /var/run/desktop-containerd/daemon/io.containerd.runtime.v2.task/moby/b07b4c38e882433ca2754dfcfd4555482ed5d885bec6b5c505b59f4def5c130a, --pid-file, /var/run/desktop-containerd/daemon/io.containerd.runtime.v2.task/moby/b07b4c38e882433ca2754dfcfd4555482ed5d885bec6b5c505b59f4def5c130a/init.pid, b07b4c38e882433ca2754dfcfd4555482ed5d885bec6b5c505b59f4def5c130a","-","session-db-695f7fd48f-j5twv"
"2023-08-24 15:14:58","/usr/bin/containerd-shim-runc-v2, -namespace, moby, -id, fea493221aa42cdaea373f21e33a88d7b489b2cfd025c207e9b6f433183ad81e, -address, /var/run/desktop-containerd/containerd.sock","-","orders-74f65597c5-c4dth"
"2023-08-24 15:14:58","runc, init","-","orders-74f65597c5-c4dth"
"2023-08-24 15:14:58","/usr/bin/containerd-shim-runc-v2, -namespace, moby, -id, 4780e250fb3611557a38b4197778ab4283f21116b326610feca95cd447ef34ac, -address, /var/run/desktop-containerd/containerd.sock","-","orders-74f65597c5-c4dth"
"2023-08-24 15:14:56","/usr/bin/containerd-shim-runc-v2, -namespace, moby, -id, 090c3d84dc0ff07f218f110568b7d9f71ad0e04f3e46b38985ecc11089952036, -address, /var/run/desktop-containerd/containerd.sock","-","shipping-79c568cddc-jtq95"
"2023-08-24 15:14:35","/usr/bin/containerd-shim-runc-v2, -namespace, moby, -id, 6b16ac603516d5b89fdc85207269b35179541c368c6d09f2f73db6078b00c241, -address, /var/run/desktop-containerd/containerd.sock","-","catalogue-db-6b55d8cdb7-69crs"
"2023-08-24 15:14:21","/usr/bin/containerd-shim-runc-v2, -namespace, moby, -id, 090c3d84dc0ff07f218f110568b7d9f71ad0e04f3e46b38985ecc11089952036, -address, /var/run/desktop-containerd/containerd.sock","-","user-db-b8dfb847c-fpzdr"
"2023-08-24 15:14:21","/usr/bin/containerd-shim-runc-v2, -namespace, moby, -id, 369e91afcf25dbb44e8b344d7b7eb52541855c4fbf4482d14e451df34dd58aaf, -address, /var/run/desktop-containerd/containerd.sock","-","user-db-b8dfb847c-fpzdr"
"2023-08-24 15:14:20","/usr/bin/containerd-shim-runc-v2, -namespace, moby, -id, 4512f565f17959bcdd8ef18ab9530931954b9286a6e4940367ca790f9f1cc8d7, -address, /var/run/desktop-containerd/containerd.sock","-","front-end-7f5c844b4c-c8gzm"
"2023-08-24 15:14:19","/usr/bin/containerd-shim-runc-v2, -namespace, moby, -id, 4512f565f17959bcdd8ef18ab9530931954b9286a6e4940367ca790f9f1cc8d7, -address, /var/run/desktop-containerd/containerd.sock","-","carts-7bbf9dc945-gw8gn"
"2023-08-24 15:14:19","runc, --root, /var/run/docker/runtime-runc/moby, --log, /var/run/desktop-containerd/daemon/io.containerd.runtime.v2.task/moby/4780e250fb3611557a38b4197778ab4283f21116b326610feca95cd447ef34ac/log.json, --log-format, json, create, --bundle, /var/run/desktop-containerd/daemon/io.containerd.runtime.v2.task/moby/4780e250fb3611557a38b4197778ab4283f21116b326610feca95cd447ef34ac, --pid-file, /var/run/desktop-containerd/daemon/io.containerd.runtime.v2.task/moby/4780e250fb3611557a38b4197778ab4283f21116b326610feca95cd447ef34ac/init.pid, 4780e250fb3611557a38b4197778ab4283f21116b326610feca95cd447ef34ac","-","carts-7bbf9dc945-gw8gn"
"2023-08-24 15:14:17","/usr/bin/containerd-shim-runc-v2, -namespace, moby, -id, cda587b0a52dfbe9257b3662877812f7866fb569a5d76ec89336e24810c5312a, -address, /var/run/desktop-containerd/containerd.sock","-","user-79dddf5cc9-rvpfd"
"2023-08-24 15:14:17","runc, --root, /var/run/docker/runtime-runc/moby, --log, /var/run/desktop-containerd/daemon/io.containerd.runtime.v2.task/moby/cda587b0a52dfbe9257b3662877812f7866fb569a5d76ec89336e24810c5312a/log.json, --log-format, json, create, --bundle, /var/run/desktop-containerd/daemon/io.containerd.runtime.v2.task/moby/cda587b0a52dfbe9257b3662877812f7866fb569a5d76ec89336e24810c5312a, --pid-file, /var/run/desktop-containerd/daemon/io.containerd.runtime.v2.task/moby/cda587b0a52dfbe9257b3662877812f7866fb569a5d76ec89336e24810c5312a/init.pid, cda587b0a52dfbe9257b3662877812f7866fb569a5d76ec89336e24810c5312a","-","user-79dddf5cc9-rvpfd"
"2023-08-24 15:14:17","runc, init","-","user-79dddf5cc9-rvpfd"
"2023-08-24 15:14:17","/usr/bin/containerd-shim-runc-v2, -namespace, moby, -id, ea5e49cb58074d71b9c112e438ea90ba9c53d59d11deee7a02e9601c5708cfd5, -address, /var/run/desktop-containerd/containerd.sock","-","user-79dddf5cc9-rvpfd"
"2023-08-24 15:14:17","runc, init","-","user-79dddf5cc9-rvpfd"
"2023-08-24 15:14:17","runc, --root, /var/run/docker/runtime-runc/moby, --log, /var/run/desktop-containerd/daemon/io.containerd.runtime.v2.task/moby/ea5e49cb58074d71b9c112e438ea90ba9c53d59d11deee7a02e9601c5708cfd5/log.json, --log-format, json, create, --bundle, /var/run/desktop-containerd/daemon/io.containerd.runtime.v2.task/moby/ea5e49cb58074d71b9c112e438ea90ba9c53d59d11deee7a02e9601c5708cfd5, --pid-file, /var/run/desktop-containerd/daemon/io.containerd.runtime.v2.task/moby/ea5e49cb58074d71b9c112e438ea90ba9c53d59d11deee7a02e9601c5708cfd5/init.pid, ea5e49cb58074d71b9c112e438ea90ba9c53d59d11deee7a02e9601c5708cfd5","-","user-79dddf5cc9-rvpfd"
"2023-08-24 15:13:22","/usr/bin/containerd-shim-runc-v2, -namespace, moby, -id, 09bec8d8534e7256116841a67d069fc6aa1fb9743a5cdac6a9ece2c652dba255, -address, /var/run/desktop-containerd/containerd.sock","-","user-db-b8dfb847c-fpzdr"
"2023-08-24 15:13:21","/usr/bin/containerd-shim-runc-v2, -namespace, moby, -id, 09bec8d8534e7256116841a67d069fc6aa1fb9743a5cdac6a9ece2c652dba255, -address, /var/run/desktop-containerd/containerd.sock","-","user-db-b8dfb847c-fpzdr"
"2023-08-24 15:13:18","runc, --root, /var/run/docker/runtime-runc/moby, --log, /var/run/desktop-containerd/daemon/io.containerd.runtime.v2.task/moby/df4adcd0497e2e19e0d37b493a14b611b1d7a8c74713eb5a082d45050f3fef0e/log.json, --log-format, json, create, --bundle, /var/run/desktop-containerd/daemon/io.containerd.runtime.v2.task/moby/df4adcd0497e2e19e0d37b493a14b611b1d7a8c74713eb5a082d45050f3fef0e, --pid-file, /var/run/desktop-containerd/daemon/io.containerd.runtime.v2.task/moby/df4adcd0497e2e19e0d37b493a14b611b1d7a8c74713eb5a082d45050f3fef0e/init.pid, df4adcd0497e2e19e0d37b493a14b611b1d7a8c74713eb5a082d45050f3fef0e","-","carts-7bbf9dc945-gw8gn"
"2023-08-24 15:13:18","runc, --root, /var/run/docker/runtime-runc/moby, --log, /var/run/desktop-containerd/daemon/io.containerd.runtime.v2.task/moby/9f36de4be6178ac3aff1b220461ae1ca80c3db0340db3a38cabf9fbf2af13d40/log.json, --log-format, json, create, --bundle, /var/run/desktop-containerd/daemon/io.containerd.runtime.v2.task/moby/9f36de4be6178ac3aff1b220461ae1ca80c3db0340db3a38cabf9fbf2af13d40, --pid-file, /var/run/desktop-containerd/daemon/io.containerd.runtime.v2.task/moby/9f36de4be6178ac3aff1b220461ae1ca80c3db0340db3a38cabf9fbf2af13d40/init.pid, 9f36de4be6178ac3aff1b220461ae1ca80c3db0340db3a38cabf9fbf2af13d40","-","carts-7bbf9dc945-gw8gn"
"2023-08-24 15:13:18","runc, --root, /var/run/docker/runtime-runc/moby, --log, /var/run/desktop-containerd/daemon/io.containerd.runtime.v2.task/moby/afa2da6f36680a360848e916b1ea785fe29d939a9b21534587b0249cf41019cc/log.json, --log-format, json, create, --bundle, /var/run/desktop-containerd/daemon/io.containerd.runtime.v2.task/moby/afa2da6f36680a360848e916b1ea785fe29d939a9b21534587b0249cf41019cc, --pid-file, /var/run/desktop-containerd/daemon/io.containerd.runtime.v2.task/moby/afa2da6f36680a360848e916b1ea785fe29d939a9b21534587b0249cf41019cc/init.pid, afa2da6f36680a360848e916b1ea785fe29d939a9b21534587b0249cf41019cc","-","carts-7bbf9dc945-gw8gn"
"2023-08-24 15:13:18","runc, --root, /var/run/docker/runtime-runc/moby, --log, /var/run/desktop-containerd/daemon/io.containerd.runtime.v2.task/moby/9f0c73c0715fa8af1b56720fb51b7f5709ccd07ba322532bea24439dbe9d70fc/log.json, --log-format, json, create, --bundle, /var/run/desktop-containerd/daemon/io.containerd.runtime.v2.task/moby/9f0c73c0715fa8af1b56720fb51b7f5709ccd07ba322532bea24439dbe9d70fc, --pid-file, /var/run/desktop-containerd/daemon/io.containerd.runtime.v2.task/moby/9f0c73c0715fa8af1b56720fb51b7f5709ccd07ba322532bea24439dbe9d70fc/init.pid, 9f0c73c0715fa8af1b56720fb51b7f5709ccd07ba322532bea24439dbe9d70fc","-","carts-7bbf9dc945-gw8gn"
"2023-08-24 15:12:18","/usr/bin/containerd-shim-runc-v2, -namespace, moby, -id, 61e516af7306e8f435d586f38d96ad3f524193c3fce0257f1ea1468bc451d692, -address, /var/run/desktop-containerd/containerd.sock","-","carts-db-67f744dd5f-jsmnm"
"2023-08-24 15:12:15","runc, init","-","payment-c7df5b49-zlcth"
"2023-08-24 15:12:15","runc, init","-","payment-c7df5b49-zlcth"
"2023-08-24 15:12:15","runc, init","-","payment-c7df5b49-zlcth"
"2023-08-24 15:12:15","runc, init","-","payment-c7df5b49-zlcth"
"2023-08-24 15:12:15","/usr/bin/containerd-shim-runc-v2, -namespace, moby, -id, 0e9fbf30dd20def362e33d7239ea739fa283a1fe62a2fce3cd395bbe7a4de089, -address, /var/run/desktop-containerd/containerd.sock","-","payment-c7df5b49-zlcth"
"2023-08-24 15:12:15","runc, --root, /var/run/docker/runtime-runc/moby, --log, /var/run/desktop-containerd/daemon/io.containerd.runtime.v2.task/moby/0e9fbf30dd20def362e33d7239ea739fa283a1fe62a2fce3cd395bbe7a4de089/log.json, --log-format, json, create, --bundle, /var/run/desktop-containerd/daemon/io.containerd.runtime.v2.task/moby/0e9fbf30dd20def362e33d7239ea739fa283a1fe62a2fce3cd395bbe7a4de089, --pid-file, /var/run/desktop-containerd/daemon/io.containerd.runtime.v2.task/moby/0e9fbf30dd20def362e33d7239ea739fa283a1fe62a2fce3cd395bbe7a4de089/init.pid, 0e9fbf30dd20def362e33d7239ea739fa283a1fe62a2fce3cd395bbe7a4de089","-","payment-c7df5b49-zlcth"
"2023-08-24 15:12:14","/usr/bin/containerd-shim-runc-v2, -namespace, moby, -id, 81a778859202105d96e1320d02f4aa7f49dc08a8507b6576cc0f7e750e3d6c80, -address, /var/run/desktop-containerd/containerd.sock","-","payment-c7df5b49-zlcth"
"2023-08-24 15:12:14","/usr/bin/containerd-shim-runc-v2, -namespace, moby, -id, c15d7f2e97118eb6ed460417f79d4d662af1eb52e81e98f0e594d26813bba2fe, -address, /var/run/desktop-containerd/containerd.sock","-","payment-c7df5b49-zlcth"
"2023-08-24 15:12:14","runc, --root, /var/run/docker/runtime-runc/moby, --log, /var/run/desktop-containerd/daemon/io.containerd.runtime.v2.task/moby/c15d7f2e97118eb6ed460417f79d4d662af1eb52e81e98f0e594d26813bba2fe/log.json, --log-format, json, create, --bundle, /var/run/desktop-containerd/daemon/io.containerd.runtime.v2.task/moby/c15d7f2e97118eb6ed460417f79d4d662af1eb52e81e98f0e594d26813bba2fe, --pid-file, /var/run/desktop-containerd/daemon/io.containerd.runtime.v2.task/moby/c15d7f2e97118eb6ed460417f79d4d662af1eb52e81e98f0e594d26813bba2fe/init.pid, c15d7f2e97118eb6ed460417f79d4d662af1eb52e81e98f0e594d26813bba2fe","-","payment-c7df5b49-zlcth"
"2023-08-24 15:12:14","/usr/bin/containerd-shim-runc-v2, -namespace, moby, -id, 55a515b27401f146e1fdaca81f129feb6f665790db20c764f6df2d1448688508, -address, /var/run/desktop-containerd/containerd.sock","-","payment-c7df5b49-zlcth"
"2023-08-24 15:12:14","runc, --root, /var/run/docker/runtime-runc/moby, --log, /var/run/desktop-containerd/daemon/io.containerd.runtime.v2.task/moby/81a778859202105d96e1320d02f4aa7f49dc08a8507b6576cc0f7e750e3d6c80/log.json, --log-format, json, create, --bundle, /var/run/desktop-containerd/daemon/io.containerd.runtime.v2.task/moby/81a778859202105d96e1320d02f4aa7f49dc08a8507b6576cc0f7e750e3d6c80, --pid-file, /var/run/desktop-containerd/daemon/io.containerd.runtime.v2.task/moby/81a778859202105d96e1320d02f4aa7f49dc08a8507b6576cc0f7e750e3d6c80/init.pid, 81a778859202105d96e1320d02f4aa7f49dc08a8507b6576cc0f7e750e3d6c80","-","payment-c7df5b49-zlcth"
"2023-08-24 15:12:14","runc, --root, /var/run/docker/runtime-runc/moby, --log, /var/run/desktop-containerd/daemon/io.containerd.runtime.v2.task/moby/55a515b27401f146e1fdaca81f129feb6f665790db20c764f6df2d1448688508/log.json, --log-format, json, create, --bundle, /var/run/desktop-containerd/daemon/io.containerd.runtime.v2.task/moby/55a515b27401f146e1fdaca81f129feb6f665790db20c764f6df2d1448688508, --pid-file, /var/run/desktop-containerd/daemon/io.containerd.runtime.v2.task/moby/55a515b27401f146e1fdaca81f129feb6f665790db20c764f6df2d1448688508/init.pid, 55a515b27401f146e1fdaca81f129feb6f665790db20c764f6df2d1448688508","-","payment-c7df5b49-zlcth"
"2023-08-24 15:11:07","/usr/bin/containerd-shim-runc-v2, -namespace, moby, -id, 3a17a0267d27e369f8e16e52a60b765c1a6e76bfe3a79f6c3664fb78c402326f, -address, /var/run/desktop-containerd/containerd.sock","-","rabbitmq-6576689cc9-hrqlj"
"2023-08-24 15:11:07","runc, init","-","rabbitmq-6576689cc9-hrqlj"
"2023-08-24 15:11:07","/usr/bin/containerd-shim-runc-v2, -namespace, moby, -id, 396f2baa0a9be8537f9b63306303ef8b6b1c103ba04c104c58f657d65213eb99, -address, /var/run/desktop-containerd/containerd.sock","-","rabbitmq-6576689cc9-hrqlj"
"2023-08-24 15:11:07","/usr/bin/containerd-shim-runc-v2, -namespace, moby, -id, f337db539017cdc38e7dc9fe6439c5d1b38cfb3cc1f207894df6740019406c50, -address, /var/run/desktop-containerd/containerd.sock","-","rabbitmq-6576689cc9-hrqlj"
"2023-08-24 15:11:01","runc, init","-","carts-db-67f744dd5f-jsmnm"
"2023-08-24 15:11:01","runc, init","-","carts-db-67f744dd5f-jsmnm"
"2023-08-24 15:11:01","runc, init","-","carts-db-67f744dd5f-jsmnm"
"2023-08-24 15:11:01","runc, --root, /var/run/docker/runtime-runc/moby, --log, /var/run/desktop-containerd/daemon/io.containerd.runtime.v2.task/moby/3a17a0267d27e369f8e16e52a60b765c1a6e76bfe3a79f6c3664fb78c402326f/log.json, --log-format, json, create, --bundle, /var/run/desktop-containerd/daemon/io.containerd.runtime.v2.task/moby/3a17a0267d27e369f8e16e52a60b765c1a6e76bfe3a79f6c3664fb78c402326f, --pid-file, /var/run/desktop-containerd/daemon/io.containerd.runtime.v2.task/moby/3a17a0267d27e369f8e16e52a60b765c1a6e76bfe3a79f6c3664fb78c402326f/init.pid, 3a17a0267d27e369f8e16e52a60b765c1a6e76bfe3a79f6c3664fb78c402326f","-","carts-db-67f744dd5f-jsmnm"
"2023-08-24 15:11:01","/usr/bin/containerd-shim-runc-v2, -namespace, moby, -id, 3a17a0267d27e369f8e16e52a60b765c1a6e76bfe3a79f6c3664fb78c402326f, -address, /var/run/desktop-containerd/containerd.sock","-","carts-db-67f744dd5f-jsmnm"
"2023-08-24 15:11:00","/usr/bin/containerd-shim-runc-v2, -namespace, moby, -id, f337db539017cdc38e7dc9fe6439c5d1b38cfb3cc1f207894df6740019406c50, -address, /var/run/desktop-containerd/containerd.sock","-","front-end-7f5c844b4c-c8gzm"
"2023-08-24 15:11:00","/usr/bin/containerd-shim-runc-v2, -namespace, moby, -id, 396f2baa0a9be8537f9b63306303ef8b6b1c103ba04c104c58f657d65213eb99, -address, /var/run/desktop-containerd/containerd.sock","-","front-end-7f5c844b4c-c8gzm"
"2023-08-24 15:11:00","runc, init","-","front-end-7f5c844b4c-c8gzm"
"2023-08-24 15:11:00","runc, --root, /var/run/docker/runtime-runc/moby, --log, /var/run/desktop-containerd/daemon/io.containerd.runtime.v2.task/moby/396f2baa0a9be8537f9b63306303ef8b6b1c103ba04c104c58f657d65213eb99/log.json, --log-format, json, create, --bundle, /var/run/desktop-containerd/daemon/io.containerd.runtime.v2.task/moby/396f2baa0a9be8537f9b63306303ef8b6b1c103ba04c104c58f657d65213eb99, --pid-file, /var/run/desktop-containerd/daemon/io.containerd.runtime.v2.task/moby/396f2baa0a9be8537f9b63306303ef8b6b1c103ba04c104c58f657d65213eb99/init.pid, 396f2baa0a9be8537f9b63306303ef8b6b1c103ba04c104c58f657d65213eb99","-","front-end-7f5c844b4c-c8gzm"
"2023-08-24 15:11:00","runc, --root, /var/run/docker/runtime-runc/moby, --log, /var/run/desktop-containerd/daemon/io.containerd.runtime.v2.task/moby/f337db539017cdc38e7dc9fe6439c5d1b38cfb3cc1f207894df6740019406c50/log.json, --log-format, json, create, --bundle, /var/run/desktop-containerd/daemon/io.containerd.runtime.v2.task/moby/f337db539017cdc38e7dc9fe6439c5d1b38cfb3cc1f207894df6740019406c50, --pid-file, /var/run/desktop-containerd/daemon/io.containerd.runtime.v2.task/moby/f337db539017cdc38e7dc9fe6439c5d1b38cfb3cc1f207894df6740019406c50/init.pid, f337db539017cdc38e7dc9fe6439c5d1b38cfb3cc1f207894df6740019406c50","-","front-end-7f5c844b4c-c8gzm"
"2023-08-24 15:11:00","/usr/bin/containerd-shim-runc-v2, -namespace, moby, -id, b41b9606077d9ca55fe96c8281571a6fecd486bebc62cb9d018f0f1d0754b7f8, -address, /var/run/desktop-containerd/containerd.sock","-","front-end-7f5c844b4c-c8gzm"
"2023-08-24 15:11:00","runc, --root, /var/run/docker/runtime-runc/moby, --log, /var/run/desktop-containerd/daemon/io.containerd.runtime.v2.task/moby/b41b9606077d9ca55fe96c8281571a6fecd486bebc62cb9d018f0f1d0754b7f8/log.json, --log-format, json, create, --bundle, /var/run/desktop-containerd/daemon/io.containerd.runtime.v2.task/moby/b41b9606077d9ca55fe96c8281571a6fecd486bebc62cb9d018f0f1d0754b7f8, --pid-file, /var/run/desktop-containerd/daemon/io.containerd.runtime.v2.task/moby/b41b9606077d9ca55fe96c8281571a6fecd486bebc62cb9d018f0f1d0754b7f8/init.pid, b41b9606077d9ca55fe96c8281571a6fecd486bebc62cb9d018f0f1d0754b7f8","-","front-end-7f5c844b4c-c8gzm"
"2023-08-24 15:10:14","/usr/bin/containerd-shim-runc-v2, -namespace, moby, -id, 2f30a10c6a1c2c39ea87593b0a266d00816a15ee26f934b59679821dbca59422, -address, /var/run/desktop-containerd/containerd.sock","-","user-db-b8dfb847c-fpzdr"
"2023-08-24 15:10:14","runc, init","-","user-db-b8dfb847c-fpzdr"
"2023-08-24 15:10:14","/usr/bin/containerd-shim-runc-v2, -namespace, moby, -id, 12f15471f3244dec7ce14f73b61287749cc6421ffbd0c83548dcbdef49a38d61, -address, /var/run/desktop-containerd/containerd.sock","-","user-db-b8dfb847c-fpzdr"
"2023-08-24 15:10:14","runc, init","-","user-db-b8dfb847c-fpzdr"
"2023-08-24 15:10:11","/usr/bin/containerd-shim-runc-v2, -namespace, moby, -id, a3cda5a3bffa737a3df44057c21bae6cf112426c8c7a3296f2113fe0974525e5, -address, /var/run/desktop-containerd/containerd.sock","-","carts-7bbf9dc945-gw8gn"
"2023-08-24 15:10:11","/usr/bin/containerd-shim-runc-v2, -namespace, moby, -id, 2723687713a69944c28198a2d4d86998e56a7ed68b2fd63b7da3919e54fbca94, -address, /var/run/desktop-containerd/containerd.sock","-","carts-7bbf9dc945-gw8gn"
"2023-08-24 15:10:11","/usr/bin/containerd-shim-runc-v2, -namespace, moby, -id, d84b0751480f10f5a07567d7157a5819cf8c2c75d2d0bb07a9d13735ee17e375, -address, /var/run/desktop-containerd/containerd.sock","-","carts-7bbf9dc945-gw8gn"
"2023-08-24 15:10:11","/usr/bin/containerd-shim-runc-v2, -namespace, moby, -id, 41f04b511d7bee76d565113edeb4f8676ad0e6dcd42227d8d736b9c4a61fe4d1, -address, /var/run/desktop-containerd/containerd.sock","-","carts-7bbf9dc945-gw8gn"
"2023-08-24 15:10:11","runc, init","-","carts-7bbf9dc945-gw8gn"
"2023-08-24 15:10:11","runc, init","-","carts-7bbf9dc945-gw8gn"
"2023-08-24 15:10:08","runc, --root, /var/run/docker/runtime-runc/moby, --log, /var/run/desktop-containerd/daemon/io.containerd.runtime.v2.task/moby/2f30a10c6a1c2c39ea87593b0a266d00816a15ee26f934b59679821dbca59422/log.json, --log-format, json, create, --bundle, /var/run/desktop-containerd/daemon/io.containerd.runtime.v2.task/moby/2f30a10c6a1c2c39ea87593b0a266d00816a15ee26f934b59679821dbca59422, --pid-file, /var/run/desktop-containerd/daemon/io.containerd.runtime.v2.task/moby/2f30a10c6a1c2c39ea87593b0a266d00816a15ee26f934b59679821dbca59422/init.pid, 2f30a10c6a1c2c39ea87593b0a266d00816a15ee26f934b59679821dbca59422","-","carts-7bbf9dc945-gw8gn"
"2023-08-24 15:10:08","runc, --root, /var/run/docker/runtime-runc/moby, --log, /var/run/desktop-containerd/daemon/io.containerd.runtime.v2.task/moby/12f15471f3244dec7ce14f73b61287749cc6421ffbd0c83548dcbdef49a38d61/log.json, --log-format, json, create, --bundle, /var/run/desktop-containerd/daemon/io.containerd.runtime.v2.task/moby/12f15471f3244dec7ce14f73b61287749cc6421ffbd0c83548dcbdef49a38d61, --pid-file, /var/run/desktop-containerd/daemon/io.containerd.runtime.v2.task/moby/12f15471f3244dec7ce14f73b61287749cc6421ffbd0c83548dcbdef49a38d61/init.pid, 12f15471f3244dec7ce14f73b61287749cc6421ffbd0c83548dcbdef49a38d61","-","carts-7bbf9dc945-gw8gn"
"2023-08-24 15:10:08","runc, --root, /var/run/docker/runtime-runc/moby, --log, /var/run/desktop-containerd/daemon/io.containerd.runtime.v2.task/moby/d84b0751480f10f5a07567d7157a5819cf8c2c75d2d0bb07a9d13735ee17e375/log.json, --log-format, json, create, --bundle, /var/run/desktop-containerd/daemon/io.containerd.runtime.v2.task/moby/d84b0751480f10f5a07567d7157a5819cf8c2c75d2d0bb07a9d13735ee17e375, --pid-file, /var/run/desktop-containerd/daemon/io.containerd.runtime.v2.task/moby/d84b0751480f10f5a07567d7157a5819cf8c2c75d2d0bb07a9d13735ee17e375/init.pid, d84b0751480f10f5a07567d7157a5819cf8c2c75d2d0bb07a9d13735ee17e375","-","carts-7bbf9dc945-gw8gn"
"2023-08-24 15:10:08","runc, --root, /var/run/docker/runtime-runc/moby, --log, /var/run/desktop-containerd/daemon/io.containerd.runtime.v2.task/moby/41f04b511d7bee76d565113edeb4f8676ad0e6dcd42227d8d736b9c4a61fe4d1/log.json, --log-format, json, create, --bundle, /var/run/desktop-containerd/daemon/io.containerd.runtime.v2.task/moby/41f04b511d7bee76d565113edeb4f8676ad0e6dcd42227d8d736b9c4a61fe4d1, --pid-file, /var/run/desktop-containerd/daemon/io.containerd.runtime.v2.task/moby/41f04b511d7bee76d565113edeb4f8676ad0e6dcd42227d8d736b9c4a61fe4d1/init.pid, 41f04b511d7bee76d565113edeb4f8676ad0e6dcd42227d8d736b9c4a61fe4d1","-","carts-7bbf9dc945-gw8gn"
"2023-08-24 15:09:43","runc, --version","-","user-db-b8dfb847c-fpzdr"
"2023-08-24 15:09:28","runc, --version","-","catalogue-6479dbb5bd-fgxd7"
"2023-08-24 15:08:43","runc, --version","-","shipping-79c568cddc-jtq95"
"2023-08-24 15:07:44","runc, --version","-","carts-7bbf9dc945-gw8gn"
"2023-08-24 15:06:59","runc, --version","-","orders-74f65597c5-hcj9n"
"2023-08-24 15:06:58","runc, --version","-","orders-74f65597c5-hcj9n"
"2023-08-24 15:06:58","runc, --version","-","orders-74f65597c5-hcj9n"
"2023-08-24 15:06:47","runc, --version","-","payment-c7df5b49-zlcth"
"2023-08-24 15:05:00","runc, --version","-","catalogue-6479dbb5bd-fgxd7"
