"@timestamp","process.args","kubernetes.labels.app","kubernetes.pod.name"
"2023-08-23 06:25:33","/usr/bin/containerd-shim-runc-v2, -namespace, moby, -id, 23f05feea6939ff84f487801b474fc5042467b8b11e05ad6f929e20de518f851, -address, /var/run/desktop-containerd/containerd.sock",adservice,"adservice-76b448fddf-qfsdp"
"2023-08-23 06:25:33","/usr/bin/containerd-shim-runc-v2, -namespace, moby, -id, 5fe8b6f96edfb455489ce7f2779f515fceb3f15a0ff4c1035b0fff94269cf614, -address, /var/run/desktop-containerd/containerd.sock",adservice,"adservice-76b448fddf-qfsdp"
"2023-08-23 06:25:33","/usr/bin/containerd-shim-runc-v2, -namespace, moby, -id, ae719d059c839929f2c32757c75c39d6e2d8208e503199c605a0562c8e44e678, -address, /var/run/desktop-containerd/containerd.sock",adservice,"adservice-76b448fddf-qfsdp"
"2023-08-23 06:25:30","/usr/bin/containerd-shim-runc-v2, -namespace, moby, -id, bba3e60245447f421371d65e83d31094355dd67fc7e16f2bb68f215c6a57624a, -address, /var/run/desktop-containerd/containerd.sock",adservice,"adservice-76b448fddf-qfsdp"
"2023-08-23 06:25:25","/usr/bin/containerd-shim-runc-v2, -namespace, moby, -id, 152502795d65cf87a869dd0293a8427587aef98df2d8c4977b7e8ac91855cf66, -address, /var/run/desktop-containerd/containerd.sock",loadgenerator,"loadgenerator-7f8f5d8fb6-5mm4r"
"2023-08-23 06:25:25","runc, init",loadgenerator,"loadgenerator-7f8f5d8fb6-5mm4r"
"2023-08-23 06:25:25","runc, --root, /var/run/docker/runtime-runc/moby, --log, /var/run/desktop-containerd/daemon/io.containerd.runtime.v2.task/moby/e1b4f39ce84ccc31034524519f911942e554ae92a7ebfea820c461df5c96ed59/log.json, --log-format, json, create, --bundle, /var/run/desktop-containerd/daemon/io.containerd.runtime.v2.task/moby/e1b4f39ce84ccc31034524519f911942e554ae92a7ebfea820c461df5c96ed59, --pid-file, /var/run/desktop-containerd/daemon/io.containerd.runtime.v2.task/moby/e1b4f39ce84ccc31034524519f911942e554ae92a7ebfea820c461df5c96ed59/init.pid, e1b4f39ce84ccc31034524519f911942e554ae92a7ebfea820c461df5c96ed59",loadgenerator,"loadgenerator-7f8f5d8fb6-5mm4r"
"2023-08-23 06:25:25","/usr/bin/containerd-shim-runc-v2, -namespace, moby, -id, e1b4f39ce84ccc31034524519f911942e554ae92a7ebfea820c461df5c96ed59, -address, /var/run/desktop-containerd/containerd.sock",loadgenerator,"loadgenerator-7f8f5d8fb6-5mm4r"
"2023-08-23 06:25:25","runc, init",loadgenerator,"loadgenerator-7f8f5d8fb6-5mm4r"
"2023-08-23 06:25:25","runc, --root, /var/run/docker/runtime-runc/moby, --log, /var/run/desktop-containerd/daemon/io.containerd.runtime.v2.task/moby/152502795d65cf87a869dd0293a8427587aef98df2d8c4977b7e8ac91855cf66/log.json, --log-format, json, create, --bundle, /var/run/desktop-containerd/daemon/io.containerd.runtime.v2.task/moby/152502795d65cf87a869dd0293a8427587aef98df2d8c4977b7e8ac91855cf66, --pid-file, /var/run/desktop-containerd/daemon/io.containerd.runtime.v2.task/moby/152502795d65cf87a869dd0293a8427587aef98df2d8c4977b7e8ac91855cf66/init.pid, 152502795d65cf87a869dd0293a8427587aef98df2d8c4977b7e8ac91855cf66",loadgenerator,"loadgenerator-7f8f5d8fb6-5mm4r"
"2023-08-23 06:25:25","/usr/bin/containerd-shim-runc-v2, -namespace, moby, -id, 7dcb6e2bfd971c433dafe42aaef11952ccbb63458f446f63f906a4f2c0b246c7, -address, /var/run/desktop-containerd/containerd.sock",loadgenerator,"loadgenerator-7f8f5d8fb6-5mm4r"
"2023-08-23 06:25:25","runc, --root, /var/run/docker/runtime-runc/moby, --log, /var/run/desktop-containerd/daemon/io.containerd.runtime.v2.task/moby/7dcb6e2bfd971c433dafe42aaef11952ccbb63458f446f63f906a4f2c0b246c7/log.json, --log-format, json, create, --bundle, /var/run/desktop-containerd/daemon/io.containerd.runtime.v2.task/moby/7dcb6e2bfd971c433dafe42aaef11952ccbb63458f446f63f906a4f2c0b246c7, --pid-file, /var/run/desktop-containerd/daemon/io.containerd.runtime.v2.task/moby/7dcb6e2bfd971c433dafe42aaef11952ccbb63458f446f63f906a4f2c0b246c7/init.pid, 7dcb6e2bfd971c433dafe42aaef11952ccbb63458f446f63f906a4f2c0b246c7",loadgenerator,"loadgenerator-7f8f5d8fb6-5mm4r"
"2023-08-23 06:25:25","runc, init",loadgenerator,"loadgenerator-7f8f5d8fb6-5mm4r"
"2023-08-23 06:24:49","runc, --version",adservice,"adservice-76b448fddf-qfsdp"
"2023-08-23 06:24:49","runc, --version",adservice,"adservice-76b448fddf-qfsdp"
"2023-08-23 06:24:23","/usr/bin/containerd-shim-runc-v2, -namespace, moby, -id, 3ea5eb3c22cffca3cb72f02b0502d72e01fb3793f641d7f183c4fc6e646dc699, -address, /var/run/desktop-containerd/containerd.sock",cartservice,"cartservice-6969c94d94-dvnsh"
"2023-08-23 06:24:23","runc, init",cartservice,"cartservice-6969c94d94-dvnsh"
"2023-08-23 06:24:22","/usr/bin/containerd-shim-runc-v2, -namespace, moby, -id, 12a11a0626ed68c63eaf59a73324bc2626c8c1d3f4dbeb9943d64282562df9e2, -address, /var/run/desktop-containerd/containerd.sock",cartservice,"cartservice-6969c94d94-dvnsh"
"2023-08-23 06:24:22","runc, init",cartservice,"cartservice-6969c94d94-dvnsh"
"2023-08-23 06:24:22","/usr/bin/containerd-shim-runc-v2, -namespace, moby, -id, 36f450b3a6902d29cd20e56e622789e879c6101cff65b5667239dfe6bbcc415c, -address, /var/run/desktop-containerd/containerd.sock",cartservice,"cartservice-6969c94d94-dvnsh"
"2023-08-23 06:24:22","runc, init",cartservice,"cartservice-6969c94d94-dvnsh"
"2023-08-23 06:24:21","/usr/bin/containerd-shim-runc-v2, -namespace, moby, -id, 44d6fd5d621d0627dfb4ce59f68f51b2b12eb1a43d60cbec48892b3c5a3b7d30, -address, /var/run/desktop-containerd/containerd.sock","redis-cart","redis-cart-6997b66668-xkfsv"
"2023-08-23 06:24:20","/usr/bin/containerd-shim-runc-v2, -namespace, moby, -id, bad1d1c20e1888db0869645472dd6cfa1aad78bfdca7de42c1350df80c793fbe, -address, /var/run/desktop-containerd/containerd.sock",shippingservice,"shippingservice-7ccdfd8767-zlxq5"
"2023-08-23 06:24:16","runc, --root, /var/run/docker/runtime-runc/moby, --log, /var/run/desktop-containerd/daemon/io.containerd.runtime.v2.task/moby/3ea5eb3c22cffca3cb72f02b0502d72e01fb3793f641d7f183c4fc6e646dc699/log.json, --log-format, json, create, --bundle, /var/run/desktop-containerd/daemon/io.containerd.runtime.v2.task/moby/3ea5eb3c22cffca3cb72f02b0502d72e01fb3793f641d7f183c4fc6e646dc699, --pid-file, /var/run/desktop-containerd/daemon/io.containerd.runtime.v2.task/moby/3ea5eb3c22cffca3cb72f02b0502d72e01fb3793f641d7f183c4fc6e646dc699/init.pid, 3ea5eb3c22cffca3cb72f02b0502d72e01fb3793f641d7f183c4fc6e646dc699",recommendationservice,"recommendationservice-cc746f6c7-9r7zm"
"2023-08-23 06:24:15","runc, --root, /var/run/docker/runtime-runc/moby, --log, /var/run/desktop-containerd/daemon/io.containerd.runtime.v2.task/moby/42f8cfbc2b7689ba201d715a1e922b3dc47766dd9c0f699d68a052b2ee3e9335/log.json, --log-format, json, exec, --process, /tmp/runc-process863423218, --detach, --pid-file, /var/run/desktop-containerd/daemon/io.containerd.runtime.v2.task/moby/42f8cfbc2b7689ba201d715a1e922b3dc47766dd9c0f699d68a052b2ee3e9335/c2e03153b509c9e903649f4abce6bb71a99cbee66a99b9836f39042630560d17.pid, 42f8cfbc2b7689ba201d715a1e922b3dc47766dd9c0f699d68a052b2ee3e9335",productcatalogservice,"productcatalogservice-6b5dd45849-52szd"
"2023-08-23 06:24:15","runc, --root, /var/run/docker/runtime-runc/moby, --log, /var/run/desktop-containerd/daemon/io.containerd.runtime.v2.task/moby/12a11a0626ed68c63eaf59a73324bc2626c8c1d3f4dbeb9943d64282562df9e2/log.json, --log-format, json, create, --bundle, /var/run/desktop-containerd/daemon/io.containerd.runtime.v2.task/moby/12a11a0626ed68c63eaf59a73324bc2626c8c1d3f4dbeb9943d64282562df9e2, --pid-file, /var/run/desktop-containerd/daemon/io.containerd.runtime.v2.task/moby/12a11a0626ed68c63eaf59a73324bc2626c8c1d3f4dbeb9943d64282562df9e2/init.pid, 12a11a0626ed68c63eaf59a73324bc2626c8c1d3f4dbeb9943d64282562df9e2",productcatalogservice,"productcatalogservice-6b5dd45849-52szd"
"2023-08-23 06:24:15","runc, --root, /var/run/docker/runtime-runc/moby, --log, /var/run/desktop-containerd/daemon/io.containerd.runtime.v2.task/moby/36f450b3a6902d29cd20e56e622789e879c6101cff65b5667239dfe6bbcc415c/log.json, --log-format, json, create, --bundle, /var/run/desktop-containerd/daemon/io.containerd.runtime.v2.task/moby/36f450b3a6902d29cd20e56e622789e879c6101cff65b5667239dfe6bbcc415c, --pid-file, /var/run/desktop-containerd/daemon/io.containerd.runtime.v2.task/moby/36f450b3a6902d29cd20e56e622789e879c6101cff65b5667239dfe6bbcc415c/init.pid, 36f450b3a6902d29cd20e56e622789e879c6101cff65b5667239dfe6bbcc415c",productcatalogservice,"productcatalogservice-6b5dd45849-52szd"
"2023-08-23 06:24:14","runc, init",productcatalogservice,"productcatalogservice-6b5dd45849-52szd"
"2023-08-23 06:24:14","runc, init",productcatalogservice,"productcatalogservice-6b5dd45849-52szd"
"2023-08-23 06:24:14","/usr/bin/containerd-shim-runc-v2, -namespace, moby, -id, 3ea5eb3c22cffca3cb72f02b0502d72e01fb3793f641d7f183c4fc6e646dc699, -address, /var/run/desktop-containerd/containerd.sock",productcatalogservice,"productcatalogservice-6b5dd45849-52szd"
"2023-08-23 06:24:14","/usr/bin/containerd-shim-runc-v2, -namespace, moby, -id, 36f450b3a6902d29cd20e56e622789e879c6101cff65b5667239dfe6bbcc415c, -address, /var/run/desktop-containerd/containerd.sock",productcatalogservice,"productcatalogservice-6b5dd45849-52szd"
"2023-08-23 06:24:14","runc, --root, /var/run/docker/runtime-runc/moby, --log, /var/run/desktop-containerd/daemon/io.containerd.runtime.v2.task/moby/36f450b3a6902d29cd20e56e622789e879c6101cff65b5667239dfe6bbcc415c/log.json, --log-format, json, create, --bundle, /var/run/desktop-containerd/daemon/io.containerd.runtime.v2.task/moby/36f450b3a6902d29cd20e56e622789e879c6101cff65b5667239dfe6bbcc415c, --pid-file, /var/run/desktop-containerd/daemon/io.containerd.runtime.v2.task/moby/36f450b3a6902d29cd20e56e622789e879c6101cff65b5667239dfe6bbcc415c/init.pid, 36f450b3a6902d29cd20e56e622789e879c6101cff65b5667239dfe6bbcc415c",productcatalogservice,"productcatalogservice-6b5dd45849-52szd"
"2023-08-23 06:24:14","/usr/bin/containerd-shim-runc-v2, -namespace, moby, -id, 12a11a0626ed68c63eaf59a73324bc2626c8c1d3f4dbeb9943d64282562df9e2, -address, /var/run/desktop-containerd/containerd.sock",productcatalogservice,"productcatalogservice-6b5dd45849-52szd"
"2023-08-23 06:24:14","runc, --root, /var/run/docker/runtime-runc/moby, --log, /var/run/desktop-containerd/daemon/io.containerd.runtime.v2.task/moby/12a11a0626ed68c63eaf59a73324bc2626c8c1d3f4dbeb9943d64282562df9e2/log.json, --log-format, json, create, --bundle, /var/run/desktop-containerd/daemon/io.containerd.runtime.v2.task/moby/12a11a0626ed68c63eaf59a73324bc2626c8c1d3f4dbeb9943d64282562df9e2, --pid-file, /var/run/desktop-containerd/daemon/io.containerd.runtime.v2.task/moby/12a11a0626ed68c63eaf59a73324bc2626c8c1d3f4dbeb9943d64282562df9e2/init.pid, 12a11a0626ed68c63eaf59a73324bc2626c8c1d3f4dbeb9943d64282562df9e2",productcatalogservice,"productcatalogservice-6b5dd45849-52szd"
"2023-08-23 06:24:14","runc, --root, /var/run/docker/runtime-runc/moby, --log, /var/run/desktop-containerd/daemon/io.containerd.runtime.v2.task/moby/3ea5eb3c22cffca3cb72f02b0502d72e01fb3793f641d7f183c4fc6e646dc699/log.json, --log-format, json, create, --bundle, /var/run/desktop-containerd/daemon/io.containerd.runtime.v2.task/moby/3ea5eb3c22cffca3cb72f02b0502d72e01fb3793f641d7f183c4fc6e646dc699, --pid-file, /var/run/desktop-containerd/daemon/io.containerd.runtime.v2.task/moby/3ea5eb3c22cffca3cb72f02b0502d72e01fb3793f641d7f183c4fc6e646dc699/init.pid, 3ea5eb3c22cffca3cb72f02b0502d72e01fb3793f641d7f183c4fc6e646dc699",productcatalogservice,"productcatalogservice-6b5dd45849-52szd"
"2023-08-23 06:24:14","runc, init",productcatalogservice,"productcatalogservice-6b5dd45849-52szd"
"2023-08-23 06:23:08","runc, --root, /var/run/docker/runtime-runc/moby, --log, /var/run/desktop-containerd/daemon/io.containerd.runtime.v2.task/moby/6cd8eb48f2e932efacb53885e6c10877a33945bd4767352e4fe01e652e5fd686/log.json, --log-format, json, create, --bundle, /var/run/desktop-containerd/daemon/io.containerd.runtime.v2.task/moby/6cd8eb48f2e932efacb53885e6c10877a33945bd4767352e4fe01e652e5fd686, --pid-file, /var/run/desktop-containerd/daemon/io.containerd.runtime.v2.task/moby/6cd8eb48f2e932efacb53885e6c10877a33945bd4767352e4fe01e652e5fd686/init.pid, 6cd8eb48f2e932efacb53885e6c10877a33945bd4767352e4fe01e652e5fd686",loadgenerator,"loadgenerator-7f8f5d8fb6-5mm4r"
"2023-08-23 06:23:08","runc, --root, /var/run/docker/runtime-runc/moby, --log, /var/run/desktop-containerd/daemon/io.containerd.runtime.v2.task/moby/3cd2ac5672f78bbe7f7f5ce95540a0a89ae6f3c4177a0e0dd2ed96cc052d47b8/log.json, --log-format, json, create, --bundle, /var/run/desktop-containerd/daemon/io.containerd.runtime.v2.task/moby/3cd2ac5672f78bbe7f7f5ce95540a0a89ae6f3c4177a0e0dd2ed96cc052d47b8, --pid-file, /var/run/desktop-containerd/daemon/io.containerd.runtime.v2.task/moby/3cd2ac5672f78bbe7f7f5ce95540a0a89ae6f3c4177a0e0dd2ed96cc052d47b8/init.pid, 3cd2ac5672f78bbe7f7f5ce95540a0a89ae6f3c4177a0e0dd2ed96cc052d47b8",loadgenerator,"loadgenerator-7f8f5d8fb6-5mm4r"
"2023-08-23 06:23:07","runc, --root, /var/run/docker/runtime-runc/moby, --log, /var/run/desktop-containerd/daemon/io.containerd.runtime.v2.task/moby/f78ce706919e0e83c0b4a290b6bdbc9747e10ffe86ebdaf4f036b3e475f05b67/log.json, --log-format, json, create, --bundle, /var/run/desktop-containerd/daemon/io.containerd.runtime.v2.task/moby/f78ce706919e0e83c0b4a290b6bdbc9747e10ffe86ebdaf4f036b3e475f05b67, --pid-file, /var/run/desktop-containerd/daemon/io.containerd.runtime.v2.task/moby/f78ce706919e0e83c0b4a290b6bdbc9747e10ffe86ebdaf4f036b3e475f05b67/init.pid, f78ce706919e0e83c0b4a290b6bdbc9747e10ffe86ebdaf4f036b3e475f05b67",frontend,"frontend-846c85c54c-9rg78"
"2023-08-23 06:22:04","/usr/bin/containerd-shim-runc-v2, -namespace, moby, -id, e4e365806a88537e3dc433ad96da316b547e065d7319513d37b46898e3bdee14, -address, /var/run/desktop-containerd/containerd.sock",currencyservice,"currencyservice-ccbc788bc-7lbhx"
"2023-08-23 06:22:04","/usr/bin/containerd-shim-runc-v2, -namespace, moby, -id, 596c1f5be0dc40382f290dc48b07efe6dcc14bbcad92fab6bd4626ff312ceba8, -address, /var/run/desktop-containerd/containerd.sock",currencyservice,"currencyservice-ccbc788bc-7lbhx"
"2023-08-23 06:22:04","/usr/bin/containerd-shim-runc-v2, -namespace, moby, -id, 32ef88aadd684b78a1f031b8deb8e87ec839783c770764e8e17a2984a607f4fa, -address, /var/run/desktop-containerd/containerd.sock",currencyservice,"currencyservice-ccbc788bc-7lbhx"
"2023-08-23 06:21:54","/usr/bin/containerd-shim-runc-v2, -namespace, moby, -id, 32ef88aadd684b78a1f031b8deb8e87ec839783c770764e8e17a2984a607f4fa, -address, /var/run/desktop-containerd/containerd.sock","redis-cart","redis-cart-6997b66668-xkfsv"
"2023-08-23 06:21:54","/usr/bin/containerd-shim-runc-v2, -namespace, moby, -id, e4e365806a88537e3dc433ad96da316b547e065d7319513d37b46898e3bdee14, -address, /var/run/desktop-containerd/containerd.sock","redis-cart","redis-cart-6997b66668-xkfsv"
"2023-08-23 06:21:54","/usr/bin/containerd-shim-runc-v2, -namespace, moby, -id, 596c1f5be0dc40382f290dc48b07efe6dcc14bbcad92fab6bd4626ff312ceba8, -address, /var/run/desktop-containerd/containerd.sock","redis-cart","redis-cart-6997b66668-xkfsv"
"2023-08-23 06:20:52","/usr/bin/containerd-shim-runc-v2, -namespace, moby, -id, f89cf15bbee6a7d03db3480a70bd7f2e769c72e9dac8a5c1f5ddba86cc020957, -address, /var/run/desktop-containerd/containerd.sock",recommendationservice,"recommendationservice-cc746f6c7-9r7zm"
"2023-08-23 06:20:52","/usr/bin/containerd-shim-runc-v2, -namespace, moby, -id, 1358d203d1dce090a3fc17664e1cc7226b5a52305fbf0186c7d24336cd77d97d, -address, /var/run/desktop-containerd/containerd.sock",recommendationservice,"recommendationservice-cc746f6c7-9r7zm"
"2023-08-23 06:20:52","runc, init",recommendationservice,"recommendationservice-cc746f6c7-9r7zm"
"2023-08-23 06:20:52","/usr/bin/containerd-shim-runc-v2, -namespace, moby, -id, ac6434d27be3901579e9edd8d2ad3a16084c57738da0576aeb2af8a808f7b091, -address, /var/run/desktop-containerd/containerd.sock",recommendationservice,"recommendationservice-cc746f6c7-9r7zm"
"2023-08-23 06:20:48","/usr/bin/containerd-shim-runc-v2, -namespace, moby, -id, 3258ca50feac87e5c5f994f6635da848b093a3038f1d04f094264623735e9854, -address, /var/run/desktop-containerd/containerd.sock",productcatalogservice,"productcatalogservice-6b5dd45849-52szd"
"2023-08-23 06:20:42","runc, --root, /var/run/docker/runtime-runc/moby, --log, /var/run/desktop-containerd/daemon/io.containerd.runtime.v2.task/moby/546c6fbaf46c7e31050b4585b79ced4918e9e869280f540c20471315cc2f63f6/log.json, --log-format, json, create, --bundle, /var/run/desktop-containerd/daemon/io.containerd.runtime.v2.task/moby/546c6fbaf46c7e31050b4585b79ced4918e9e869280f540c20471315cc2f63f6, --pid-file, /var/run/desktop-containerd/daemon/io.containerd.runtime.v2.task/moby/546c6fbaf46c7e31050b4585b79ced4918e9e869280f540c20471315cc2f63f6/init.pid, 546c6fbaf46c7e31050b4585b79ced4918e9e869280f540c20471315cc2f63f6",loadgenerator,"loadgenerator-7f8f5d8fb6-5mm4r"
"2023-08-23 06:20:42","runc, init",loadgenerator,"loadgenerator-7f8f5d8fb6-5mm4r"
"2023-08-23 06:20:42","runc, --root, /var/run/docker/runtime-runc/moby, --log, /var/run/desktop-containerd/daemon/io.containerd.runtime.v2.task/moby/1358d203d1dce090a3fc17664e1cc7226b5a52305fbf0186c7d24336cd77d97d/log.json, --log-format, json, create, --bundle, /var/run/desktop-containerd/daemon/io.containerd.runtime.v2.task/moby/1358d203d1dce090a3fc17664e1cc7226b5a52305fbf0186c7d24336cd77d97d, --pid-file, /var/run/desktop-containerd/daemon/io.containerd.runtime.v2.task/moby/1358d203d1dce090a3fc17664e1cc7226b5a52305fbf0186c7d24336cd77d97d/init.pid, 1358d203d1dce090a3fc17664e1cc7226b5a52305fbf0186c7d24336cd77d97d",loadgenerator,"loadgenerator-7f8f5d8fb6-5mm4r"
"2023-08-23 06:20:42","runc, init",loadgenerator,"loadgenerator-7f8f5d8fb6-5mm4r"
"2023-08-23 06:20:42","runc, --root, /var/run/docker/runtime-runc/moby, --log, /var/run/desktop-containerd/daemon/io.containerd.runtime.v2.task/moby/3258ca50feac87e5c5f994f6635da848b093a3038f1d04f094264623735e9854/log.json, --log-format, json, create, --bundle, /var/run/desktop-containerd/daemon/io.containerd.runtime.v2.task/moby/3258ca50feac87e5c5f994f6635da848b093a3038f1d04f094264623735e9854, --pid-file, /var/run/desktop-containerd/daemon/io.containerd.runtime.v2.task/moby/3258ca50feac87e5c5f994f6635da848b093a3038f1d04f094264623735e9854/init.pid, 3258ca50feac87e5c5f994f6635da848b093a3038f1d04f094264623735e9854",loadgenerator,"loadgenerator-7f8f5d8fb6-5mm4r"
"2023-08-23 06:20:42","runc, init",loadgenerator,"loadgenerator-7f8f5d8fb6-5mm4r"
"2023-08-23 06:20:42","/usr/bin/containerd-shim-runc-v2, -namespace, moby, -id, 546c6fbaf46c7e31050b4585b79ced4918e9e869280f540c20471315cc2f63f6, -address, /var/run/desktop-containerd/containerd.sock",loadgenerator,"loadgenerator-7f8f5d8fb6-5mm4r"
"2023-08-23 06:20:42","/usr/bin/containerd-shim-runc-v2, -namespace, moby, -id, 1358d203d1dce090a3fc17664e1cc7226b5a52305fbf0186c7d24336cd77d97d, -address, /var/run/desktop-containerd/containerd.sock",loadgenerator,"loadgenerator-7f8f5d8fb6-5mm4r"
"2023-08-23 06:20:42","/usr/bin/containerd-shim-runc-v2, -namespace, moby, -id, 3258ca50feac87e5c5f994f6635da848b093a3038f1d04f094264623735e9854, -address, /var/run/desktop-containerd/containerd.sock",loadgenerator,"loadgenerator-7f8f5d8fb6-5mm4r"
"2023-08-23 06:19:52","/usr/bin/containerd-shim-runc-v2, -namespace, moby, -id, 820288937b9e251e58ae545d283433a2c1c6f64dd0d19ba5204457d9e76f9aec, -address, /var/run/desktop-containerd/containerd.sock",shippingservice,"shippingservice-7ccdfd8767-zlxq5"
"2023-08-23 06:19:52","/usr/bin/containerd-shim-runc-v2, -namespace, moby, -id, babd8d8c0eed6334f2dbdbd023d66aafe9bfebb10f85dc0dee8aa474854e9279, -address, /var/run/desktop-containerd/containerd.sock",shippingservice,"shippingservice-7ccdfd8767-zlxq5"
"2023-08-23 06:19:46","/usr/bin/containerd-shim-runc-v2, -namespace, moby, -id, 850a2b08d4fbad9a15df85b53811dc24a4535669531426e221b4fe44f156ca58, -address, /var/run/desktop-containerd/containerd.sock",paymentservice,"paymentservice-78549bfd9c-h8tg5"
"2023-08-23 06:19:45","/usr/bin/containerd-shim-runc-v2, -namespace, moby, -id, 09cb9dc1c34ed770b2d15edbfba25bd9be498d92850cc54d70cf03d29ef09d53, -address, /var/run/desktop-containerd/containerd.sock",paymentservice,"paymentservice-78549bfd9c-h8tg5"
"2023-08-23 06:19:45","/usr/bin/containerd-shim-runc-v2, -namespace, moby, -id, 489864dbb0c0812fe60cbed60c6421ae32dcef8394a0ceeb37a5cefedc06f76c, -address, /var/run/desktop-containerd/containerd.sock",paymentservice,"paymentservice-78549bfd9c-h8tg5"
"2023-08-23 06:19:43","/usr/bin/containerd-shim-runc-v2, -namespace, moby, -id, 09cb9dc1c34ed770b2d15edbfba25bd9be498d92850cc54d70cf03d29ef09d53, -address, /var/run/desktop-containerd/containerd.sock",loadgenerator,"loadgenerator-7f8f5d8fb6-5mm4r"
"2023-08-23 06:19:43","/usr/bin/containerd-shim-runc-v2, -namespace, moby, -id, 6ad29d2eb61d9edd3a5a52514ba48c097ac18a486a083cdd9b71538c382eb2fe, -address, /var/run/desktop-containerd/containerd.sock",loadgenerator,"loadgenerator-7f8f5d8fb6-5mm4r"
"2023-08-23 06:19:43","/usr/bin/containerd-shim-runc-v2, -namespace, moby, -id, 23c8219d534b942a5d208b6eea5ec0f5bc2d90f989b7322685f03878bb026f9a, -address, /var/run/desktop-containerd/containerd.sock",loadgenerator,"loadgenerator-7f8f5d8fb6-5mm4r"
"2023-08-23 06:19:43","/usr/bin/containerd-shim-runc-v2, -namespace, moby, -id, 54c8b63c1b658d3f80105c51bba666c3f6e8ed0fe61cf803e8f5c0424ead50ab, -address, /var/run/desktop-containerd/containerd.sock",loadgenerator,"loadgenerator-7f8f5d8fb6-5mm4r"
"2023-08-23 06:19:42","/usr/bin/containerd-shim-runc-v2, -namespace, moby, -id, 850a2b08d4fbad9a15df85b53811dc24a4535669531426e221b4fe44f156ca58, -address, /var/run/desktop-containerd/containerd.sock",frontend,"frontend-846c85c54c-9rg78"
"2023-08-23 06:19:42","/usr/bin/containerd-shim-runc-v2, -namespace, moby, -id, 489864dbb0c0812fe60cbed60c6421ae32dcef8394a0ceeb37a5cefedc06f76c, -address, /var/run/desktop-containerd/containerd.sock",frontend,"frontend-846c85c54c-9rg78"
"2023-08-23 06:19:42","/usr/bin/containerd-shim-runc-v2, -namespace, moby, -id, b7d9a1cb74105254f98c7f09eb6cc1afeee004c7ff0da4347a77fb6d1a2a78b0, -address, /var/run/desktop-containerd/containerd.sock",frontend,"frontend-846c85c54c-9rg78"
"2023-08-23 06:19:42","/usr/bin/containerd-shim-runc-v2, -namespace, moby, -id, 0d51a0faad4699c57b276bd4dfe9b1e3a647fac3577d83b0e1ca96ad4abd72b9, -address, /var/run/desktop-containerd/containerd.sock",frontend,"frontend-846c85c54c-9rg78"
"2023-08-23 06:19:41","/usr/bin/containerd-shim-runc-v2, -namespace, moby, -id, 0d51a0faad4699c57b276bd4dfe9b1e3a647fac3577d83b0e1ca96ad4abd72b9, -address, /var/run/desktop-containerd/containerd.sock",frontend,"frontend-846c85c54c-9rg78"
"2023-08-23 06:19:41","/usr/bin/containerd-shim-runc-v2, -namespace, moby, -id, b7d9a1cb74105254f98c7f09eb6cc1afeee004c7ff0da4347a77fb6d1a2a78b0, -address, /var/run/desktop-containerd/containerd.sock",frontend,"frontend-846c85c54c-9rg78"
"2023-08-23 06:18:41","/usr/bin/containerd-shim-runc-v2, -namespace, moby, -id, 63ecf2c60458fa6b75fc53125a12640a9088c190d6a817b192c08b5709472894, -address, /var/run/desktop-containerd/containerd.sock",frontend,"frontend-846c85c54c-9rg78"
"2023-08-23 06:18:41","/usr/bin/containerd-shim-runc-v2, -namespace, moby, -id, 1117b1d336c818fd4fd2c27d0ac0415e12842bb2c5fc524a3d29c6e58f678a39, -address, /var/run/desktop-containerd/containerd.sock",loadgenerator,"loadgenerator-7f8f5d8fb6-5mm4r"
"2023-08-23 06:18:35","/usr/bin/containerd-shim-runc-v2, -namespace, moby, -id, 648de851f210b9a1ccd245cd45bbebbd796cc81f99532e67767addc1f7157096, -address, /var/run/desktop-containerd/containerd.sock",emailservice,"emailservice-9f8578d69-r6rx8"
"2023-08-23 06:18:30","/usr/bin/containerd-shim-runc-v2, -namespace, moby, -id, 52a3f57095d625245945094801c7336e4c4fd039e0c2d6533031170c59bc1165, -address, /var/run/desktop-containerd/containerd.sock","redis-cart","redis-cart-6997b66668-xkfsv"
"2023-08-23 06:18:29","/usr/bin/containerd-shim-runc-v2, -namespace, moby, -id, 3d8cb194275f73132be7386211936f14a0405a39dc0bf49e4a1a095a671ee144, -address, /var/run/desktop-containerd/containerd.sock",currencyservice,"currencyservice-ccbc788bc-7lbhx"
"2023-08-23 06:18:29","/usr/bin/containerd-shim-runc-v2, -namespace, moby, -id, 52a3f57095d625245945094801c7336e4c4fd039e0c2d6533031170c59bc1165, -address, /var/run/desktop-containerd/containerd.sock",currencyservice,"currencyservice-ccbc788bc-7lbhx"
"2023-08-23 06:18:29","runc, --root, /var/run/docker/runtime-runc/moby, --log, /var/run/desktop-containerd/daemon/io.containerd.runtime.v2.task/moby/8d41e6b3604337711262d98034a8df4e43309feebb55fcb2c058919f62bd1e20/log.json, --log-format, json, create, --bundle, /var/run/desktop-containerd/daemon/io.containerd.runtime.v2.task/moby/8d41e6b3604337711262d98034a8df4e43309feebb55fcb2c058919f62bd1e20, --pid-file, /var/run/desktop-containerd/daemon/io.containerd.runtime.v2.task/moby/8d41e6b3604337711262d98034a8df4e43309feebb55fcb2c058919f62bd1e20/init.pid, 8d41e6b3604337711262d98034a8df4e43309feebb55fcb2c058919f62bd1e20",currencyservice,"currencyservice-ccbc788bc-7lbhx"
"2023-08-23 06:18:29","runc, --root, /var/run/docker/runtime-runc/moby, --log, /var/run/desktop-containerd/daemon/io.containerd.runtime.v2.task/moby/5ca4954a95aa6dae02acc9948f9708fb6d53dfd5ea51790f624f458bf452dbbc/log.json, --log-format, json, create, --bundle, /var/run/desktop-containerd/daemon/io.containerd.runtime.v2.task/moby/5ca4954a95aa6dae02acc9948f9708fb6d53dfd5ea51790f624f458bf452dbbc, --pid-file, /var/run/desktop-containerd/daemon/io.containerd.runtime.v2.task/moby/5ca4954a95aa6dae02acc9948f9708fb6d53dfd5ea51790f624f458bf452dbbc/init.pid, 5ca4954a95aa6dae02acc9948f9708fb6d53dfd5ea51790f624f458bf452dbbc",currencyservice,"currencyservice-ccbc788bc-7lbhx"
"2023-08-23 06:18:28","runc, --root, /var/run/docker/runtime-runc/moby, --log, /var/run/desktop-containerd/daemon/io.containerd.runtime.v2.task/moby/5ca4954a95aa6dae02acc9948f9708fb6d53dfd5ea51790f624f458bf452dbbc/log.json, --log-format, json, create, --bundle, /var/run/desktop-containerd/daemon/io.containerd.runtime.v2.task/moby/5ca4954a95aa6dae02acc9948f9708fb6d53dfd5ea51790f624f458bf452dbbc, --pid-file, /var/run/desktop-containerd/daemon/io.containerd.runtime.v2.task/moby/5ca4954a95aa6dae02acc9948f9708fb6d53dfd5ea51790f624f458bf452dbbc/init.pid, 5ca4954a95aa6dae02acc9948f9708fb6d53dfd5ea51790f624f458bf452dbbc",adservice,"adservice-76b448fddf-qfsdp"
"2023-08-23 06:18:28","/usr/bin/containerd-shim-runc-v2, -namespace, moby, -id, 5ca4954a95aa6dae02acc9948f9708fb6d53dfd5ea51790f624f458bf452dbbc, -address, /var/run/desktop-containerd/containerd.sock",adservice,"adservice-76b448fddf-qfsdp"
"2023-08-23 06:18:28","runc, --root, /var/run/docker/runtime-runc/moby, --log, /var/run/desktop-containerd/daemon/io.containerd.runtime.v2.task/moby/8d41e6b3604337711262d98034a8df4e43309feebb55fcb2c058919f62bd1e20/log.json, --log-format, json, create, --bundle, /var/run/desktop-containerd/daemon/io.containerd.runtime.v2.task/moby/8d41e6b3604337711262d98034a8df4e43309feebb55fcb2c058919f62bd1e20, --pid-file, /var/run/desktop-containerd/daemon/io.containerd.runtime.v2.task/moby/8d41e6b3604337711262d98034a8df4e43309feebb55fcb2c058919f62bd1e20/init.pid, 8d41e6b3604337711262d98034a8df4e43309feebb55fcb2c058919f62bd1e20",adservice,"adservice-76b448fddf-qfsdp"
"2023-08-23 06:18:28","runc, init",adservice,"adservice-76b448fddf-qfsdp"
"2023-08-23 06:18:28","/usr/bin/containerd-shim-runc-v2, -namespace, moby, -id, 8d41e6b3604337711262d98034a8df4e43309feebb55fcb2c058919f62bd1e20, -address, /var/run/desktop-containerd/containerd.sock",adservice,"adservice-76b448fddf-qfsdp"
"2023-08-23 06:17:32","runc, init",checkoutservice,"checkoutservice-6d6f4d7cc7-jkzgt"
"2023-08-23 06:17:32","runc, init",checkoutservice,"checkoutservice-6d6f4d7cc7-jkzgt"
"2023-08-23 06:17:32","/usr/bin/containerd-shim-runc-v2, -namespace, moby, -id, 3faf6e2430dcf754b4075f47ee9660028858dc63fd73e18b092271fae26443ec, -address, /var/run/desktop-containerd/containerd.sock",checkoutservice,"checkoutservice-6d6f4d7cc7-jkzgt"
"2023-08-23 06:17:32","runc, init",checkoutservice,"checkoutservice-6d6f4d7cc7-jkzgt"
"2023-08-23 06:17:32","/usr/bin/containerd-shim-runc-v2, -namespace, moby, -id, 4bffa282ba74ca725196176765862b769cbdab226e37a99e8fe20c9efd126e53, -address, /var/run/desktop-containerd/containerd.sock",checkoutservice,"checkoutservice-6d6f4d7cc7-jkzgt"
"2023-08-23 06:17:32","/usr/bin/containerd-shim-runc-v2, -namespace, moby, -id, b34902508d485ffd33a1e7abbbd8385c4846236400293abcd4d34ba9b43fb79b, -address, /var/run/desktop-containerd/containerd.sock",checkoutservice,"checkoutservice-6d6f4d7cc7-jkzgt"
"2023-08-23 06:17:31","/usr/bin/containerd-shim-runc-v2, -namespace, moby, -id, fa4cc7fdc30517f8f832323bb7f0b8ac129b2fc71a5e02c74f6eff427b02022d, -address, /var/run/desktop-containerd/containerd.sock",cartservice,"cartservice-6969c94d94-l66mx"
"2023-08-23 06:17:31","/usr/bin/containerd-shim-runc-v2, -namespace, moby, -id, ec01281debd76beafaa269acced286b81f509335ee2ff646fdea51b720f51871, -address, /var/run/desktop-containerd/containerd.sock",cartservice,"cartservice-6969c94d94-l66mx"
"2023-08-23 06:17:31","/usr/bin/containerd-shim-runc-v2, -namespace, moby, -id, 3611e0261759e0c6e9031e15f8703339f361f84b6230ff87a9328278af3b4480, -address, /var/run/desktop-containerd/containerd.sock",cartservice,"cartservice-6969c94d94-l66mx"
"2023-08-23 06:17:26","/usr/bin/containerd-shim-runc-v2, -namespace, moby, -id, af83dfc7140dff02537e1431eeab16e78b6cf46fa4c275509459339d5c44b23f, -address, /var/run/desktop-containerd/containerd.sock",shippingservice,"shippingservice-7ccdfd8767-zlxq5"
"2023-08-23 06:17:26","/usr/bin/containerd-shim-runc-v2, -namespace, moby, -id, cd3898b1d372dd31954948355ad2239a6fd46e48f47b7d0c826171827c1b4f14, -address, /var/run/desktop-containerd/containerd.sock",shippingservice,"shippingservice-7ccdfd8767-zlxq5"
"2023-08-23 06:17:26","/usr/bin/containerd-shim-runc-v2, -namespace, moby, -id, 22a72132e801b09ec82c41dcd0cd4fd62af1f0378c16cbf30025ae4fb89c1db8, -address, /var/run/desktop-containerd/containerd.sock",shippingservice,"shippingservice-7ccdfd8767-zlxq5"
"2023-08-23 06:17:20","runc, init",recommendationservice,"recommendationservice-cc746f6c7-9r7zm"
"2023-08-23 06:17:20","runc, init",recommendationservice,"recommendationservice-cc746f6c7-9r7zm"
"2023-08-23 06:17:20","/usr/bin/containerd-shim-runc-v2, -namespace, moby, -id, b34902508d485ffd33a1e7abbbd8385c4846236400293abcd4d34ba9b43fb79b, -address, /var/run/desktop-containerd/containerd.sock",recommendationservice,"recommendationservice-cc746f6c7-9r7zm"
"2023-08-23 06:17:20","runc, --root, /var/run/docker/runtime-runc/moby, --log, /var/run/desktop-containerd/daemon/io.containerd.runtime.v2.task/moby/b34902508d485ffd33a1e7abbbd8385c4846236400293abcd4d34ba9b43fb79b/log.json, --log-format, json, create, --bundle, /var/run/desktop-containerd/daemon/io.containerd.runtime.v2.task/moby/b34902508d485ffd33a1e7abbbd8385c4846236400293abcd4d34ba9b43fb79b, --pid-file, /var/run/desktop-containerd/daemon/io.containerd.runtime.v2.task/moby/b34902508d485ffd33a1e7abbbd8385c4846236400293abcd4d34ba9b43fb79b/init.pid, b34902508d485ffd33a1e7abbbd8385c4846236400293abcd4d34ba9b43fb79b",recommendationservice,"recommendationservice-cc746f6c7-9r7zm"
"2023-08-23 06:17:20","/usr/bin/containerd-shim-runc-v2, -namespace, moby, -id, 3faf6e2430dcf754b4075f47ee9660028858dc63fd73e18b092271fae26443ec, -address, /var/run/desktop-containerd/containerd.sock",recommendationservice,"recommendationservice-cc746f6c7-9r7zm"
"2023-08-23 06:17:20","/usr/bin/containerd-shim-runc-v2, -namespace, moby, -id, 4bffa282ba74ca725196176765862b769cbdab226e37a99e8fe20c9efd126e53, -address, /var/run/desktop-containerd/containerd.sock",recommendationservice,"recommendationservice-cc746f6c7-9r7zm"
"2023-08-23 06:17:20","runc, --root, /var/run/docker/runtime-runc/moby, --log, /var/run/desktop-containerd/daemon/io.containerd.runtime.v2.task/moby/3faf6e2430dcf754b4075f47ee9660028858dc63fd73e18b092271fae26443ec/log.json, --log-format, json, create, --bundle, /var/run/desktop-containerd/daemon/io.containerd.runtime.v2.task/moby/3faf6e2430dcf754b4075f47ee9660028858dc63fd73e18b092271fae26443ec, --pid-file, /var/run/desktop-containerd/daemon/io.containerd.runtime.v2.task/moby/3faf6e2430dcf754b4075f47ee9660028858dc63fd73e18b092271fae26443ec/init.pid, 3faf6e2430dcf754b4075f47ee9660028858dc63fd73e18b092271fae26443ec",recommendationservice,"recommendationservice-cc746f6c7-9r7zm"
"2023-08-23 06:17:20","runc, init",recommendationservice,"recommendationservice-cc746f6c7-9r7zm"
"2023-08-23 06:17:20","runc, --root, /var/run/docker/runtime-runc/moby, --log, /var/run/desktop-containerd/daemon/io.containerd.runtime.v2.task/moby/4bffa282ba74ca725196176765862b769cbdab226e37a99e8fe20c9efd126e53/log.json, --log-format, json, create, --bundle, /var/run/desktop-containerd/daemon/io.containerd.runtime.v2.task/moby/4bffa282ba74ca725196176765862b769cbdab226e37a99e8fe20c9efd126e53, --pid-file, /var/run/desktop-containerd/daemon/io.containerd.runtime.v2.task/moby/4bffa282ba74ca725196176765862b769cbdab226e37a99e8fe20c9efd126e53/init.pid, 4bffa282ba74ca725196176765862b769cbdab226e37a99e8fe20c9efd126e53",recommendationservice,"recommendationservice-cc746f6c7-9r7zm"
"2023-08-23 06:16:22","runc, --version",emailservice,"emailservice-9f8578d69-r6rx8"
"2023-08-23 06:16:22","runc, init",emailservice,"emailservice-9f8578d69-r6rx8"
"2023-08-23 06:16:22","/usr/bin/containerd-shim-runc-v2, -namespace, moby, -id, 1339693c0743002f6b6919ac22afbf98618d3d21748ffcb705ffab77514645f5, -address, /var/run/desktop-containerd/containerd.sock",emailservice,"emailservice-9f8578d69-r6rx8"
"2023-08-23 06:16:22","/usr/bin/containerd-shim-runc-v2, -namespace, moby, -id, 9a9e694d549da9bcd9b1ff0e0fcfea6d3d6eaad8015b5a8ec5bd1e06ea05353c, -address, /var/run/desktop-containerd/containerd.sock",emailservice,"emailservice-9f8578d69-r6rx8"
"2023-08-23 06:16:22","/usr/bin/containerd-shim-runc-v2, -namespace, moby, -id, 015c0192e3c00b07faf34b26f0fa13c67aceb48f27ace7abe8a8ada132dff39f, -address, /var/run/desktop-containerd/containerd.sock",emailservice,"emailservice-9f8578d69-r6rx8"
"2023-08-23 06:16:22","/usr/bin/containerd-shim-runc-v2, -namespace, moby, -id, 2eb669e4e92ba6220ba8764ea62887ff633f9a909462680102d7a9500b7ac36e, -address, /var/run/desktop-containerd/containerd.sock",emailservice,"emailservice-9f8578d69-r6rx8"
"2023-08-23 06:16:22","/usr/bin/containerd-shim-runc-v2, -namespace, moby, -id, 0b1cea32bb89f7c9f04b4412d86ff7ac3e00681ef95e91b562c2dcf163d8f41c, -address, /var/run/desktop-containerd/containerd.sock",emailservice,"emailservice-9f8578d69-r6rx8"
"2023-08-23 06:16:22","/usr/bin/containerd-shim-runc-v2, -namespace, moby, -id, 198a321f4f33ee28f24f331dd376c1bfff531ab55ad309a777a1b63e48d60548, -address, /var/run/desktop-containerd/containerd.sock",emailservice,"emailservice-9f8578d69-r6rx8"
"2023-08-23 06:16:18","/usr/bin/containerd-shim-runc-v2, -namespace, moby, -id, e7f977ef86fe946f891e55d1906b29df0302bf356853af1c3fa0e12a99636456, -address, /var/run/desktop-containerd/containerd.sock","redis-cart","redis-cart-6997b66668-xkfsv"
"2023-08-23 06:16:18","/usr/bin/containerd-shim-runc-v2, -namespace, moby, -id, 6f3027eb40853ecd7ffe52d2ce36869f7b3b497c09dbe71fec2759c7599213f9, -address, /var/run/desktop-containerd/containerd.sock","redis-cart","redis-cart-6997b66668-xkfsv"
"2023-08-23 06:16:17","/usr/bin/containerd-shim-runc-v2, -namespace, moby, -id, 4c197bda84d790ae7e6f29be0b56882d0708377b2ae760949f06cb35fcf6e296, -address, /var/run/desktop-containerd/containerd.sock",currencyservice,"currencyservice-ccbc788bc-7lbhx"
"2023-08-23 06:16:14","/usr/bin/containerd-shim-runc-v2, -namespace, moby, -id, 9a9e694d549da9bcd9b1ff0e0fcfea6d3d6eaad8015b5a8ec5bd1e06ea05353c, -address, /var/run/desktop-containerd/containerd.sock",shippingservice,"shippingservice-7ccdfd8767-zlxq5"
"2023-08-23 06:16:14","/usr/bin/containerd-shim-runc-v2, -namespace, moby, -id, 198a321f4f33ee28f24f331dd376c1bfff531ab55ad309a777a1b63e48d60548, -address, /var/run/desktop-containerd/containerd.sock",shippingservice,"shippingservice-7ccdfd8767-zlxq5"
"2023-08-23 06:16:13","/usr/bin/containerd-shim-runc-v2, -namespace, moby, -id, 4c197bda84d790ae7e6f29be0b56882d0708377b2ae760949f06cb35fcf6e296, -address, /var/run/desktop-containerd/containerd.sock",shippingservice,"shippingservice-7ccdfd8767-zlxq5"
"2023-08-23 06:16:13","/usr/bin/containerd-shim-runc-v2, -namespace, moby, -id, 1339693c0743002f6b6919ac22afbf98618d3d21748ffcb705ffab77514645f5, -address, /var/run/desktop-containerd/containerd.sock",shippingservice,"shippingservice-7ccdfd8767-zlxq5"
"2023-08-23 06:16:13","/usr/bin/containerd-shim-runc-v2, -namespace, moby, -id, 6f3027eb40853ecd7ffe52d2ce36869f7b3b497c09dbe71fec2759c7599213f9, -address, /var/run/desktop-containerd/containerd.sock",shippingservice,"shippingservice-7ccdfd8767-zlxq5"
"2023-08-23 06:16:13","/usr/bin/containerd-shim-runc-v2, -namespace, moby, -id, e7f977ef86fe946f891e55d1906b29df0302bf356853af1c3fa0e12a99636456, -address, /var/run/desktop-containerd/containerd.sock",shippingservice,"shippingservice-7ccdfd8767-zlxq5"
"2023-08-23 06:16:09","runc, --root, /var/run/docker/runtime-runc/moby, --log, /var/run/desktop-containerd/daemon/io.containerd.runtime.v2.task/moby/0b1cea32bb89f7c9f04b4412d86ff7ac3e00681ef95e91b562c2dcf163d8f41c/log.json, --log-format, json, create, --bundle, /var/run/desktop-containerd/daemon/io.containerd.runtime.v2.task/moby/0b1cea32bb89f7c9f04b4412d86ff7ac3e00681ef95e91b562c2dcf163d8f41c, --pid-file, /var/run/desktop-containerd/daemon/io.containerd.runtime.v2.task/moby/0b1cea32bb89f7c9f04b4412d86ff7ac3e00681ef95e91b562c2dcf163d8f41c/init.pid, 0b1cea32bb89f7c9f04b4412d86ff7ac3e00681ef95e91b562c2dcf163d8f41c",recommendationservice,"recommendationservice-cc746f6c7-9r7zm"
"2023-08-23 06:16:09","/usr/bin/containerd-shim-runc-v2, -namespace, moby, -id, 015c0192e3c00b07faf34b26f0fa13c67aceb48f27ace7abe8a8ada132dff39f, -address, /var/run/desktop-containerd/containerd.sock",recommendationservice,"recommendationservice-cc746f6c7-9r7zm"
"2023-08-23 06:16:09","runc, init",recommendationservice,"recommendationservice-cc746f6c7-9r7zm"
"2023-08-23 06:16:09","runc, --root, /var/run/docker/runtime-runc/moby, --log, /var/run/desktop-containerd/daemon/io.containerd.runtime.v2.task/moby/015c0192e3c00b07faf34b26f0fa13c67aceb48f27ace7abe8a8ada132dff39f/log.json, --log-format, json, create, --bundle, /var/run/desktop-containerd/daemon/io.containerd.runtime.v2.task/moby/015c0192e3c00b07faf34b26f0fa13c67aceb48f27ace7abe8a8ada132dff39f, --pid-file, /var/run/desktop-containerd/daemon/io.containerd.runtime.v2.task/moby/015c0192e3c00b07faf34b26f0fa13c67aceb48f27ace7abe8a8ada132dff39f/init.pid, 015c0192e3c00b07faf34b26f0fa13c67aceb48f27ace7abe8a8ada132dff39f",recommendationservice,"recommendationservice-cc746f6c7-9r7zm"
"2023-08-23 06:16:09","/usr/bin/containerd-shim-runc-v2, -namespace, moby, -id, 0b1cea32bb89f7c9f04b4412d86ff7ac3e00681ef95e91b562c2dcf163d8f41c, -address, /var/run/desktop-containerd/containerd.sock",recommendationservice,"recommendationservice-cc746f6c7-9r7zm"
"2023-08-23 06:15:21","/usr/bin/containerd-shim-runc-v2, -namespace, moby, -id, 8d1ea3fec36810f445303d2b0c7030feec4738279a357b045863797c3b8d4675, -address, /var/run/desktop-containerd/containerd.sock",productcatalogservice,"productcatalogservice-6b5dd45849-52szd"
"2023-08-23 06:15:20","runc, init",productcatalogservice,"productcatalogservice-6b5dd45849-52szd"
"2023-08-23 06:15:20","/usr/bin/containerd-shim-runc-v2, -namespace, moby, -id, 5552dd7cbf0e2855d8abc272fbb7fa3374f9bf6ee5bd776872d888bb3f3c371e, -address, /var/run/desktop-containerd/containerd.sock",productcatalogservice,"productcatalogservice-6b5dd45849-52szd"
"2023-08-23 06:15:15","/usr/bin/containerd-shim-runc-v2, -namespace, moby, -id, 56b3d822d0bec5489beb329bd514799fc108dbf76d32faddbaaabfec547458aa, -address, /var/run/desktop-containerd/containerd.sock",loadgenerator,"loadgenerator-7f8f5d8fb6-5mm4r"
"2023-08-23 06:15:14","/usr/bin/containerd-shim-runc-v2, -namespace, moby, -id, 3a58973f7140502183db6c6ae2dde5d091158e9ff3cb9de4a8cfffdcfc0f5ad3, -address, /var/run/desktop-containerd/containerd.sock",frontend,"frontend-846c85c54c-9rg78"
"2023-08-23 06:15:14","runc, init",frontend,"frontend-846c85c54c-9rg78"
"2023-08-23 06:15:14","runc, init",frontend,"frontend-846c85c54c-9rg78"
"2023-08-23 06:15:14","/usr/bin/containerd-shim-runc-v2, -namespace, moby, -id, bfb3c623f26669a4f2f04d12cdf1cd686cfed400561932735d0c1eebcd5b844c, -address, /var/run/desktop-containerd/containerd.sock",frontend,"frontend-846c85c54c-9rg78"
"2023-08-23 06:15:12","/usr/bin/containerd-shim-runc-v2, -namespace, moby, -id, 5552dd7cbf0e2855d8abc272fbb7fa3374f9bf6ee5bd776872d888bb3f3c371e, -address, /var/run/desktop-containerd/containerd.sock",frontend,"frontend-846c85c54c-9rg78"
"2023-08-23 06:15:09","runc, init",shippingservice,"shippingservice-7ccdfd8767-zlxq5"
"2023-08-23 06:15:09","runc, --root, /var/run/docker/runtime-runc/moby, --log, /var/run/desktop-containerd/daemon/io.containerd.runtime.v2.task/moby/3a58973f7140502183db6c6ae2dde5d091158e9ff3cb9de4a8cfffdcfc0f5ad3/log.json, --log-format, json, create, --bundle, /var/run/desktop-containerd/daemon/io.containerd.runtime.v2.task/moby/3a58973f7140502183db6c6ae2dde5d091158e9ff3cb9de4a8cfffdcfc0f5ad3, --pid-file, /var/run/desktop-containerd/daemon/io.containerd.runtime.v2.task/moby/3a58973f7140502183db6c6ae2dde5d091158e9ff3cb9de4a8cfffdcfc0f5ad3/init.pid, 3a58973f7140502183db6c6ae2dde5d091158e9ff3cb9de4a8cfffdcfc0f5ad3",shippingservice,"shippingservice-7ccdfd8767-zlxq5"
"2023-08-23 06:15:09","runc, init",shippingservice,"shippingservice-7ccdfd8767-zlxq5"
"2023-08-23 06:15:09","runc, --root, /var/run/docker/runtime-runc/moby, --log, /var/run/desktop-containerd/daemon/io.containerd.runtime.v2.task/moby/bfb3c623f26669a4f2f04d12cdf1cd686cfed400561932735d0c1eebcd5b844c/log.json, --log-format, json, create, --bundle, /var/run/desktop-containerd/daemon/io.containerd.runtime.v2.task/moby/bfb3c623f26669a4f2f04d12cdf1cd686cfed400561932735d0c1eebcd5b844c, --pid-file, /var/run/desktop-containerd/daemon/io.containerd.runtime.v2.task/moby/bfb3c623f26669a4f2f04d12cdf1cd686cfed400561932735d0c1eebcd5b844c/init.pid, bfb3c623f26669a4f2f04d12cdf1cd686cfed400561932735d0c1eebcd5b844c",shippingservice,"shippingservice-7ccdfd8767-zlxq5"
"2023-08-23 06:15:09","/usr/bin/containerd-shim-runc-v2, -namespace, moby, -id, bfb3c623f26669a4f2f04d12cdf1cd686cfed400561932735d0c1eebcd5b844c, -address, /var/run/desktop-containerd/containerd.sock",shippingservice,"shippingservice-7ccdfd8767-zlxq5"
"2023-08-23 06:15:09","/usr/bin/containerd-shim-runc-v2, -namespace, moby, -id, 3a58973f7140502183db6c6ae2dde5d091158e9ff3cb9de4a8cfffdcfc0f5ad3, -address, /var/run/desktop-containerd/containerd.sock",shippingservice,"shippingservice-7ccdfd8767-zlxq5"
"2023-08-23 06:15:09","runc, --root, /var/run/docker/runtime-runc/moby, --log, /var/run/desktop-containerd/daemon/io.containerd.runtime.v2.task/moby/8d1ea3fec36810f445303d2b0c7030feec4738279a357b045863797c3b8d4675/log.json, --log-format, json, create, --bundle, /var/run/desktop-containerd/daemon/io.containerd.runtime.v2.task/moby/8d1ea3fec36810f445303d2b0c7030feec4738279a357b045863797c3b8d4675, --pid-file, /var/run/desktop-containerd/daemon/io.containerd.runtime.v2.task/moby/8d1ea3fec36810f445303d2b0c7030feec4738279a357b045863797c3b8d4675/init.pid, 8d1ea3fec36810f445303d2b0c7030feec4738279a357b045863797c3b8d4675",shippingservice,"shippingservice-7ccdfd8767-zlxq5"
"2023-08-23 06:15:08","runc, --root, /var/run/docker/runtime-runc/moby, --log, /var/run/desktop-containerd/daemon/io.containerd.runtime.v2.task/moby/8d1ea3fec36810f445303d2b0c7030feec4738279a357b045863797c3b8d4675/log.json, --log-format, json, create, --bundle, /var/run/desktop-containerd/daemon/io.containerd.runtime.v2.task/moby/8d1ea3fec36810f445303d2b0c7030feec4738279a357b045863797c3b8d4675, --pid-file, /var/run/desktop-containerd/daemon/io.containerd.runtime.v2.task/moby/8d1ea3fec36810f445303d2b0c7030feec4738279a357b045863797c3b8d4675/init.pid, 8d1ea3fec36810f445303d2b0c7030feec4738279a357b045863797c3b8d4675",productcatalogservice,"productcatalogservice-6b5dd45849-52szd"
"2023-08-23 06:15:08","runc, init",productcatalogservice,"productcatalogservice-6b5dd45849-52szd"
"2023-08-23 06:15:08","/usr/bin/containerd-shim-runc-v2, -namespace, moby, -id, 8d1ea3fec36810f445303d2b0c7030feec4738279a357b045863797c3b8d4675, -address, /var/run/desktop-containerd/containerd.sock",productcatalogservice,"productcatalogservice-6b5dd45849-52szd"
"2023-08-23 06:13:34","/usr/bin/containerd-shim-runc-v2, -namespace, moby, -id, 8d4f435cf9c2bf2045185c196d7df3bbdd5af5b480f783880fb5d4d2ffc0ad18, -address, /var/run/desktop-containerd/containerd.sock",cartservice,"cartservice-6969c94d94-l66mx"
"2023-08-23 06:13:34","runc, init",cartservice,"cartservice-6969c94d94-l66mx"
"2023-08-23 06:13:34","/usr/bin/containerd-shim-runc-v2, -namespace, moby, -id, 9ed062de778b5fd9cea3cdda078ee73005edc3092c6885385b48445e4e71e962, -address, /var/run/desktop-containerd/containerd.sock",cartservice,"cartservice-6969c94d94-l66mx"
"2023-08-23 06:13:34","/usr/bin/containerd-shim-runc-v2, -namespace, moby, -id, 1618fc3327b57402f92bf34c819f97a01bbfd6cb17f051bba8a7a0cf8f0060b6, -address, /var/run/desktop-containerd/containerd.sock",cartservice,"cartservice-6969c94d94-l66mx"
"2023-08-23 06:13:34","/usr/bin/containerd-shim-runc-v2, -namespace, moby, -id, 076ef10cc01e3b2e17273a8ce1f9522651c79dcbba7bcfe4a28691ab16fa4ce4, -address, /var/run/desktop-containerd/containerd.sock",cartservice,"cartservice-6969c94d94-l66mx"
"2023-08-23 06:13:34","/usr/bin/containerd-shim-runc-v2, -namespace, moby, -id, c33ca3d637f5df7ad52b2e4367afc0b46465758f11af08b6abb0739b0afba45e, -address, /var/run/desktop-containerd/containerd.sock",cartservice,"cartservice-6969c94d94-l66mx"
"2023-08-23 06:13:28","/usr/bin/containerd-shim-runc-v2, -namespace, moby, -id, 705c4907521c82b8b28e800928c6a624cd42bdf39642969b97476ec3b0bd17fa, -address, /var/run/desktop-containerd/containerd.sock",shippingservice,"shippingservice-7ccdfd8767-zlxq5"
"2023-08-23 06:13:22","/usr/bin/containerd-shim-runc-v2, -namespace, moby, -id, c33ca3d637f5df7ad52b2e4367afc0b46465758f11af08b6abb0739b0afba45e, -address, /var/run/desktop-containerd/containerd.sock",recommendationservice,"recommendationservice-cc746f6c7-9r7zm"
"2023-08-23 06:13:22","runc, --root, /var/run/docker/runtime-runc/moby, --log, /var/run/desktop-containerd/daemon/io.containerd.runtime.v2.task/moby/9ed062de778b5fd9cea3cdda078ee73005edc3092c6885385b48445e4e71e962/log.json, --log-format, json, create, --bundle, /var/run/desktop-containerd/daemon/io.containerd.runtime.v2.task/moby/9ed062de778b5fd9cea3cdda078ee73005edc3092c6885385b48445e4e71e962, --pid-file, /var/run/desktop-containerd/daemon/io.containerd.runtime.v2.task/moby/9ed062de778b5fd9cea3cdda078ee73005edc3092c6885385b48445e4e71e962/init.pid, 9ed062de778b5fd9cea3cdda078ee73005edc3092c6885385b48445e4e71e962",recommendationservice,"recommendationservice-cc746f6c7-9r7zm"
"2023-08-23 06:13:22","runc, --root, /var/run/docker/runtime-runc/moby, --log, /var/run/desktop-containerd/daemon/io.containerd.runtime.v2.task/moby/1618fc3327b57402f92bf34c819f97a01bbfd6cb17f051bba8a7a0cf8f0060b6/log.json, --log-format, json, create, --bundle, /var/run/desktop-containerd/daemon/io.containerd.runtime.v2.task/moby/1618fc3327b57402f92bf34c819f97a01bbfd6cb17f051bba8a7a0cf8f0060b6, --pid-file, /var/run/desktop-containerd/daemon/io.containerd.runtime.v2.task/moby/1618fc3327b57402f92bf34c819f97a01bbfd6cb17f051bba8a7a0cf8f0060b6/init.pid, 1618fc3327b57402f92bf34c819f97a01bbfd6cb17f051bba8a7a0cf8f0060b6",recommendationservice,"recommendationservice-cc746f6c7-9r7zm"
"2023-08-23 06:13:21","runc, --root, /var/run/docker/runtime-runc/moby, --log, /var/run/desktop-containerd/daemon/io.containerd.runtime.v2.task/moby/9ed062de778b5fd9cea3cdda078ee73005edc3092c6885385b48445e4e71e962/log.json, --log-format, json, create, --bundle, /var/run/desktop-containerd/daemon/io.containerd.runtime.v2.task/moby/9ed062de778b5fd9cea3cdda078ee73005edc3092c6885385b48445e4e71e962, --pid-file, /var/run/desktop-containerd/daemon/io.containerd.runtime.v2.task/moby/9ed062de778b5fd9cea3cdda078ee73005edc3092c6885385b48445e4e71e962/init.pid, 9ed062de778b5fd9cea3cdda078ee73005edc3092c6885385b48445e4e71e962",productcatalogservice,"productcatalogservice-6b5dd45849-52szd"
"2023-08-23 06:13:21","runc, init",productcatalogservice,"productcatalogservice-6b5dd45849-52szd"
"2023-08-23 06:13:21","runc, init",productcatalogservice,"productcatalogservice-6b5dd45849-52szd"
"2023-08-23 06:13:21","/usr/bin/containerd-shim-runc-v2, -namespace, moby, -id, 9ed062de778b5fd9cea3cdda078ee73005edc3092c6885385b48445e4e71e962, -address, /var/run/desktop-containerd/containerd.sock",productcatalogservice,"productcatalogservice-6b5dd45849-52szd"
"2023-08-23 06:13:21","/usr/bin/containerd-shim-runc-v2, -namespace, moby, -id, 1618fc3327b57402f92bf34c819f97a01bbfd6cb17f051bba8a7a0cf8f0060b6, -address, /var/run/desktop-containerd/containerd.sock",productcatalogservice,"productcatalogservice-6b5dd45849-52szd"
"2023-08-23 06:13:21","runc, --root, /var/run/docker/runtime-runc/moby, --log, /var/run/desktop-containerd/daemon/io.containerd.runtime.v2.task/moby/1618fc3327b57402f92bf34c819f97a01bbfd6cb17f051bba8a7a0cf8f0060b6/log.json, --log-format, json, create, --bundle, /var/run/desktop-containerd/daemon/io.containerd.runtime.v2.task/moby/1618fc3327b57402f92bf34c819f97a01bbfd6cb17f051bba8a7a0cf8f0060b6, --pid-file, /var/run/desktop-containerd/daemon/io.containerd.runtime.v2.task/moby/1618fc3327b57402f92bf34c819f97a01bbfd6cb17f051bba8a7a0cf8f0060b6/init.pid, 1618fc3327b57402f92bf34c819f97a01bbfd6cb17f051bba8a7a0cf8f0060b6",productcatalogservice,"productcatalogservice-6b5dd45849-52szd"
"2023-08-23 06:13:21","/usr/bin/containerd-shim-runc-v2, -namespace, moby, -id, 076ef10cc01e3b2e17273a8ce1f9522651c79dcbba7bcfe4a28691ab16fa4ce4, -address, /var/run/desktop-containerd/containerd.sock",productcatalogservice,"productcatalogservice-6b5dd45849-52szd"
"2023-08-23 06:13:04","/usr/bin/containerd-shim-runc-v2, -namespace, moby, -id, 9d6a3444f0fd2367a06f79565be2e3d1fae5c7f82480ac28dfd64d7d8face0e5, -address, /var/run/desktop-containerd/containerd.sock",adservice,"adservice-76b448fddf-qfsdp"
"2023-08-23 06:12:31","runc, init",recommendationservice,"recommendationservice-cc746f6c7-9r7zm"
"2023-08-23 06:12:31","/usr/bin/containerd-shim-runc-v2, -namespace, moby, -id, c6190d8ee14a255c1c5c630465bc7f39254acfae2d206365ed8fd6f418e6631f, -address, /var/run/desktop-containerd/containerd.sock",recommendationservice,"recommendationservice-cc746f6c7-9r7zm"
"2023-08-23 06:12:31","/usr/bin/containerd-shim-runc-v2, -namespace, moby, -id, f307f5f04c1736c7bcf4e7879cb02b86bbf8c0a8e8825386eb75306cb8d58f71, -address, /var/run/desktop-containerd/containerd.sock",recommendationservice,"recommendationservice-cc746f6c7-9r7zm"
"2023-08-23 06:12:31","/usr/bin/containerd-shim-runc-v2, -namespace, moby, -id, 0070c7a2e27f3da9c8cfbc925caaa59108c62d3174982a6005a726ad78260de3, -address, /var/run/desktop-containerd/containerd.sock",recommendationservice,"recommendationservice-cc746f6c7-9r7zm"
"2023-08-23 06:12:23","/usr/bin/containerd-shim-runc-v2, -namespace, moby, -id, c6190d8ee14a255c1c5c630465bc7f39254acfae2d206365ed8fd6f418e6631f, -address, /var/run/desktop-containerd/containerd.sock",checkoutservice,"checkoutservice-6d6f4d7cc7-jkzgt"
"2023-08-23 06:12:23","/usr/bin/containerd-shim-runc-v2, -namespace, moby, -id, f307f5f04c1736c7bcf4e7879cb02b86bbf8c0a8e8825386eb75306cb8d58f71, -address, /var/run/desktop-containerd/containerd.sock",checkoutservice,"checkoutservice-6d6f4d7cc7-jkzgt"
"2023-08-23 06:12:23","/usr/bin/containerd-shim-runc-v2, -namespace, moby, -id, dd4116e0cc043d206eba0837548ae942234bae670cab093faa6ea5bb68db8df4, -address, /var/run/desktop-containerd/containerd.sock",checkoutservice,"checkoutservice-6d6f4d7cc7-jkzgt"
"2023-08-23 06:12:23","runc, init",checkoutservice,"checkoutservice-6d6f4d7cc7-jkzgt"
"2023-08-23 06:12:23","runc, init",checkoutservice,"checkoutservice-6d6f4d7cc7-jkzgt"
"2023-08-23 06:12:22","/usr/bin/containerd-shim-runc-v2, -namespace, moby, -id, c8144f15dc1d0d7aff6a01ff9a8944118ca10a50bd5595215cae5a32aa99d33c, -address, /var/run/desktop-containerd/containerd.sock",cartservice,"cartservice-6969c94d94-l66mx"
"2023-08-23 06:12:22","runc, init",cartservice,"cartservice-6969c94d94-l66mx"
"2023-08-23 06:12:22","/usr/bin/containerd-shim-runc-v2, -namespace, moby, -id, af24717c1d9047e49a28c5c6590830312479db89dba9b66a12fd6604cf060c1a, -address, /var/run/desktop-containerd/containerd.sock",cartservice,"cartservice-6969c94d94-l66mx"
"2023-08-23 06:12:21","runc, --root, /var/run/docker/runtime-runc/moby, --log, /var/run/desktop-containerd/daemon/io.containerd.runtime.v2.task/moby/d389461a18ceb025653b25216c32e0ff2f85c812b36edf4fd80a67ba493270b5/log.json, --log-format, json, create, --bundle, /var/run/desktop-containerd/daemon/io.containerd.runtime.v2.task/moby/d389461a18ceb025653b25216c32e0ff2f85c812b36edf4fd80a67ba493270b5, --pid-file, /var/run/desktop-containerd/daemon/io.containerd.runtime.v2.task/moby/d389461a18ceb025653b25216c32e0ff2f85c812b36edf4fd80a67ba493270b5/init.pid, d389461a18ceb025653b25216c32e0ff2f85c812b36edf4fd80a67ba493270b5",shippingservice,"shippingservice-7ccdfd8767-zlxq5"
"2023-08-23 06:11:32","/usr/bin/containerd-shim-runc-v2, -namespace, moby, -id, 03b4449f7ab8cb1d5c471e4b62edfc59b07f956b82430db096bb50d30f68bd8d, -address, /var/run/desktop-containerd/containerd.sock",emailservice,"emailservice-9f8578d69-r6rx8"
"2023-08-23 06:11:32","/usr/bin/containerd-shim-runc-v2, -namespace, moby, -id, d372ef8e9a2231dfee7e023391eedbb41989b11f9054bb39227c6a163e412352, -address, /var/run/desktop-containerd/containerd.sock",emailservice,"emailservice-9f8578d69-r6rx8"
"2023-08-23 06:11:32","runc, init",emailservice,"emailservice-9f8578d69-r6rx8"
"2023-08-23 06:11:25","/usr/bin/containerd-shim-runc-v2, -namespace, moby, -id, 03b4449f7ab8cb1d5c471e4b62edfc59b07f956b82430db096bb50d30f68bd8d, -address, /var/run/desktop-containerd/containerd.sock",currencyservice,"currencyservice-ccbc788bc-7lbhx"
"2023-08-23 06:11:24","/usr/bin/containerd-shim-runc-v2, -namespace, moby, -id, fe47c4ab2230e26facb0f2e1185b25d02ba4a729678d2b566eb81a99942c3888, -address, /var/run/desktop-containerd/containerd.sock",adservice,"adservice-76b448fddf-qfsdp"
"2023-08-23 06:11:23","runc, init",adservice,"adservice-76b448fddf-qfsdp"
"2023-08-23 06:11:23","/usr/bin/containerd-shim-runc-v2, -namespace, moby, -id, daed92049fbabbfa316103636aa6c18689b4f678bb66d2a0302527ba0f265a33, -address, /var/run/desktop-containerd/containerd.sock",adservice,"adservice-76b448fddf-qfsdp"
"2023-08-23 06:11:23","/usr/bin/containerd-shim-runc-v2, -namespace, moby, -id, f722223a4c15c116455a49635c8fe7662dfa7c13018b153e6304a5684c7b7c29, -address, /var/run/desktop-containerd/containerd.sock",adservice,"adservice-76b448fddf-qfsdp"
"2023-08-23 06:11:23","runc, init",adservice,"adservice-76b448fddf-qfsdp"
"2023-08-23 06:11:23","runc, init",adservice,"adservice-76b448fddf-qfsdp"
"2023-08-23 06:11:23","/usr/bin/containerd-shim-runc-v2, -namespace, moby, -id, 6e1ed0ff4f927fa87beb2b1f1557aec4c051ad6e5acf1dc6962d7f5f4700bbb3, -address, /var/run/desktop-containerd/containerd.sock",adservice,"adservice-76b448fddf-qfsdp"
"2023-08-23 06:11:23","/usr/bin/containerd-shim-runc-v2, -namespace, moby, -id, d8206386030fe4190cfd71ea0c8113ff0539b6bd0e26be0a10effedb57709345, -address, /var/run/desktop-containerd/containerd.sock",adservice,"adservice-76b448fddf-qfsdp"
"2023-08-23 06:11:19","/usr/bin/containerd-shim-runc-v2, -namespace, moby, -id, d8206386030fe4190cfd71ea0c8113ff0539b6bd0e26be0a10effedb57709345, -address, /var/run/desktop-containerd/containerd.sock",productcatalogservice,"productcatalogservice-6b5dd45849-52szd"
"2023-08-23 06:11:19","runc, init",productcatalogservice,"productcatalogservice-6b5dd45849-52szd"
"2023-08-23 06:11:19","runc, init",productcatalogservice,"productcatalogservice-6b5dd45849-52szd"
"2023-08-23 06:11:19","runc, --root, /var/run/docker/runtime-runc/moby, --log, /var/run/desktop-containerd/daemon/io.containerd.runtime.v2.task/moby/d8206386030fe4190cfd71ea0c8113ff0539b6bd0e26be0a10effedb57709345/log.json, --log-format, json, create, --bundle, /var/run/desktop-containerd/daemon/io.containerd.runtime.v2.task/moby/d8206386030fe4190cfd71ea0c8113ff0539b6bd0e26be0a10effedb57709345, --pid-file, /var/run/desktop-containerd/daemon/io.containerd.runtime.v2.task/moby/d8206386030fe4190cfd71ea0c8113ff0539b6bd0e26be0a10effedb57709345/init.pid, d8206386030fe4190cfd71ea0c8113ff0539b6bd0e26be0a10effedb57709345",productcatalogservice,"productcatalogservice-6b5dd45849-52szd"
"2023-08-23 06:11:18","runc, --root, /var/run/docker/runtime-runc/moby, --log, /var/run/desktop-containerd/daemon/io.containerd.runtime.v2.task/moby/daed92049fbabbfa316103636aa6c18689b4f678bb66d2a0302527ba0f265a33/log.json, --log-format, json, create, --bundle, /var/run/desktop-containerd/daemon/io.containerd.runtime.v2.task/moby/daed92049fbabbfa316103636aa6c18689b4f678bb66d2a0302527ba0f265a33, --pid-file, /var/run/desktop-containerd/daemon/io.containerd.runtime.v2.task/moby/daed92049fbabbfa316103636aa6c18689b4f678bb66d2a0302527ba0f265a33/init.pid, daed92049fbabbfa316103636aa6c18689b4f678bb66d2a0302527ba0f265a33",productcatalogservice,"productcatalogservice-6b5dd45849-52szd"
"2023-08-23 06:11:18","runc, --root, /var/run/docker/runtime-runc/moby, --log, /var/run/desktop-containerd/daemon/io.containerd.runtime.v2.task/moby/f722223a4c15c116455a49635c8fe7662dfa7c13018b153e6304a5684c7b7c29/log.json, --log-format, json, create, --bundle, /var/run/desktop-containerd/daemon/io.containerd.runtime.v2.task/moby/f722223a4c15c116455a49635c8fe7662dfa7c13018b153e6304a5684c7b7c29, --pid-file, /var/run/desktop-containerd/daemon/io.containerd.runtime.v2.task/moby/f722223a4c15c116455a49635c8fe7662dfa7c13018b153e6304a5684c7b7c29/init.pid, f722223a4c15c116455a49635c8fe7662dfa7c13018b153e6304a5684c7b7c29",productcatalogservice,"productcatalogservice-6b5dd45849-52szd"
"2023-08-23 06:11:18","/usr/bin/containerd-shim-runc-v2, -namespace, moby, -id, daed92049fbabbfa316103636aa6c18689b4f678bb66d2a0302527ba0f265a33, -address, /var/run/desktop-containerd/containerd.sock",productcatalogservice,"productcatalogservice-6b5dd45849-52szd"
"2023-08-23 06:11:18","runc, init",productcatalogservice,"productcatalogservice-6b5dd45849-52szd"
"2023-08-23 06:11:18","/usr/bin/containerd-shim-runc-v2, -namespace, moby, -id, f722223a4c15c116455a49635c8fe7662dfa7c13018b153e6304a5684c7b7c29, -address, /var/run/desktop-containerd/containerd.sock",productcatalogservice,"productcatalogservice-6b5dd45849-52szd"
"2023-08-23 06:11:18","runc, --root, /var/run/docker/runtime-runc/moby, --log, /var/run/desktop-containerd/daemon/io.containerd.runtime.v2.task/moby/d372ef8e9a2231dfee7e023391eedbb41989b11f9054bb39227c6a163e412352/log.json, --log-format, json, create, --bundle, /var/run/desktop-containerd/daemon/io.containerd.runtime.v2.task/moby/d372ef8e9a2231dfee7e023391eedbb41989b11f9054bb39227c6a163e412352, --pid-file, /var/run/desktop-containerd/daemon/io.containerd.runtime.v2.task/moby/d372ef8e9a2231dfee7e023391eedbb41989b11f9054bb39227c6a163e412352/init.pid, d372ef8e9a2231dfee7e023391eedbb41989b11f9054bb39227c6a163e412352",productcatalogservice,"productcatalogservice-6b5dd45849-52szd"
