"@timestamp","process.args","kubernetes.labels.app","kubernetes.pod.name"
"2023-08-23 06:37:19","/usr/bin/containerd-shim-runc-v2, -namespace, moby, -id, 1e8214583071e0561344aca5674b8e007e0aacf507d168a78d19c8ce110a691e, -address, /var/run/desktop-containerd/containerd.sock",productcatalogservice,"productcatalogservice-6b5dd45849-52szd"
"2023-08-23 06:37:19","/usr/bin/containerd-shim-runc-v2, -namespace, moby, -id, 3d91c145f82ce1c603e447c6267db2d65e5041f95e0a42de228590bd5420cf09, -address, /var/run/desktop-containerd/containerd.sock",productcatalogservice,"productcatalogservice-6b5dd45849-52szd"
"2023-08-23 06:37:16","/usr/bin/containerd-shim-runc-v2, -namespace, moby, -id, 3d91c145f82ce1c603e447c6267db2d65e5041f95e0a42de228590bd5420cf09, -address, /var/run/desktop-containerd/containerd.sock",paymentservice,"paymentservice-78549bfd9c-h8tg5"
"2023-08-23 06:37:16","/usr/bin/containerd-shim-runc-v2, -namespace, moby, -id, 1e8214583071e0561344aca5674b8e007e0aacf507d168a78d19c8ce110a691e, -address, /var/run/desktop-containerd/containerd.sock",paymentservice,"paymentservice-78549bfd9c-h8tg5"
"2023-08-23 06:37:16","/usr/bin/containerd-shim-runc-v2, -namespace, moby, -id, 9e7df7cb434cb953f09ca83086f7c6933e8d21a3a5e1e80d65d257f6475c6f08, -address, /var/run/desktop-containerd/containerd.sock",paymentservice,"paymentservice-78549bfd9c-h8tg5"
"2023-08-23 06:37:16","/usr/bin/containerd-shim-runc-v2, -namespace, moby, -id, f3ad15bafc80146fc9bab6a6f5c211c057a7fcc040dd42f4f8adf97050b11da4, -address, /var/run/desktop-containerd/containerd.sock",paymentservice,"paymentservice-78549bfd9c-h8tg5"
"2023-08-23 06:37:16","/usr/bin/containerd-shim-runc-v2, -namespace, moby, -id, dd1c43c7a8aa05da2a5007e2a591b0d5f8edf7ff8cdd8aa474ac8987517e3719, -address, /var/run/desktop-containerd/containerd.sock",paymentservice,"paymentservice-78549bfd9c-h8tg5"
"2023-08-23 06:36:02","runc, --root, /var/run/docker/runtime-runc/moby, --log, /var/run/desktop-containerd/daemon/io.containerd.runtime.v2.task/moby/458e741d40fb0a96823e3ec887c1b33b3a92013e065d6d597b0931cba5b839a4/log.json, --log-format, json, create, --bundle, /var/run/desktop-containerd/daemon/io.containerd.runtime.v2.task/moby/458e741d40fb0a96823e3ec887c1b33b3a92013e065d6d597b0931cba5b839a4, --pid-file, /var/run/desktop-containerd/daemon/io.containerd.runtime.v2.task/moby/458e741d40fb0a96823e3ec887c1b33b3a92013e065d6d597b0931cba5b839a4/init.pid, 458e741d40fb0a96823e3ec887c1b33b3a92013e065d6d597b0931cba5b839a4",productcatalogservice,"productcatalogservice-6b5dd45849-52szd"
"2023-08-23 06:36:01","runc, init",productcatalogservice,"productcatalogservice-6b5dd45849-52szd"
"2023-08-23 06:36:01","/usr/bin/containerd-shim-runc-v2, -namespace, moby, -id, 458e741d40fb0a96823e3ec887c1b33b3a92013e065d6d597b0931cba5b839a4, -address, /var/run/desktop-containerd/containerd.sock",productcatalogservice,"productcatalogservice-6b5dd45849-52szd"
"2023-08-23 06:36:01","runc, --root, /var/run/docker/runtime-runc/moby, --log, /var/run/desktop-containerd/daemon/io.containerd.runtime.v2.task/moby/458e741d40fb0a96823e3ec887c1b33b3a92013e065d6d597b0931cba5b839a4/log.json, --log-format, json, create, --bundle, /var/run/desktop-containerd/daemon/io.containerd.runtime.v2.task/moby/458e741d40fb0a96823e3ec887c1b33b3a92013e065d6d597b0931cba5b839a4, --pid-file, /var/run/desktop-containerd/daemon/io.containerd.runtime.v2.task/moby/458e741d40fb0a96823e3ec887c1b33b3a92013e065d6d597b0931cba5b839a4/init.pid, 458e741d40fb0a96823e3ec887c1b33b3a92013e065d6d597b0931cba5b839a4",productcatalogservice,"productcatalogservice-6b5dd45849-52szd"
"2023-08-23 06:36:01","runc, --root, /var/run/docker/runtime-runc/moby, --log, /var/run/desktop-containerd/daemon/io.containerd.runtime.v2.task/moby/9632319ff8ad9a81e22d19e5bb5af1493464fa761e850a81c5e5adc8e756de49/log.json, --log-format, json, create, --bundle, /var/run/desktop-containerd/daemon/io.containerd.runtime.v2.task/moby/9632319ff8ad9a81e22d19e5bb5af1493464fa761e850a81c5e5adc8e756de49, --pid-file, /var/run/desktop-containerd/daemon/io.containerd.runtime.v2.task/moby/9632319ff8ad9a81e22d19e5bb5af1493464fa761e850a81c5e5adc8e756de49/init.pid, 9632319ff8ad9a81e22d19e5bb5af1493464fa761e850a81c5e5adc8e756de49",productcatalogservice,"productcatalogservice-6b5dd45849-52szd"
"2023-08-23 06:36:01","runc, --root, /var/run/docker/runtime-runc/moby, --log, /var/run/desktop-containerd/daemon/io.containerd.runtime.v2.task/moby/6155327510a8c7916466e81058fefb954b51aacde56bd7a996f9af5d6c3e5714/log.json, --log-format, json, create, --bundle, /var/run/desktop-containerd/daemon/io.containerd.runtime.v2.task/moby/6155327510a8c7916466e81058fefb954b51aacde56bd7a996f9af5d6c3e5714, --pid-file, /var/run/desktop-containerd/daemon/io.containerd.runtime.v2.task/moby/6155327510a8c7916466e81058fefb954b51aacde56bd7a996f9af5d6c3e5714/init.pid, 6155327510a8c7916466e81058fefb954b51aacde56bd7a996f9af5d6c3e5714",productcatalogservice,"productcatalogservice-6b5dd45849-52szd"
"2023-08-23 06:35:14","/usr/bin/containerd-shim-runc-v2, -namespace, moby, -id, f9d5b0966560ef625c444111efbdfec53090caf394f39cc83fe3c4683bb0c359, -address, /var/run/desktop-containerd/containerd.sock",recommendationservice,"recommendationservice-cc746f6c7-9r7zm"
"2023-08-23 06:35:08","/usr/bin/containerd-shim-runc-v2, -namespace, moby, -id, f9d5b0966560ef625c444111efbdfec53090caf394f39cc83fe3c4683bb0c359, -address, /var/run/desktop-containerd/containerd.sock",loadgenerator,"loadgenerator-7f8f5d8fb6-5mm4r"
"2023-08-23 06:35:06","/usr/bin/containerd-shim-runc-v2, -namespace, moby, -id, 4b42cd021d143f11dc703ead6ef4155629a29149d9df051c539b6a12d3658a8e, -address, /var/run/desktop-containerd/containerd.sock",loadgenerator,"loadgenerator-7f8f5d8fb6-5mm4r"
"2023-08-23 06:35:06","/usr/bin/containerd-shim-runc-v2, -namespace, moby, -id, d2f9b4379399d52af0ba7cca534f87b60d926a09a1c88f04a7209188fe02b1e6, -address, /var/run/desktop-containerd/containerd.sock",loadgenerator,"loadgenerator-7f8f5d8fb6-5mm4r"
"2023-08-23 06:35:06","/usr/bin/containerd-shim-runc-v2, -namespace, moby, -id, fd4cae4f8857286951a637b73d8a0c43abed9f3c25851c9ff64917c62940a915, -address, /var/run/desktop-containerd/containerd.sock",loadgenerator,"loadgenerator-7f8f5d8fb6-5mm4r"
"2023-08-23 06:34:58","/usr/bin/containerd-shim-runc-v2, -namespace, moby, -id, fd4cae4f8857286951a637b73d8a0c43abed9f3c25851c9ff64917c62940a915, -address, /var/run/desktop-containerd/containerd.sock","redis-cart","redis-cart-6997b66668-xkfsv"
"2023-08-23 06:34:58","/usr/bin/containerd-shim-runc-v2, -namespace, moby, -id, d2f9b4379399d52af0ba7cca534f87b60d926a09a1c88f04a7209188fe02b1e6, -address, /var/run/desktop-containerd/containerd.sock","redis-cart","redis-cart-6997b66668-xkfsv"
"2023-08-23 06:34:58","/usr/bin/containerd-shim-runc-v2, -namespace, moby, -id, c5db09b6e400fa82e0fc0a284816d8af8381fa9cf01ea4213b97a609174dd58f, -address, /var/run/desktop-containerd/containerd.sock","redis-cart","redis-cart-6997b66668-xkfsv"
"2023-08-23 06:34:49","runc, --version",shippingservice,"shippingservice-7ccdfd8767-zlxq5"
"2023-08-23 06:34:11","/usr/bin/containerd-shim-runc-v2, -namespace, moby, -id, 57264993e8e186d176d5f4338ae147b9951de8b287b0e73a7f8dc877de6d210a, -address, /var/run/desktop-containerd/containerd.sock",currencyservice,"currencyservice-ccbc788bc-7lbhx"
"2023-08-23 06:34:05","/usr/bin/containerd-shim-runc-v2, -namespace, moby, -id, 57264993e8e186d176d5f4338ae147b9951de8b287b0e73a7f8dc877de6d210a, -address, /var/run/desktop-containerd/containerd.sock",checkoutservice,"checkoutservice-6d6f4d7cc7-jkzgt"
"2023-08-23 06:34:05","runc, init",checkoutservice,"checkoutservice-6d6f4d7cc7-jkzgt"
"2023-08-23 06:34:05","runc, init",checkoutservice,"checkoutservice-6d6f4d7cc7-jkzgt"
"2023-08-23 06:34:05","runc, init",checkoutservice,"checkoutservice-6d6f4d7cc7-jkzgt"
"2023-08-23 06:34:05","/usr/bin/containerd-shim-runc-v2, -namespace, moby, -id, d8769fbccfd83a3acae8f718281e8c2144fcd3564a5ccc0a140482a28ae37dfa, -address, /var/run/desktop-containerd/containerd.sock",checkoutservice,"checkoutservice-6d6f4d7cc7-jkzgt"
"2023-08-23 06:34:05","/usr/bin/containerd-shim-runc-v2, -namespace, moby, -id, 2449163f17c4d37e9b82cf4548341282c463ec5b0befba2fd8cc7dbf2dad00a3, -address, /var/run/desktop-containerd/containerd.sock",checkoutservice,"checkoutservice-6d6f4d7cc7-jkzgt"
"2023-08-23 06:34:05","runc, init",checkoutservice,"checkoutservice-6d6f4d7cc7-jkzgt"
"2023-08-23 06:34:05","/usr/bin/containerd-shim-runc-v2, -namespace, moby, -id, 17df5e4a4e5b07add3c89a843a3a27cd1c4329a229d3765389a17c9544f9bb96, -address, /var/run/desktop-containerd/containerd.sock",checkoutservice,"checkoutservice-6d6f4d7cc7-jkzgt"
"2023-08-23 06:34:05","runc, init",checkoutservice,"checkoutservice-6d6f4d7cc7-jkzgt"
"2023-08-23 06:34:05","/usr/bin/containerd-shim-runc-v2, -namespace, moby, -id, f9bd8c734d0e68c9b4fbd2a69343ad0dc93e7337bff0f08dcefa95ba26ca272f, -address, /var/run/desktop-containerd/containerd.sock",checkoutservice,"checkoutservice-6d6f4d7cc7-jkzgt"
"2023-08-23 06:34:05","/usr/bin/containerd-shim-runc-v2, -namespace, moby, -id, f79eee83cb91f79086db5ded471beee5add73e9d06fa74e9394da1111b7929b1, -address, /var/run/desktop-containerd/containerd.sock",checkoutservice,"checkoutservice-6d6f4d7cc7-jkzgt"
"2023-08-23 06:34:02","/usr/bin/containerd-shim-runc-v2, -namespace, moby, -id, d8769fbccfd83a3acae8f718281e8c2144fcd3564a5ccc0a140482a28ae37dfa, -address, /var/run/desktop-containerd/containerd.sock",cartservice,"cartservice-6969c94d94-l66mx"
"2023-08-23 06:34:02","runc, init",cartservice,"cartservice-6969c94d94-l66mx"
"2023-08-23 06:34:02","/usr/bin/containerd-shim-runc-v2, -namespace, moby, -id, 17df5e4a4e5b07add3c89a843a3a27cd1c4329a229d3765389a17c9544f9bb96, -address, /var/run/desktop-containerd/containerd.sock",cartservice,"cartservice-6969c94d94-l66mx"
"2023-08-23 06:34:02","/usr/bin/containerd-shim-runc-v2, -namespace, moby, -id, f9bd8c734d0e68c9b4fbd2a69343ad0dc93e7337bff0f08dcefa95ba26ca272f, -address, /var/run/desktop-containerd/containerd.sock",cartservice,"cartservice-6969c94d94-l66mx"
"2023-08-23 06:34:02","runc, init",cartservice,"cartservice-6969c94d94-l66mx"
"2023-08-23 06:34:02","runc, init",cartservice,"cartservice-6969c94d94-l66mx"
"2023-08-23 06:34:00","/usr/bin/containerd-shim-runc-v2, -namespace, moby, -id, 206fcfbde18e64cd1c4cf13ac3c3a2ee50bf3e14affb2e8d16ea1fc0e693d326, -address, /var/run/desktop-containerd/containerd.sock",shippingservice,"shippingservice-7ccdfd8767-zlxq5"
"2023-08-23 06:34:00","/usr/bin/containerd-shim-runc-v2, -namespace, moby, -id, 660f9c3765851b9e6bad2ba29d8acfbff483ea0708656feac7389b2bdee29997, -address, /var/run/desktop-containerd/containerd.sock",shippingservice,"shippingservice-7ccdfd8767-zlxq5"
"2023-08-23 06:34:00","/usr/bin/containerd-shim-runc-v2, -namespace, moby, -id, 9b40806f6eab1c85876128d030d0ced859012d12f46783222e67314f821a3a90, -address, /var/run/desktop-containerd/containerd.sock",shippingservice,"shippingservice-7ccdfd8767-zlxq5"
"2023-08-23 06:33:48","runc, --version",frontend,"frontend-846c85c54c-9rg78"
"2023-08-23 06:33:11","/usr/bin/containerd-shim-runc-v2, -namespace, moby, -id, 7831ee1272cbd7ae6ceafbabaf713a4a1f9818a624e77a7053e451d0849dce24, -address, /var/run/desktop-containerd/containerd.sock",loadgenerator,"loadgenerator-7f8f5d8fb6-5mm4r"
"2023-08-23 06:33:11","/usr/bin/containerd-shim-runc-v2, -namespace, moby, -id, d3540e737eb862f3a41c5493918e527585d2e174e2f2df0f71687153c85a6456, -address, /var/run/desktop-containerd/containerd.sock",loadgenerator,"loadgenerator-7f8f5d8fb6-5mm4r"
"2023-08-23 06:33:11","runc, init",loadgenerator,"loadgenerator-7f8f5d8fb6-5mm4r"
"2023-08-23 06:33:10","/usr/bin/containerd-shim-runc-v2, -namespace, moby, -id, 43df04a1bb750967423793060b7ae076f97653b293a581ff2eb8004e300dec77, -address, /var/run/desktop-containerd/containerd.sock",frontend,"frontend-846c85c54c-9rg78"
"2023-08-23 06:33:10","runc, init",frontend,"frontend-846c85c54c-9rg78"
"2023-08-23 06:33:10","runc, init",frontend,"frontend-846c85c54c-9rg78"
"2023-08-23 06:33:10","/usr/bin/containerd-shim-runc-v2, -namespace, moby, -id, cdb156e139261a44d3d3841029c6f95189f68d040713d3b4d920a4d43e067b8c, -address, /var/run/desktop-containerd/containerd.sock",frontend,"frontend-846c85c54c-9rg78"
"2023-08-23 06:32:57","/usr/bin/containerd-shim-runc-v2, -namespace, moby, -id, 952779eff3ade37f062892e0cf5dcd9fca40c965671f051cad49303ef11eaf03, -address, /var/run/desktop-containerd/containerd.sock",emailservice,"emailservice-9f8578d69-r6rx8"
"2023-08-23 06:32:57","runc, --root, /var/run/docker/runtime-runc/moby, --log, /var/run/desktop-containerd/daemon/io.containerd.runtime.v2.task/moby/bf4c3001c6610906adfa47e25c606b81b7fbed41523c37997384a735106370fa/log.json, --log-format, json, create, --bundle, /var/run/desktop-containerd/daemon/io.containerd.runtime.v2.task/moby/bf4c3001c6610906adfa47e25c606b81b7fbed41523c37997384a735106370fa, --pid-file, /var/run/desktop-containerd/daemon/io.containerd.runtime.v2.task/moby/bf4c3001c6610906adfa47e25c606b81b7fbed41523c37997384a735106370fa/init.pid, bf4c3001c6610906adfa47e25c606b81b7fbed41523c37997384a735106370fa",emailservice,"emailservice-9f8578d69-r6rx8"
"2023-08-23 06:32:56","/usr/bin/containerd-shim-runc-v2, -namespace, moby, -id, 7831ee1272cbd7ae6ceafbabaf713a4a1f9818a624e77a7053e451d0849dce24, -address, /var/run/desktop-containerd/containerd.sock",emailservice,"emailservice-9f8578d69-r6rx8"
"2023-08-23 06:32:56","/usr/bin/containerd-shim-runc-v2, -namespace, moby, -id, bf4c3001c6610906adfa47e25c606b81b7fbed41523c37997384a735106370fa, -address, /var/run/desktop-containerd/containerd.sock",emailservice,"emailservice-9f8578d69-r6rx8"
"2023-08-23 06:32:56","runc, init",emailservice,"emailservice-9f8578d69-r6rx8"
"2023-08-23 06:32:56","runc, init",emailservice,"emailservice-9f8578d69-r6rx8"
"2023-08-23 06:32:56","/usr/bin/containerd-shim-runc-v2, -namespace, moby, -id, d3540e737eb862f3a41c5493918e527585d2e174e2f2df0f71687153c85a6456, -address, /var/run/desktop-containerd/containerd.sock",emailservice,"emailservice-9f8578d69-r6rx8"
"2023-08-23 06:32:56","runc, --root, /var/run/docker/runtime-runc/moby, --log, /var/run/desktop-containerd/daemon/io.containerd.runtime.v2.task/moby/bf4c3001c6610906adfa47e25c606b81b7fbed41523c37997384a735106370fa/log.json, --log-format, json, create, --bundle, /var/run/desktop-containerd/daemon/io.containerd.runtime.v2.task/moby/bf4c3001c6610906adfa47e25c606b81b7fbed41523c37997384a735106370fa, --pid-file, /var/run/desktop-containerd/daemon/io.containerd.runtime.v2.task/moby/bf4c3001c6610906adfa47e25c606b81b7fbed41523c37997384a735106370fa/init.pid, bf4c3001c6610906adfa47e25c606b81b7fbed41523c37997384a735106370fa",emailservice,"emailservice-9f8578d69-r6rx8"
"2023-08-23 06:32:56","runc, --root, /var/run/docker/runtime-runc/moby, --log, /var/run/desktop-containerd/daemon/io.containerd.runtime.v2.task/moby/d3540e737eb862f3a41c5493918e527585d2e174e2f2df0f71687153c85a6456/log.json, --log-format, json, create, --bundle, /var/run/desktop-containerd/daemon/io.containerd.runtime.v2.task/moby/d3540e737eb862f3a41c5493918e527585d2e174e2f2df0f71687153c85a6456, --pid-file, /var/run/desktop-containerd/daemon/io.containerd.runtime.v2.task/moby/d3540e737eb862f3a41c5493918e527585d2e174e2f2df0f71687153c85a6456/init.pid, d3540e737eb862f3a41c5493918e527585d2e174e2f2df0f71687153c85a6456",emailservice,"emailservice-9f8578d69-r6rx8"
"2023-08-23 06:32:47","runc, --version",checkoutservice,"checkoutservice-6d6f4d7cc7-jkzgt"
"2023-08-23 06:31:54","runc, init",currencyservice,"currencyservice-ccbc788bc-7lbhx"
"2023-08-23 06:31:54","/usr/bin/containerd-shim-runc-v2, -namespace, moby, -id, 97278010d5576b504844ac31b079cd4e5684a8ab2d8c185a90ba55104fcf8cea, -address, /var/run/desktop-containerd/containerd.sock",currencyservice,"currencyservice-ccbc788bc-7lbhx"
"2023-08-23 06:31:53","/usr/bin/containerd-shim-runc-v2, -namespace, moby, -id, a08f3a2e1a5c1248bf5e8e49eed4cc3fe18ac51dee8214ea6c23bf15d6b9e5b9, -address, /var/run/desktop-containerd/containerd.sock",adservice,"adservice-76b448fddf-qfsdp"
"2023-08-23 06:31:53","runc, init",adservice,"adservice-76b448fddf-qfsdp"
"2023-08-23 06:31:50","runc, --root, /var/run/docker/runtime-runc/moby, --log, /var/run/desktop-containerd/daemon/io.containerd.runtime.v2.task/moby/9a48798ef9df2c07ef7ef2a70a608ce970178707b7a5ab6c2b2d41a2838347a3/log.json, --log-format, json, create, --bundle, /var/run/desktop-containerd/daemon/io.containerd.runtime.v2.task/moby/9a48798ef9df2c07ef7ef2a70a608ce970178707b7a5ab6c2b2d41a2838347a3, --pid-file, /var/run/desktop-containerd/daemon/io.containerd.runtime.v2.task/moby/9a48798ef9df2c07ef7ef2a70a608ce970178707b7a5ab6c2b2d41a2838347a3/init.pid, 9a48798ef9df2c07ef7ef2a70a608ce970178707b7a5ab6c2b2d41a2838347a3","redis-cart","redis-cart-6997b66668-xkfsv"
"2023-08-23 06:31:50","runc, --root, /var/run/docker/runtime-runc/moby, --log, /var/run/desktop-containerd/daemon/io.containerd.runtime.v2.task/moby/a08f3a2e1a5c1248bf5e8e49eed4cc3fe18ac51dee8214ea6c23bf15d6b9e5b9/log.json, --log-format, json, create, --bundle, /var/run/desktop-containerd/daemon/io.containerd.runtime.v2.task/moby/a08f3a2e1a5c1248bf5e8e49eed4cc3fe18ac51dee8214ea6c23bf15d6b9e5b9, --pid-file, /var/run/desktop-containerd/daemon/io.containerd.runtime.v2.task/moby/a08f3a2e1a5c1248bf5e8e49eed4cc3fe18ac51dee8214ea6c23bf15d6b9e5b9/init.pid, a08f3a2e1a5c1248bf5e8e49eed4cc3fe18ac51dee8214ea6c23bf15d6b9e5b9","redis-cart","redis-cart-6997b66668-xkfsv"
"2023-08-23 06:31:48","/usr/bin/containerd-shim-runc-v2, -namespace, moby, -id, 9a48798ef9df2c07ef7ef2a70a608ce970178707b7a5ab6c2b2d41a2838347a3, -address, /var/run/desktop-containerd/containerd.sock",checkoutservice,"checkoutservice-6d6f4d7cc7-jkzgt"
"2023-08-23 06:31:48","runc, init",checkoutservice,"checkoutservice-6d6f4d7cc7-jkzgt"
"2023-08-23 06:31:48","/usr/bin/containerd-shim-runc-v2, -namespace, moby, -id, 97278010d5576b504844ac31b079cd4e5684a8ab2d8c185a90ba55104fcf8cea, -address, /var/run/desktop-containerd/containerd.sock",checkoutservice,"checkoutservice-6d6f4d7cc7-jkzgt"
"2023-08-23 06:31:48","runc, --root, /var/run/docker/runtime-runc/moby, --log, /var/run/desktop-containerd/daemon/io.containerd.runtime.v2.task/moby/97278010d5576b504844ac31b079cd4e5684a8ab2d8c185a90ba55104fcf8cea/log.json, --log-format, json, create, --bundle, /var/run/desktop-containerd/daemon/io.containerd.runtime.v2.task/moby/97278010d5576b504844ac31b079cd4e5684a8ab2d8c185a90ba55104fcf8cea, --pid-file, /var/run/desktop-containerd/daemon/io.containerd.runtime.v2.task/moby/97278010d5576b504844ac31b079cd4e5684a8ab2d8c185a90ba55104fcf8cea/init.pid, 97278010d5576b504844ac31b079cd4e5684a8ab2d8c185a90ba55104fcf8cea",checkoutservice,"checkoutservice-6d6f4d7cc7-jkzgt"
"2023-08-23 06:31:48","/usr/bin/containerd-shim-runc-v2, -namespace, moby, -id, a08f3a2e1a5c1248bf5e8e49eed4cc3fe18ac51dee8214ea6c23bf15d6b9e5b9, -address, /var/run/desktop-containerd/containerd.sock",checkoutservice,"checkoutservice-6d6f4d7cc7-jkzgt"
"2023-08-23 06:31:48","runc, --root, /var/run/docker/runtime-runc/moby, --log, /var/run/desktop-containerd/daemon/io.containerd.runtime.v2.task/moby/9a48798ef9df2c07ef7ef2a70a608ce970178707b7a5ab6c2b2d41a2838347a3/log.json, --log-format, json, create, --bundle, /var/run/desktop-containerd/daemon/io.containerd.runtime.v2.task/moby/9a48798ef9df2c07ef7ef2a70a608ce970178707b7a5ab6c2b2d41a2838347a3, --pid-file, /var/run/desktop-containerd/daemon/io.containerd.runtime.v2.task/moby/9a48798ef9df2c07ef7ef2a70a608ce970178707b7a5ab6c2b2d41a2838347a3/init.pid, 9a48798ef9df2c07ef7ef2a70a608ce970178707b7a5ab6c2b2d41a2838347a3",checkoutservice,"checkoutservice-6d6f4d7cc7-jkzgt"
"2023-08-23 06:31:48","runc, init",checkoutservice,"checkoutservice-6d6f4d7cc7-jkzgt"
"2023-08-23 06:31:48","runc, --root, /var/run/docker/runtime-runc/moby, --log, /var/run/desktop-containerd/daemon/io.containerd.runtime.v2.task/moby/a08f3a2e1a5c1248bf5e8e49eed4cc3fe18ac51dee8214ea6c23bf15d6b9e5b9/log.json, --log-format, json, create, --bundle, /var/run/desktop-containerd/daemon/io.containerd.runtime.v2.task/moby/a08f3a2e1a5c1248bf5e8e49eed4cc3fe18ac51dee8214ea6c23bf15d6b9e5b9, --pid-file, /var/run/desktop-containerd/daemon/io.containerd.runtime.v2.task/moby/a08f3a2e1a5c1248bf5e8e49eed4cc3fe18ac51dee8214ea6c23bf15d6b9e5b9/init.pid, a08f3a2e1a5c1248bf5e8e49eed4cc3fe18ac51dee8214ea6c23bf15d6b9e5b9",checkoutservice,"checkoutservice-6d6f4d7cc7-jkzgt"
"2023-08-23 06:31:48","runc, init",checkoutservice,"checkoutservice-6d6f4d7cc7-jkzgt"
"2023-08-23 06:30:41","/usr/bin/containerd-shim-runc-v2, -namespace, moby, -id, a68d64a2d755ba134ce5712f09a828ccb8de1cb76df943cf0ee8404974533ed7, -address, /var/run/desktop-containerd/containerd.sock",currencyservice,"currencyservice-ccbc788bc-7lbhx"
"2023-08-23 06:30:34","/usr/bin/containerd-shim-runc-v2, -namespace, moby, -id, a68d64a2d755ba134ce5712f09a828ccb8de1cb76df943cf0ee8404974533ed7, -address, /var/run/desktop-containerd/containerd.sock",recommendationservice,"recommendationservice-cc746f6c7-9r7zm"
"2023-08-23 06:30:34","runc, init",recommendationservice,"recommendationservice-cc746f6c7-9r7zm"
"2023-08-23 06:30:34","runc, --root, /var/run/docker/runtime-runc/moby, --log, /var/run/desktop-containerd/daemon/io.containerd.runtime.v2.task/moby/b45aeb49d18a1fa51d5bdfb31ae1bbcc2c90a165d96af567d45339e0d7d5f600/log.json, --log-format, json, create, --bundle, /var/run/desktop-containerd/daemon/io.containerd.runtime.v2.task/moby/b45aeb49d18a1fa51d5bdfb31ae1bbcc2c90a165d96af567d45339e0d7d5f600, --pid-file, /var/run/desktop-containerd/daemon/io.containerd.runtime.v2.task/moby/b45aeb49d18a1fa51d5bdfb31ae1bbcc2c90a165d96af567d45339e0d7d5f600/init.pid, b45aeb49d18a1fa51d5bdfb31ae1bbcc2c90a165d96af567d45339e0d7d5f600",recommendationservice,"recommendationservice-cc746f6c7-9r7zm"
"2023-08-23 06:30:34","runc, --root, /var/run/docker/runtime-runc/moby, --log, /var/run/desktop-containerd/daemon/io.containerd.runtime.v2.task/moby/a68d64a2d755ba134ce5712f09a828ccb8de1cb76df943cf0ee8404974533ed7/log.json, --log-format, json, create, --bundle, /var/run/desktop-containerd/daemon/io.containerd.runtime.v2.task/moby/a68d64a2d755ba134ce5712f09a828ccb8de1cb76df943cf0ee8404974533ed7, --pid-file, /var/run/desktop-containerd/daemon/io.containerd.runtime.v2.task/moby/a68d64a2d755ba134ce5712f09a828ccb8de1cb76df943cf0ee8404974533ed7/init.pid, a68d64a2d755ba134ce5712f09a828ccb8de1cb76df943cf0ee8404974533ed7",recommendationservice,"recommendationservice-cc746f6c7-9r7zm"
"2023-08-23 06:30:34","/usr/bin/containerd-shim-runc-v2, -namespace, moby, -id, b45aeb49d18a1fa51d5bdfb31ae1bbcc2c90a165d96af567d45339e0d7d5f600, -address, /var/run/desktop-containerd/containerd.sock",recommendationservice,"recommendationservice-cc746f6c7-9r7zm"
"2023-08-23 06:30:31","runc, --version",paymentservice,"paymentservice-78549bfd9c-h8tg5"
"2023-08-23 06:29:26","runc, init",paymentservice,"paymentservice-78549bfd9c-h8tg5"
"2023-08-23 06:29:26","/usr/bin/containerd-shim-runc-v2, -namespace, moby, -id, 005c9863760d27d2732bb842b0b8a25f755e1496734312c992ca465b54f81283, -address, /var/run/desktop-containerd/containerd.sock",paymentservice,"paymentservice-78549bfd9c-h8tg5"
"2023-08-23 06:29:26","runc, --root, /var/run/docker/runtime-runc/moby, --log, /var/run/desktop-containerd/daemon/io.containerd.runtime.v2.task/moby/005c9863760d27d2732bb842b0b8a25f755e1496734312c992ca465b54f81283/log.json, --log-format, json, create, --bundle, /var/run/desktop-containerd/daemon/io.containerd.runtime.v2.task/moby/005c9863760d27d2732bb842b0b8a25f755e1496734312c992ca465b54f81283, --pid-file, /var/run/desktop-containerd/daemon/io.containerd.runtime.v2.task/moby/005c9863760d27d2732bb842b0b8a25f755e1496734312c992ca465b54f81283/init.pid, 005c9863760d27d2732bb842b0b8a25f755e1496734312c992ca465b54f81283",paymentservice,"paymentservice-78549bfd9c-h8tg5"
"2023-08-23 06:29:26","/usr/bin/containerd-shim-runc-v2, -namespace, moby, -id, 1f3877774d4d0352e9fb6d706869a1e830a45dc91e9d09aae8bdf91e63837274, -address, /var/run/desktop-containerd/containerd.sock",paymentservice,"paymentservice-78549bfd9c-h8tg5"
"2023-08-23 06:29:26","runc, --root, /var/run/docker/runtime-runc/moby, --log, /var/run/desktop-containerd/daemon/io.containerd.runtime.v2.task/moby/1f3877774d4d0352e9fb6d706869a1e830a45dc91e9d09aae8bdf91e63837274/log.json, --log-format, json, create, --bundle, /var/run/desktop-containerd/daemon/io.containerd.runtime.v2.task/moby/1f3877774d4d0352e9fb6d706869a1e830a45dc91e9d09aae8bdf91e63837274, --pid-file, /var/run/desktop-containerd/daemon/io.containerd.runtime.v2.task/moby/1f3877774d4d0352e9fb6d706869a1e830a45dc91e9d09aae8bdf91e63837274/init.pid, 1f3877774d4d0352e9fb6d706869a1e830a45dc91e9d09aae8bdf91e63837274",paymentservice,"paymentservice-78549bfd9c-h8tg5"
"2023-08-23 06:27:20","/usr/bin/containerd-shim-runc-v2, -namespace, moby, -id, a5a8dce24cce1b4d8202fd82b62e9516984a87174543fc70f7f2ab9d9b00cb06, -address, /var/run/desktop-containerd/containerd.sock",emailservice,"emailservice-9f8578d69-r6rx8"
"2023-08-23 06:27:20","/usr/bin/containerd-shim-runc-v2, -namespace, moby, -id, 92bf6d9c23ec8d60e9182837b1244f5821e423c164d406f0665cd22835fb220c, -address, /var/run/desktop-containerd/containerd.sock",emailservice,"emailservice-9f8578d69-r6rx8"
"2023-08-23 06:27:16","runc, init",adservice,"adservice-76b448fddf-qfsdp"
"2023-08-23 06:27:16","runc, --root, /var/run/docker/runtime-runc/moby, --log, /var/run/desktop-containerd/daemon/io.containerd.runtime.v2.task/moby/05a3016a5106728b39a3f85790976570a7668190a8d767719a677434015eb2f7/log.json, --log-format, json, create, --bundle, /var/run/desktop-containerd/daemon/io.containerd.runtime.v2.task/moby/05a3016a5106728b39a3f85790976570a7668190a8d767719a677434015eb2f7, --pid-file, /var/run/desktop-containerd/daemon/io.containerd.runtime.v2.task/moby/05a3016a5106728b39a3f85790976570a7668190a8d767719a677434015eb2f7/init.pid, 05a3016a5106728b39a3f85790976570a7668190a8d767719a677434015eb2f7",adservice,"adservice-76b448fddf-qfsdp"
"2023-08-23 06:27:15","/usr/bin/containerd-shim-runc-v2, -namespace, moby, -id, 05a3016a5106728b39a3f85790976570a7668190a8d767719a677434015eb2f7, -address, /var/run/desktop-containerd/containerd.sock",adservice,"adservice-76b448fddf-qfsdp"
"2023-08-23 06:27:15","runc, --root, /var/run/docker/runtime-runc/moby, --log, /var/run/desktop-containerd/daemon/io.containerd.runtime.v2.task/moby/05a3016a5106728b39a3f85790976570a7668190a8d767719a677434015eb2f7/log.json, --log-format, json, create, --bundle, /var/run/desktop-containerd/daemon/io.containerd.runtime.v2.task/moby/05a3016a5106728b39a3f85790976570a7668190a8d767719a677434015eb2f7, --pid-file, /var/run/desktop-containerd/daemon/io.containerd.runtime.v2.task/moby/05a3016a5106728b39a3f85790976570a7668190a8d767719a677434015eb2f7/init.pid, 05a3016a5106728b39a3f85790976570a7668190a8d767719a677434015eb2f7",adservice,"adservice-76b448fddf-qfsdp"
"2023-08-23 06:27:15","/usr/bin/containerd-shim-runc-v2, -namespace, moby, -id, 3b5af02e6c1d73a20270894b46d9ef7b8683af2d47bf73a0749920e150638aba, -address, /var/run/desktop-containerd/containerd.sock",adservice,"adservice-76b448fddf-qfsdp"
"2023-08-23 06:27:15","/usr/bin/containerd-shim-runc-v2, -namespace, moby, -id, 6d0b68e99f5d544e896301e606d4fe8892eb10bea970465eb99efb3fefbc61f4, -address, /var/run/desktop-containerd/containerd.sock",adservice,"adservice-76b448fddf-qfsdp"
"2023-08-23 06:27:15","runc, init",adservice,"adservice-76b448fddf-qfsdp"
"2023-08-23 06:25:33","/usr/bin/containerd-shim-runc-v2, -namespace, moby, -id, 23f05feea6939ff84f487801b474fc5042467b8b11e05ad6f929e20de518f851, -address, /var/run/desktop-containerd/containerd.sock",adservice,"adservice-76b448fddf-qfsdp"
"2023-08-23 06:25:33","/usr/bin/containerd-shim-runc-v2, -namespace, moby, -id, 5fe8b6f96edfb455489ce7f2779f515fceb3f15a0ff4c1035b0fff94269cf614, -address, /var/run/desktop-containerd/containerd.sock",adservice,"adservice-76b448fddf-qfsdp"
"2023-08-23 06:25:33","/usr/bin/containerd-shim-runc-v2, -namespace, moby, -id, ae719d059c839929f2c32757c75c39d6e2d8208e503199c605a0562c8e44e678, -address, /var/run/desktop-containerd/containerd.sock",adservice,"adservice-76b448fddf-qfsdp"
"2023-08-23 06:25:30","/usr/bin/containerd-shim-runc-v2, -namespace, moby, -id, bba3e60245447f421371d65e83d31094355dd67fc7e16f2bb68f215c6a57624a, -address, /var/run/desktop-containerd/containerd.sock",adservice,"adservice-76b448fddf-qfsdp"
"2023-08-23 06:25:25","/usr/bin/containerd-shim-runc-v2, -namespace, moby, -id, 152502795d65cf87a869dd0293a8427587aef98df2d8c4977b7e8ac91855cf66, -address, /var/run/desktop-containerd/containerd.sock",loadgenerator,"loadgenerator-7f8f5d8fb6-5mm4r"
"2023-08-23 06:25:25","runc, init",loadgenerator,"loadgenerator-7f8f5d8fb6-5mm4r"
"2023-08-23 06:25:25","runc, --root, /var/run/docker/runtime-runc/moby, --log, /var/run/desktop-containerd/daemon/io.containerd.runtime.v2.task/moby/e1b4f39ce84ccc31034524519f911942e554ae92a7ebfea820c461df5c96ed59/log.json, --log-format, json, create, --bundle, /var/run/desktop-containerd/daemon/io.containerd.runtime.v2.task/moby/e1b4f39ce84ccc31034524519f911942e554ae92a7ebfea820c461df5c96ed59, --pid-file, /var/run/desktop-containerd/daemon/io.containerd.runtime.v2.task/moby/e1b4f39ce84ccc31034524519f911942e554ae92a7ebfea820c461df5c96ed59/init.pid, e1b4f39ce84ccc31034524519f911942e554ae92a7ebfea820c461df5c96ed59",loadgenerator,"loadgenerator-7f8f5d8fb6-5mm4r"
"2023-08-23 06:25:25","/usr/bin/containerd-shim-runc-v2, -namespace, moby, -id, e1b4f39ce84ccc31034524519f911942e554ae92a7ebfea820c461df5c96ed59, -address, /var/run/desktop-containerd/containerd.sock",loadgenerator,"loadgenerator-7f8f5d8fb6-5mm4r"
"2023-08-23 06:25:25","runc, init",loadgenerator,"loadgenerator-7f8f5d8fb6-5mm4r"
"2023-08-23 06:25:25","runc, --root, /var/run/docker/runtime-runc/moby, --log, /var/run/desktop-containerd/daemon/io.containerd.runtime.v2.task/moby/152502795d65cf87a869dd0293a8427587aef98df2d8c4977b7e8ac91855cf66/log.json, --log-format, json, create, --bundle, /var/run/desktop-containerd/daemon/io.containerd.runtime.v2.task/moby/152502795d65cf87a869dd0293a8427587aef98df2d8c4977b7e8ac91855cf66, --pid-file, /var/run/desktop-containerd/daemon/io.containerd.runtime.v2.task/moby/152502795d65cf87a869dd0293a8427587aef98df2d8c4977b7e8ac91855cf66/init.pid, 152502795d65cf87a869dd0293a8427587aef98df2d8c4977b7e8ac91855cf66",loadgenerator,"loadgenerator-7f8f5d8fb6-5mm4r"
"2023-08-23 06:25:25","/usr/bin/containerd-shim-runc-v2, -namespace, moby, -id, 7dcb6e2bfd971c433dafe42aaef11952ccbb63458f446f63f906a4f2c0b246c7, -address, /var/run/desktop-containerd/containerd.sock",loadgenerator,"loadgenerator-7f8f5d8fb6-5mm4r"
"2023-08-23 06:25:25","runc, --root, /var/run/docker/runtime-runc/moby, --log, /var/run/desktop-containerd/daemon/io.containerd.runtime.v2.task/moby/7dcb6e2bfd971c433dafe42aaef11952ccbb63458f446f63f906a4f2c0b246c7/log.json, --log-format, json, create, --bundle, /var/run/desktop-containerd/daemon/io.containerd.runtime.v2.task/moby/7dcb6e2bfd971c433dafe42aaef11952ccbb63458f446f63f906a4f2c0b246c7, --pid-file, /var/run/desktop-containerd/daemon/io.containerd.runtime.v2.task/moby/7dcb6e2bfd971c433dafe42aaef11952ccbb63458f446f63f906a4f2c0b246c7/init.pid, 7dcb6e2bfd971c433dafe42aaef11952ccbb63458f446f63f906a4f2c0b246c7",loadgenerator,"loadgenerator-7f8f5d8fb6-5mm4r"
"2023-08-23 06:25:25","runc, init",loadgenerator,"loadgenerator-7f8f5d8fb6-5mm4r"
"2023-08-23 06:24:49","runc, --version",adservice,"adservice-76b448fddf-qfsdp"
"2023-08-23 06:24:49","runc, --version",adservice,"adservice-76b448fddf-qfsdp"
"2023-08-23 06:24:23","/usr/bin/containerd-shim-runc-v2, -namespace, moby, -id, 3ea5eb3c22cffca3cb72f02b0502d72e01fb3793f641d7f183c4fc6e646dc699, -address, /var/run/desktop-containerd/containerd.sock",cartservice,"cartservice-6969c94d94-dvnsh"
"2023-08-23 06:24:23","runc, init",cartservice,"cartservice-6969c94d94-dvnsh"
"2023-08-23 06:24:22","/usr/bin/containerd-shim-runc-v2, -namespace, moby, -id, 12a11a0626ed68c63eaf59a73324bc2626c8c1d3f4dbeb9943d64282562df9e2, -address, /var/run/desktop-containerd/containerd.sock",cartservice,"cartservice-6969c94d94-dvnsh"
"2023-08-23 06:24:22","runc, init",cartservice,"cartservice-6969c94d94-dvnsh"
"2023-08-23 06:24:22","/usr/bin/containerd-shim-runc-v2, -namespace, moby, -id, 36f450b3a6902d29cd20e56e622789e879c6101cff65b5667239dfe6bbcc415c, -address, /var/run/desktop-containerd/containerd.sock",cartservice,"cartservice-6969c94d94-dvnsh"
"2023-08-23 06:24:22","runc, init",cartservice,"cartservice-6969c94d94-dvnsh"
"2023-08-23 06:24:21","/usr/bin/containerd-shim-runc-v2, -namespace, moby, -id, 44d6fd5d621d0627dfb4ce59f68f51b2b12eb1a43d60cbec48892b3c5a3b7d30, -address, /var/run/desktop-containerd/containerd.sock","redis-cart","redis-cart-6997b66668-xkfsv"
"2023-08-23 06:24:20","/usr/bin/containerd-shim-runc-v2, -namespace, moby, -id, bad1d1c20e1888db0869645472dd6cfa1aad78bfdca7de42c1350df80c793fbe, -address, /var/run/desktop-containerd/containerd.sock",shippingservice,"shippingservice-7ccdfd8767-zlxq5"
"2023-08-23 06:24:16","runc, --root, /var/run/docker/runtime-runc/moby, --log, /var/run/desktop-containerd/daemon/io.containerd.runtime.v2.task/moby/3ea5eb3c22cffca3cb72f02b0502d72e01fb3793f641d7f183c4fc6e646dc699/log.json, --log-format, json, create, --bundle, /var/run/desktop-containerd/daemon/io.containerd.runtime.v2.task/moby/3ea5eb3c22cffca3cb72f02b0502d72e01fb3793f641d7f183c4fc6e646dc699, --pid-file, /var/run/desktop-containerd/daemon/io.containerd.runtime.v2.task/moby/3ea5eb3c22cffca3cb72f02b0502d72e01fb3793f641d7f183c4fc6e646dc699/init.pid, 3ea5eb3c22cffca3cb72f02b0502d72e01fb3793f641d7f183c4fc6e646dc699",recommendationservice,"recommendationservice-cc746f6c7-9r7zm"
"2023-08-23 06:24:15","runc, --root, /var/run/docker/runtime-runc/moby, --log, /var/run/desktop-containerd/daemon/io.containerd.runtime.v2.task/moby/42f8cfbc2b7689ba201d715a1e922b3dc47766dd9c0f699d68a052b2ee3e9335/log.json, --log-format, json, exec, --process, /tmp/runc-process863423218, --detach, --pid-file, /var/run/desktop-containerd/daemon/io.containerd.runtime.v2.task/moby/42f8cfbc2b7689ba201d715a1e922b3dc47766dd9c0f699d68a052b2ee3e9335/c2e03153b509c9e903649f4abce6bb71a99cbee66a99b9836f39042630560d17.pid, 42f8cfbc2b7689ba201d715a1e922b3dc47766dd9c0f699d68a052b2ee3e9335",productcatalogservice,"productcatalogservice-6b5dd45849-52szd"
"2023-08-23 06:24:15","runc, --root, /var/run/docker/runtime-runc/moby, --log, /var/run/desktop-containerd/daemon/io.containerd.runtime.v2.task/moby/12a11a0626ed68c63eaf59a73324bc2626c8c1d3f4dbeb9943d64282562df9e2/log.json, --log-format, json, create, --bundle, /var/run/desktop-containerd/daemon/io.containerd.runtime.v2.task/moby/12a11a0626ed68c63eaf59a73324bc2626c8c1d3f4dbeb9943d64282562df9e2, --pid-file, /var/run/desktop-containerd/daemon/io.containerd.runtime.v2.task/moby/12a11a0626ed68c63eaf59a73324bc2626c8c1d3f4dbeb9943d64282562df9e2/init.pid, 12a11a0626ed68c63eaf59a73324bc2626c8c1d3f4dbeb9943d64282562df9e2",productcatalogservice,"productcatalogservice-6b5dd45849-52szd"
"2023-08-23 06:24:15","runc, --root, /var/run/docker/runtime-runc/moby, --log, /var/run/desktop-containerd/daemon/io.containerd.runtime.v2.task/moby/36f450b3a6902d29cd20e56e622789e879c6101cff65b5667239dfe6bbcc415c/log.json, --log-format, json, create, --bundle, /var/run/desktop-containerd/daemon/io.containerd.runtime.v2.task/moby/36f450b3a6902d29cd20e56e622789e879c6101cff65b5667239dfe6bbcc415c, --pid-file, /var/run/desktop-containerd/daemon/io.containerd.runtime.v2.task/moby/36f450b3a6902d29cd20e56e622789e879c6101cff65b5667239dfe6bbcc415c/init.pid, 36f450b3a6902d29cd20e56e622789e879c6101cff65b5667239dfe6bbcc415c",productcatalogservice,"productcatalogservice-6b5dd45849-52szd"
"2023-08-23 06:24:14","runc, init",productcatalogservice,"productcatalogservice-6b5dd45849-52szd"
"2023-08-23 06:24:14","runc, init",productcatalogservice,"productcatalogservice-6b5dd45849-52szd"
"2023-08-23 06:24:14","/usr/bin/containerd-shim-runc-v2, -namespace, moby, -id, 3ea5eb3c22cffca3cb72f02b0502d72e01fb3793f641d7f183c4fc6e646dc699, -address, /var/run/desktop-containerd/containerd.sock",productcatalogservice,"productcatalogservice-6b5dd45849-52szd"
"2023-08-23 06:24:14","/usr/bin/containerd-shim-runc-v2, -namespace, moby, -id, 36f450b3a6902d29cd20e56e622789e879c6101cff65b5667239dfe6bbcc415c, -address, /var/run/desktop-containerd/containerd.sock",productcatalogservice,"productcatalogservice-6b5dd45849-52szd"
"2023-08-23 06:24:14","runc, --root, /var/run/docker/runtime-runc/moby, --log, /var/run/desktop-containerd/daemon/io.containerd.runtime.v2.task/moby/36f450b3a6902d29cd20e56e622789e879c6101cff65b5667239dfe6bbcc415c/log.json, --log-format, json, create, --bundle, /var/run/desktop-containerd/daemon/io.containerd.runtime.v2.task/moby/36f450b3a6902d29cd20e56e622789e879c6101cff65b5667239dfe6bbcc415c, --pid-file, /var/run/desktop-containerd/daemon/io.containerd.runtime.v2.task/moby/36f450b3a6902d29cd20e56e622789e879c6101cff65b5667239dfe6bbcc415c/init.pid, 36f450b3a6902d29cd20e56e622789e879c6101cff65b5667239dfe6bbcc415c",productcatalogservice,"productcatalogservice-6b5dd45849-52szd"
"2023-08-23 06:24:14","/usr/bin/containerd-shim-runc-v2, -namespace, moby, -id, 12a11a0626ed68c63eaf59a73324bc2626c8c1d3f4dbeb9943d64282562df9e2, -address, /var/run/desktop-containerd/containerd.sock",productcatalogservice,"productcatalogservice-6b5dd45849-52szd"
"2023-08-23 06:24:14","runc, --root, /var/run/docker/runtime-runc/moby, --log, /var/run/desktop-containerd/daemon/io.containerd.runtime.v2.task/moby/12a11a0626ed68c63eaf59a73324bc2626c8c1d3f4dbeb9943d64282562df9e2/log.json, --log-format, json, create, --bundle, /var/run/desktop-containerd/daemon/io.containerd.runtime.v2.task/moby/12a11a0626ed68c63eaf59a73324bc2626c8c1d3f4dbeb9943d64282562df9e2, --pid-file, /var/run/desktop-containerd/daemon/io.containerd.runtime.v2.task/moby/12a11a0626ed68c63eaf59a73324bc2626c8c1d3f4dbeb9943d64282562df9e2/init.pid, 12a11a0626ed68c63eaf59a73324bc2626c8c1d3f4dbeb9943d64282562df9e2",productcatalogservice,"productcatalogservice-6b5dd45849-52szd"
"2023-08-23 06:24:14","runc, --root, /var/run/docker/runtime-runc/moby, --log, /var/run/desktop-containerd/daemon/io.containerd.runtime.v2.task/moby/3ea5eb3c22cffca3cb72f02b0502d72e01fb3793f641d7f183c4fc6e646dc699/log.json, --log-format, json, create, --bundle, /var/run/desktop-containerd/daemon/io.containerd.runtime.v2.task/moby/3ea5eb3c22cffca3cb72f02b0502d72e01fb3793f641d7f183c4fc6e646dc699, --pid-file, /var/run/desktop-containerd/daemon/io.containerd.runtime.v2.task/moby/3ea5eb3c22cffca3cb72f02b0502d72e01fb3793f641d7f183c4fc6e646dc699/init.pid, 3ea5eb3c22cffca3cb72f02b0502d72e01fb3793f641d7f183c4fc6e646dc699",productcatalogservice,"productcatalogservice-6b5dd45849-52szd"
"2023-08-23 06:24:14","runc, init",productcatalogservice,"productcatalogservice-6b5dd45849-52szd"
"2023-08-23 06:23:08","runc, --root, /var/run/docker/runtime-runc/moby, --log, /var/run/desktop-containerd/daemon/io.containerd.runtime.v2.task/moby/6cd8eb48f2e932efacb53885e6c10877a33945bd4767352e4fe01e652e5fd686/log.json, --log-format, json, create, --bundle, /var/run/desktop-containerd/daemon/io.containerd.runtime.v2.task/moby/6cd8eb48f2e932efacb53885e6c10877a33945bd4767352e4fe01e652e5fd686, --pid-file, /var/run/desktop-containerd/daemon/io.containerd.runtime.v2.task/moby/6cd8eb48f2e932efacb53885e6c10877a33945bd4767352e4fe01e652e5fd686/init.pid, 6cd8eb48f2e932efacb53885e6c10877a33945bd4767352e4fe01e652e5fd686",loadgenerator,"loadgenerator-7f8f5d8fb6-5mm4r"
"2023-08-23 06:23:08","runc, --root, /var/run/docker/runtime-runc/moby, --log, /var/run/desktop-containerd/daemon/io.containerd.runtime.v2.task/moby/3cd2ac5672f78bbe7f7f5ce95540a0a89ae6f3c4177a0e0dd2ed96cc052d47b8/log.json, --log-format, json, create, --bundle, /var/run/desktop-containerd/daemon/io.containerd.runtime.v2.task/moby/3cd2ac5672f78bbe7f7f5ce95540a0a89ae6f3c4177a0e0dd2ed96cc052d47b8, --pid-file, /var/run/desktop-containerd/daemon/io.containerd.runtime.v2.task/moby/3cd2ac5672f78bbe7f7f5ce95540a0a89ae6f3c4177a0e0dd2ed96cc052d47b8/init.pid, 3cd2ac5672f78bbe7f7f5ce95540a0a89ae6f3c4177a0e0dd2ed96cc052d47b8",loadgenerator,"loadgenerator-7f8f5d8fb6-5mm4r"
"2023-08-23 06:23:07","runc, --root, /var/run/docker/runtime-runc/moby, --log, /var/run/desktop-containerd/daemon/io.containerd.runtime.v2.task/moby/f78ce706919e0e83c0b4a290b6bdbc9747e10ffe86ebdaf4f036b3e475f05b67/log.json, --log-format, json, create, --bundle, /var/run/desktop-containerd/daemon/io.containerd.runtime.v2.task/moby/f78ce706919e0e83c0b4a290b6bdbc9747e10ffe86ebdaf4f036b3e475f05b67, --pid-file, /var/run/desktop-containerd/daemon/io.containerd.runtime.v2.task/moby/f78ce706919e0e83c0b4a290b6bdbc9747e10ffe86ebdaf4f036b3e475f05b67/init.pid, f78ce706919e0e83c0b4a290b6bdbc9747e10ffe86ebdaf4f036b3e475f05b67",frontend,"frontend-846c85c54c-9rg78"
