,timestamp,adservice-76b448fddf-qfsdp_cpu,adservice-76b448fddf-qfsdp_memory,cartservice-6969c94d94-l66mx_cpu,cartservice-6969c94d94-l66mx_memory,checkoutservice-6d6f4d7cc7-jkzgt_cpu,checkoutservice-6d6f4d7cc7-jkzgt_memory,currencyservice-ccbc788bc-7lbhx_cpu,currencyservice-ccbc788bc-7lbhx_memory,emailservice-9f8578d69-r6rx8_cpu,emailservice-9f8578d69-r6rx8_memory,frontend-846c85c54c-9rg78_cpu,frontend-846c85c54c-9rg78_memory,loadgenerator-7f8f5d8fb6-5mm4r_cpu,loadgenerator-7f8f5d8fb6-5mm4r_memory,paymentservice-78549bfd9c-h8tg5_cpu,paymentservice-78549bfd9c-h8tg5_memory,productcatalogservice-6b5dd45849-52szd_cpu,productcatalogservice-6b5dd45849-52szd_memory,recommendationservice-cc746f6c7-9r7zm_cpu,recommendationservice-cc746f6c7-9r7zm_memory,redis-cart-6997b66668-xkfsv_cpu,redis-cart-6997b66668-xkfsv_memory,shippingservice-7ccdfd8767-zlxq5_cpu,shippingservice-7ccdfd8767-zlxq5_memory
0,2023-08-22 09:16:25,7.194275535235851,0.0,16.28645712965087,0.0,5.139464528673938,0.0,23.019069886388145,0.0,6.213952322172514,0.0,49.506283152581936,0.0,11.226950000002489,0.0,5.173902062579217,0.6827624526448716,31.650323275869898,0.0,16.07628439193464,0.0,7.320278088616804,0.0,6.062937719446272,0.0
1,2023-08-22 09:16:30,6.427336082622893,0.0,16.28645712965087,0.0,5.745758674338182,0.0,26.574673018260278,0.1694471605866867,6.275587119269327,0.0,61.82191958016096,-0.2997294700273487,12.884065737133609,0.0,4.997167570865158,0.7068069808484213,32.145201505052086,0.1838270093839249,16.07628439193464,0.0,5.960485357817069,0.0,6.062937719446272,0.0
2,2023-08-22 09:16:35,10.215712323523329,0.0,16.7228523036681,0.0,7.275529747970916,0.0,26.574673018260278,0.1694471605866867,6.215708683914812,0.0,65.91606485579881,-0.37786329963192467,11.425016001601037,0.0,4.997167570865158,0.7068069808484213,32.145201505052086,0.1838270093839249,15.78518964479222,0.0,5.326586735283907,0.0,6.316256242465706,0.0
3,2023-08-22 09:16:40,10.215712323523329,0.0,16.7228523036681,0.0,7.275529747970916,0.0,22.11578904664403,-0.47603403678633444,6.215708683914812,0.0,65.91606485579881,-0.37786329963192467,16.41363930785703,0.0,4.904739199291598,0.5524295420874273,32.145201505052086,0.1838270093839249,15.78518964479222,0.0,7.011817145226309,0.0,6.316256242465706,0.0
4,2023-08-22 09:16:45,9.772210065645629,0.0,15.909215484754865,0.0,7.432876232031234,-0.789871050683704,26.387914540816983,-0.36944606413994163,6.314972786267462,0.0,61.18037103046046,-0.16425145819831494,16.729655837889187,0.0,3.423749814021254,0.36101914372433497,30.23281686700759,0.22006566629582394,12.566960216879496,0.0,7.011817145226309,0.0,5.0515838363180094,0.0
5,2023-08-22 09:16:50,9.289091088912983,0.0,15.62757396176796,0.0,7.432876232031234,-0.789871050683704,26.387914540816983,-0.36944606413994163,6.350278603268643,0.0,61.18037103046047,-0.16425145819831496,15.749078932675044,0.0,3.8051921159911344,0.4012405327620068,30.23281686700759,0.22006566629582394,14.771471498407651,0.0,6.530637776165308,0.0,5.198212168687199,0.0
6,2023-08-22 09:16:55,9.289091088912983,0.0,15.627573961767963,0.0,7.6662682086072556,-1.1272767708217502,24.81504313410817,0.14791588393003702,4.433690948701042,0.0,61.18037103046047,-0.16425145819831496,14.404564530330367,0.0,3.809006539010833,0.40164274665238353,28.998419522055737,0.170904033379694,14.771471498407651,0.0,6.530637776165308,0.0,6.458970578527244,0.0
7,2023-08-22 09:17:00,9.028132850598299,0.0,13.312305469404366,0.0,7.6662682086072556,-1.1272767708217502,23.882314162310006,0.7374476017276653,4.955065496547141,0.0,58.06433341283065,0.0,14.799493283051282,0.0,4.68694478577046,-0.32673609572346557,28.998419522055737,0.170904033379694,14.771471498407651,0.0,6.530637776165308,0.0,6.458970578527244,0.0
8,2023-08-22 09:17:05,5.043131138323566,0.0,14.144009004399893,0.0,6.91076178135478,-0.6913728432108026,23.88231416231001,0.7374476017276654,6.087078924376183,0.0,58.06433341283065,0.0,14.799493283051282,0.0,4.68694478577046,-0.32673609572346557,28.998419522055737,0.170904033379694,13.670894638930815,0.0,6.623040943837189,0.0,5.9540286165063865,0.0
9,2023-08-22 09:17:10,5.7177749480053235,0.0,14.144009004399893,0.0,6.609945288754106,-0.9860279635258359,15.175525000000789,0.608256,6.087078924376183,0.0,54.86978173993107,0.4986215800799262,9.22630791314944,0.0,4.033678727014452,-0.5377613536102236,18.039199999998345,0.0,13.670894638930815,0.0,4.568367341712566,0.0,5.9540286165063865,0.0
10,2023-08-22 09:17:15,7.0036236577293725,0.0,11.752127284989394,0.0,6.609945288754106,-0.9860279635258359,16.669963317927618,0.6681551516609049,6.087078924376183,0.0,54.86978173993107,0.4986215800799262,7.8924499999970985,0.0,4.907543682209591,-0.2828472779269696,27.39248696112134,0.3569498910675381,13.670894638930815,0.0,5.121760032587721,0.0,5.839789117676045,0.0
11,2023-08-22 09:17:20,8.782738018923883,0.0,13.926865335776453,0.0,6.701056051990196,-0.748659626320065,14.769125976377339,0.591966965880054,6.00604163474366,0.0,52.9494468561831,-0.16224378338367976,12.348341046022448,0.0,5.021769603262326,-0.5167411434882339,27.39248696112134,0.3569498910675381,13.61568769084282,0.0,5.675152723462874,0.0,5.839789117676045,0.0
12,2023-08-22 09:17:25,8.782738018923883,0.0,13.58367371217833,0.3216116112146568,6.178252470673445,0.0,22.440730306642326,0.4393802145411204,6.00604163474366,0.0,52.9494468561831,-0.16224378338367976,14.630832142681564,0.0,5.021769603262326,-0.5167411434882339,26.785940666079924,0.1404561749883099,10.790943083281343,0.0,6.540023227766081,0.0,3.8650459472341345,0.0
13,2023-08-22 09:17:30,8.520843074488628,0.0,13.58367371217833,0.3216116112146568,6.159970922152488,0.0,21.10668480862672,0.6130531408269712,6.00604163474366,0.0,56.24280592734267,-0.19383556405353727,14.211587606557355,0.0,4.917454190955715,-0.48405865149314603,26.59132051470202,0.19839718185821226,9.656302442377774,0.0,6.540023227766081,0.0,3.4497249999994035,0.0
14,2023-08-22 09:17:35,8.667950505788406,0.0,13.859032999974255,0.41915807426932317,6.159970922152488,0.0,22.575629609813557,0.6198708296709596,4.747763551681916,0.0,56.24280592734267,-0.19383556405353727,14.211587606557355,0.0,4.917454190955715,-0.48405865149314603,26.59132051470202,0.19839718185821226,14.906825310978729,0.0,6.540023227766081,0.0,5.041904614532648,0.0
15,2023-08-22 09:17:40,8.667950505788406,0.0,14.373469652349462,0.3004234039006501,6.159970922152488,0.0,22.575629609813557,0.6198708296709596,5.852071126717508,0.0,58.17345028810371,-0.1488251917642309,14.833198903050622,0.0,4.917811020861388,0.23695669958511073,22.05351166886812,0.16454070277410832,14.906825310978729,0.0,6.871042546919189,-0.3187611280338017,5.874576941129981,0.0
16,2023-08-22 09:17:45,8.60119414823288,0.17868335242795452,14.199214349672156,0.4685063978510153,5.219664986169705,0.16839737534276036,23.65244270569187,0.1958530754183873,5.852071126717508,0.0,57.19858640019491,-0.3953243967828418,14.965685453092735,0.0,4.917811020861388,0.23695669958511073,28.708575112831554,0.16867536032944405,14.90682531097873,0.0,6.871042546919189,-0.3187611280338017,5.850589651942776,0.0
17,2023-08-22 09:17:50,8.60119414823288,0.17868335242795452,14.199214349672156,0.4685063978510153,5.782824743862728,0.18656609409108016,23.4123291763122,0.0,5.690437222352162,0.0,57.19858640019491,-0.3953243967828418,14.646841405970077,0.0,4.742991637803876,0.4655703323829388,28.708575112831554,0.16867536032944405,14.770311256961051,0.0,6.8890743279489355,-0.4834046611432318,5.850589651942776,0.0
18,2023-08-22 09:17:55,8.60119414823288,0.17868335242795452,14.113216165227271,0.4831742627345845,6.757917092316273,0.21802462497983763,16.724332147273227,0.0,5.690437222352162,0.0,48.6029099439434,-0.33591592493297584,14.646841405970077,0.0,4.742991637803876,0.4655703323829388,28.473392240222992,-0.2694020728142439,14.770311256961051,0.0,6.8890743279489355,-0.4834046611432318,5.845203698352993,0.0
19,2023-08-22 09:18:00,6.746263561127104,0.22501639803343165,14.113216165227271,0.4831742627345845,5.435017277511517,0.17534509339211785,15.461150000000144,0.0,5.690437222352162,0.0,49.55722269154752,0.17178222900459797,12.101252344315427,0.0,4.375521475997327,0.47653093601269164,28.44171503222726,-0.3473788362281284,14.744261720120239,0.0,5.335186204327321,-0.3743687114501997,5.878291081779254,0.0
20,2023-08-22 09:18:05,6.082137045230715,0.20286497227138642,12.366228489859038,0.21858723527136778,6.038510638297692,0.1917276595744681,20.02793172855914,-0.4917226745196761,5.608765623040774,0.0,58.15001864048628,0.2015677892382254,14.543803311589619,0.0,4.375521475997328,0.4765309360126917,28.44171503222726,-0.3473788362281284,8.186327717525833,0.0,6.798627868464389,-0.3837274662881477,5.986110159230803,0.0
21,2023-08-22 09:18:10,7.562323237998484,-0.6075990335449796,14.787127755576112,0.26137939925228826,6.038510638297692,0.1917276595744681,23.534661695204942,-0.5778193649511958,5.608765623040774,0.0,58.15001864048628,0.2015677892382254,14.543803311589619,0.0,4.692269230769322,0.7798153846153845,28.441715032227265,-0.34737883622812843,7.419275000000169,0.0,6.798627868464389,-0.3837274662881477,5.986110159230803,0.0
22,2023-08-22 09:18:15,7.407242279251171,-0.8819138755980862,14.746003236884553,0.16006947459834994,6.289279180387877,0.14837321624588368,23.534661695204942,-0.5778193649511958,5.608765623040774,0.0,61.874665477252435,66.55908652988403,11.689177917153721,0.0,4.850979302680893,1.126556466175858,29.83525717442449,-0.23580612333905154,10.873323472527623,0.0,6.798627868464388,-0.38372746628814763,5.912548992953534,0.0
23,2023-08-22 09:18:20,8.189528928767984,-0.34325475092055696,14.746003236884553,0.16006947459834994,6.337025316455515,0.18597688497523393,22.559361041971997,-0.13826042483548706,4.77145476117713,0.0,62.041434933858646,82.48269969643925,14.654700037830922,-0.16148139298727673,4.850979302680893,1.126556466175858,27.77982143187386,0.0,12.04347526300436,0.0,6.798627868464388,-0.38372746628814763,5.912548992953534,0.0
24,2023-08-22 09:18:25,8.189528928767984,-0.34325475092055696,14.344283614158,0.22927965622526292,6.337025316455515,0.18597688497523393,21.287844211166448,-0.352527873769316,5.598273036374311,0.0,62.041434933858646,82.48269969643925,14.654700037830922,-0.16148139298727673,4.850979302680893,1.126556466175858,26.108257790764426,0.0,12.029660932086161,0.0,6.022381235426489,0.0,5.912548992953534,0.0
25,2023-08-22 09:18:30,8.2495277502929,-0.7295205541063237,14.344283614158,0.22927965622526292,5.495109423849946,0.0,21.287844211166448,-0.352527873769316,5.598273036374311,0.0,105.33539480259873,106.56047976011993,14.430250332019456,-0.20322449695542139,3.9311855472667747,1.0061294270125822,21.661762291717427,0.0,12.029660932086161,0.0,6.022381235426489,0.0,5.807635291860484,0.0
26,2023-08-22 09:18:35,7.295763155141866,-1.8665316455696201,11.555741279069952,0.1473488372093023,5.495109423849946,0.0,20.81879135160644,-0.2395463137996219,4.513094460548454,0.0,105.33539480259873,106.56047976011993,12.449965373961227,-0.15601108033240993,4.868803594185547,-0.35035013067801374,21.661762291717427,0.0,11.823334093731704,0.0,6.02238123542649,0.0,5.817798193366771,0.0
27,2023-08-22 09:18:40,7.295763155141866,-1.8665316455696201,10.607744364727797,0.0,5.495109423849946,0.0,16.719298245614,0.0,5.832734414173526,0.0,134.04594732478688,163.1739200306103,12.449965373961227,-0.15601108033240993,4.868803594185547,-0.35035013067801374,21.661762291717427,0.0,10.087373065419545,0.0,4.0955488009864665,0.0,5.817798193366771,0.0
28,2023-08-22 09:18:45,4.7022750000003555,-1.216512,10.607744364727797,0.0,3.7725250000001154,0.0,16.719298245614,0.0,5.832734414173526,0.0,111.72618004564882,136.00410256284675,11.156762092794764,-0.22874291355239038,4.868803594185547,-0.35035013067801374,16.25960608458416,0.0,11.136930101620639,0.0,5.374971084894089,0.0,4.83157707976258,0.0
29,2023-08-22 09:18:50,6.326324745587192,-0.7981649345794394,10.607744364727797,0.0,6.427009282810535,0.1763099197808648,14.186942626693337,0.740533860903972,5.905608755129479,0.0,145.11892530262676,0.7981576616474757,11.586544995631584,-0.15746199398116686,4.600211752249882,-1.4311064055055582,16.25960608458416,0.0,10.310212477204344,0.0,5.374971084894089,0.0,5.677015077294811,0.0
30,2023-08-22 09:18:55,7.416776277836035,-0.9357424714434062,9.116742174102695,0.2075835061045842,6.427009282810535,0.1763099197808648,16.693424784279102,-0.3262497737192509,5.905608755129479,0.0,145.11892530262676,0.7981576616474757,11.586544995631584,-0.15746199398116686,4.672686230248239,-0.9062959569094606,16.25960608458416,0.0,10.310212477204344,0.0,5.669880051521382,0.0,5.677015077294811,0.0
31,2023-08-22 09:19:00,7.416776277836033,-0.9357424714434059,9.116742174102695,0.2075835061045842,6.427009282810535,0.1763099197808648,16.693424784279102,-0.3262497737192509,5.905608755129479,0.0,178.46121749070934,-105.22938896827664,7.6019188613272775,0.0,4.672686230248239,-0.9062959569094606,6.575024999995094,-0.202752,9.669293318802733,0.0,5.669880051521382,0.0,5.5211750865956795,0.0
32,2023-08-22 09:19:05,7.416776277836033,-0.9357424714434059,9.116742174102695,0.2075835061045842,6.457686046745192,0.1629871982957857,15.004341795815142,-0.9781197612012302,6.064906762525204,0.0,141.95927592916584,-72.04851038738968,8.093331572127225,0.0,4.672686230248239,-0.9062959569094606,16.14773340528347,0.1823637344846195,9.669293318802733,0.0,5.752337965969145,0.0,5.672577608477078,0.0
33,2023-08-22 09:19:10,4.993554891982287,-1.3702566031948884,10.739070745970901,-0.5783825417201541,6.457686046745192,0.1629871982957857,18.595350068201824,-0.4953325597019484,6.064906762525204,0.0,141.95927592916584,-72.04851038738968,11.817917032534845,0.0,3.4804464808050137,0.17802690201413743,16.14773340528347,0.1823637344846195,9.669293318802733,0.0,4.823814745962292,0.0,5.672577608477078,0.0
34,2023-08-22 09:19:15,4.46896946675789,-1.2263077214057507,13.006342668863326,-0.8907281713344316,7.293404735061961,0.2285817361894025,18.595350068201824,-0.4953325597019484,6.064906762525204,0.0,117.37818408242094,-143.2324782067248,11.817917032534845,0.0,3.8712290663540903,0.19801566306823223,16.14773340528347,0.1823637344846195,10.920562096029856,0.0,6.015790851779398,0.0,5.589567886556655,0.0
35,2023-08-22 09:19:20,7.79219113970043,0.34663646271878273,13.006342668863326,-0.8907281713344316,6.616705731057092,0.1682205305843065,23.75700137132393,-0.9885820508913608,5.159971550260615,0.0,98.90339425587561,-102.89796344647517,13.88037323781053,0.0,4.689391026588913,0.23986513264913786,23.15834975270809,-0.1630560135107966,12.109802207824737,0.0,6.015790851779398,0.0,5.589567886556655,0.0
36,2023-08-22 09:19:25,7.79219113970043,0.34663646271878273,13.006342668863326,-0.8907281713344316,6.616705731057092,0.1682205305843065,23.75700137132393,-0.9885820508913608,6.014439649977567,0.0,98.90339425587561,-102.89796344647517,14.445208161984377,0.3176313006697215,4.689391026588913,0.23986513264913786,23.15834975270809,-0.1630560135107966,13.451105593000138,0.0,6.401213299173272,0.0,5.589567886556655,0.0
37,2023-08-22 09:19:30,7.79219113970043,0.34663646271878273,13.69776604769527,-0.6115622584597983,5.135874070367179,0.0,23.678932406822373,-0.6404042956411876,6.014439649977567,0.0,54.35395750524452,0.7969175516299908,14.445208161984377,0.3176313006697215,5.043059586175557,0.30566012135830856,27.396273599168747,0.0,13.451105593000138,0.0,6.383036963859233,0.0,5.626433668543354,0.0
38,2023-08-22 09:19:35,8.152580008458758,0.28584801917383335,14.833491855902716,-1.2052788015693736,5.442169907881467,0.0,23.678932406822373,-0.6404042956411876,5.874238749192963,0.0,64.54040557253927,0.9462674725223438,15.320339273472916,0.4632213845099384,5.152817938785411,0.44247258442904686,27.396273599168747,0.0,14.175801682965743,0.0,6.383036963859233,0.0,5.626433668543354,0.0
39,2023-08-22 09:19:40,8.152580008458758,0.28584801917383335,14.833491855902716,-1.2052788015693736,5.442169907881467,0.0,24.727614369414674,0.23998579629520034,5.914250292720052,0.0,64.54040557253927,0.9462674725223438,15.320339273472916,0.4632213845099384,5.030677923597849,0.3389651425227786,28.93017410269132,0.4496773001145898,14.175801682965743,0.0,6.400131406043935,0.0,5.626433668543354,0.0
40,2023-08-22 09:19:45,8.152580008458758,0.28584801917383335,15.575550871814269,-0.7769764322667176,5.442169907881467,0.0,24.727614369414674,0.23998579629520034,5.914250292720052,0.0,64.25167491989635,0.6948201710046094,15.499722418975258,0.3105109405210866,5.030677923597849,0.3389651425227786,31.341398001249335,0.22895601603523236,15.055206987759373,0.0,6.610462784728982,0.0,4.689523059853996,0.0
41,2023-08-22 09:19:50,8.765965595378717,-0.2588350939903616,15.575550871814269,-0.7769764322667176,5.872722370756663,0.18221213687119459,26.62182569496636,0.3046611570247934,5.754519673873966,0.0,65.25249576191281,0.572853644754191,15.751774524069017,0.48172492649460963,5.030677923597849,0.3389651425227786,31.341398001249335,0.22895601603523236,15.455061419697957,0.0,6.610462784728982,0.0,5.86283980167572,0.0
42,2023-08-22 09:19:55,8.765965595378717,-0.2588350939903616,16.113758494213673,0.0,5.872722370756663,0.18221213687119459,26.86177488132617,0.21750422399227612,5.754519673873966,0.0,65.25249576191281,0.572853644754191,16.442309777301457,0.35171758787431967,5.112443487620975,0.52379418729817,32.51405653170425,-1.239126050420168,15.455061419697957,0.0,6.710338824591194,0.0,5.86283980167572,0.0
43,2023-08-22 09:20:00,8.765965595378717,-0.2588350939903616,15.563112504900195,0.0,5.872722370756663,0.18221213687119459,26.86177488132617,0.21750422399227612,5.754519673873966,0.0,63.27677776128233,0.6019952494061757,16.442309777301457,0.35171758787431967,5.112443487620975,0.52379418729817,32.51405653170425,-1.239126050420168,16.038622902270074,0.0,6.652516921422299,0.0,5.86283980167572,0.0
44,2023-08-22 09:20:05,8.765965595378717,-0.2588350939903616,15.563112504900195,0.0,7.321757880686171,0.16654851627477155,25.377844483589516,1.16620483876766,5.77071334633302,0.0,67.38046074236327,0.403526719076525,16.442309777301457,0.35171758787431967,5.112443487620975,0.52379418729817,33.49109796565706,-1.404140239503679,15.217631264916552,0.0,6.652516921422299,0.0,5.909432490144544,0.0
45,2023-08-22 09:20:10,8.245995588447363,-0.1671871199158919,15.76212747072727,0.0,7.321757880686171,0.16654851627477155,26.24763845156563,1.716736961871246,5.770713346333021,0.0,67.38046074236327,0.403526719076525,15.552872062662288,0.0,3.2102749999999953,0.4055039999999999,33.49109796565706,-1.404140239503679,15.217631264916552,0.0,6.652516921422299,0.0,5.909432490144544,0.0
46,2023-08-22 09:20:15,8.245995588447363,-0.1671871199158919,14.502116148174068,0.0,7.321757880686171,0.16654851627477155,26.24763845156563,1.716736961871246,5.6199730849219955,0.0,54.003567605539104,0.3234154562643049,15.552872062662288,0.0,4.541390656795488,0.7022626315105859,28.29022152192051,-0.9020387431643341,14.135058223781781,0.0,6.363413751251589,0.0,5.998490114523083,0.0
47,2023-08-22 09:20:20,4.804641034000614,0.0,14.502116148174068,0.0,7.822431158854041,0.3622431158853876,21.68885574837336,0.4712240471025721,5.663276399391203,0.0,106.98265883470806,147.29359651017148,15.552872062662288,0.0,4.541390656795488,0.7022626315105859,26.436540797171713,-2.0147598542563765,13.547613476836721,0.0,6.363413751251589,0.0,5.998490114523083,0.0
48,2023-08-22 09:20:25,5.412761861511829,0.0,14.502116148174068,0.0,7.822431158854041,0.3622431158853876,21.68885574837336,0.4712240471025721,5.663276399391203,0.0,106.98265883470806,147.29359651017148,13.736823529410794,0.0,4.541390656795488,0.7022626315105859,26.436540797171713,-2.0147598542563765,13.547613476836721,0.0,6.363413751251589,0.0,5.949075375189737,0.0
49,2023-08-22 09:20:30,8.181470180304904,-1.7997403606102635,11.406195279552373,0.0,7.822431158854041,0.3622431158853876,16.719629652644116,0.5039507860560493,5.879614101523742,0.0,128.90112994350108,221.46169491525424,13.736823529410794,0.0,4.512828571428632,0.9268662857142856,21.54704430647825,-1.4072941811591408,12.399150705057867,0.0,5.071227812755513,0.0,5.6508567390919096,0.0
50,2023-08-22 09:20:35,8.181470180304904,-1.7997403606102635,11.406195279552373,0.0,7.350613659785993,0.2532737890759189,16.719629652644116,0.5039507860560493,5.808919472356014,0.0,149.99552772808508,1.1808994466863587,13.736823529410794,0.0,4.523482878796185,-0.7477346904906788,21.54704430647825,-1.4072941811591408,9.140676841941694,0.0,5.99769810552016,0.33041678549602765,5.6508567390919096,0.0
51,2023-08-22 09:20:40,8.181470180304904,-1.7997403606102635,11.35098239592771,0.0,5.7396347935731455,0.19776567227756786,16.067713899699207,0.16353935189852997,5.808919472356015,0.0,149.99552772808508,1.1808994466863587,11.425679286273702,0.0,4.41375882814556,-1.4849741041067226,15.039452588181994,0.0,10.616280908946935,0.0,5.99769810552016,0.33041678549602765,4.689881460136505,0.0
52,2023-08-22 09:20:45,7.836938890812557,-1.1824644152435801,10.721033174432842,0.0,5.127083655257646,0.17665952318790792,16.067713899699207,0.16353935189852997,5.838996957684603,0.0,179.29046865622618,1.3274177532871405,11.86498594704261,0.514153124405655,4.41375882814556,-1.4849741041067226,15.039452588181994,0.0,8.65551280440282,0.0,5.797328900283418,0.4570217801696205,5.636407541561745,0.0
53,2023-08-22 09:20:50,8.08277398986556,-1.7212914864829014,10.721033174432842,0.0,5.34866696987398,0.1756455071145475,14.57042397760652,-0.3691349764456885,5.871187902776134,0.0,139.93923088500856,0.6103311258278146,11.86498594704261,0.514153124405655,4.378865587721492,-0.9243309778892183,19.107951349154604,0.15732148745902116,10.787778635529943,0.0,5.797328900283418,0.4570217801696205,5.727844782380525,0.0
54,2023-08-22 09:20:55,8.08277398986556,-1.7212914864829014,12.07209876543188,0.0,5.34866696987398,0.1756455071145475,14.57042397760652,-0.3691349764456885,5.088949967862928,0.0,139.93923088500856,0.6103311258278146,11.41197788697818,0.7472432432432432,4.43296180710356,-1.9283887650468123,15.971069601069201,0.20906502141905087,10.787778635529943,0.0,5.912642500319501,0.29680616296730045,5.727844782380525,0.0
55,2023-08-22 09:21:00,8.079760053321435,-1.3104287936014218,11.990038600423322,0.0,5.34866696987398,0.1756455071145475,14.57042397760652,-0.3691349764456885,5.875006848689611,0.0,121.60521172638587,-200.77071009771984,9.173138025184512,0.6006465729729729,4.43296180710356,-1.9283887650468121,19.204364402842828,0.25138960354607726,10.787778635529943,0.0,6.060680062643973,0.43055132322883755,6.128672803989163,0.0
56,2023-08-22 09:21:05,8.079760053321435,-1.3104287936014218,11.990038600423322,0.0,5.373909684894392,0.0,14.42148970361923,0.6848049495714571,6.114985590778019,0.0,107.08955351970744,-145.2920423094252,8.222139867936331,0.5383763027027025,4.43296180710356,-1.9283887650468121,24.17353635084195,0.16078986498542794,12.579820317898927,0.0,6.216026764377674,0.32300780627688386,6.276772269626575,0.0
57,2023-08-22 09:21:10,7.521493618826825,0.0,12.456016560165494,0.0,6.548543271506731,0.0,19.96826830190275,0.510946280818178,5.956514544184053,0.0,107.08955351970744,-145.2920423094252,13.593497467312021,0.5732180468842031,3.3422500251399243,-1.4539167443602319,24.17353635084195,0.16078986498542794,12.579820317898927,0.0,6.216026764377674,0.32300780627688386,6.276772269626575,0.0
58,2023-08-22 09:21:15,8.388377111083422,0.1682659031495083,13.72163120567355,0.0,6.548543271506731,0.0,19.96826830190275,0.510946280818178,5.761258803689981,0.0,107.08955351970744,-145.2920423094252,13.593497467312021,0.5732180468842031,2.0594333333335157,0.270336,30.87843660462842,0.3547638940530609,14.127884933650552,0.0,6.346392858269596,0.0,6.189177827157521,0.0
59,2023-08-22 09:21:20,8.388377111083422,0.1682659031495083,13.72163120567355,0.0,5.616353118577038,0.0,22.909773938371732,1.073720583854632,5.761258803689981,0.0,59.3677413588952,-0.18120249346470946,13.593497467312021,0.5732180468842031,4.706485664732521,0.5209566837248142,30.878436604628426,0.35476389405306097,14.460822265896788,0.0,6.374916583250478,0.0,6.189177827157521,0.0
60,2023-08-22 09:21:25,8.388377111083422,0.1682659031495083,13.864945594196728,0.0,5.8695786927080285,0.0,18.472628013466178,0.8657632759408203,5.928595120512912,0.0,59.3677413588952,-0.18120249346470946,15.571963394346923,0.0,4.706485664732521,0.5209566837248142,30.878436604628426,0.35476389405306097,14.460822265896788,0.0,6.374916583250478,0.0,6.570569073262164,0.0
61,2023-08-22 09:21:30,8.972179001880832,0.0,14.547965633903406,0.0,6.5540776656185855,0.0,26.160275160881195,0.9816320025821549,5.924627060978282,0.0,60.88850112490919,-2.5860766355471307,15.571963394346923,0.0,4.706485664732521,0.5209566837248142,27.262209948485715,0.1695258796144931,15.142472868936322,0.0,6.405896510228858,0.0,6.267918877854618,0.0
62,2023-08-22 09:21:35,8.972179001880832,0.0,14.547965633903406,0.0,7.804152764000249,0.3656813057985391,26.160275160881195,0.9816320025821549,5.924627060978282,0.0,64.35927918908682,-3.247685646352146,15.571963394346923,0.0,4.894050605469277,0.5023432128588683,31.82183725752749,0.1978792241063804,14.936811798061424,0.0,5.53621630267634,0.0,6.267918877854619,0.0
63,2023-08-22 09:21:40,8.972179001880832,0.0,14.26258853831274,0.0,7.804152764000249,0.3656813057985391,28.28795357162246,0.4398806747301622,4.8851677004270355,0.0,64.35927918908682,-3.247685646352146,15.571963394346923,0.0,4.906939430405057,-0.487971119133574,31.82183725752749,0.1978792241063804,14.936811798061424,0.0,6.5432174715475,0.0,6.267918877854619,0.0
64,2023-08-22 09:21:45,7.733948994174576,0.0,14.26258853831274,0.0,7.804152764000249,0.3656813057985391,24.58969139616809,0.0,5.944513080608223,0.0,62.099613757586674,-2.3866338054073943,10.079800000001644,0.0,4.906939430405057,-0.487971119133574,25.586790216876885,0.15910753846529216,15.216206658768874,0.0,5.588998256946822,0.0,5.869741238968376,0.0
65,2023-08-22 09:21:50,8.71988169966203,0.0,14.26258853831274,0.0,7.261308090321531,0.7735120055318438,24.38281874899937,0.0,5.944513080608223,0.0,59.99438973297042,-3.3197216537044616,15.03104949073138,0.0,3.2600055375333836,-1.525861403448865,31.6497617184687,0.5768603741375632,15.22834550466687,0.0,6.660769491949284,0.0,5.869741238968376,0.0
66,2023-08-22 09:21:55,8.71988169966203,0.0,14.554664956716735,0.0,7.261308090321531,0.7735120055318438,24.38281874899937,0.0,5.944513080608223,0.0,66.92157464604915,135.20430341863946,15.03104949073138,0.0,3.670890897880919,-1.7181782892265667,31.6497617184687,0.5768603741375632,14.946576487575246,0.0,6.654459185553416,0.0,5.869741238968376,0.0
67,2023-08-22 09:22:00,8.074728556761979,-0.25231247861120615,14.918117435761296,0.0,7.261308090321531,0.7735120055318438,24.38281874899937,0.0,5.9588528165247405,0.0,66.92157464604915,135.20430341863946,15.03104949073138,0.0,3.736714732608594,-1.7489874543281543,30.026584211617827,0.15290786025377553,14.946576487575246,0.0,6.461754740105049,0.0,4.784775623093209,0.0
68,2023-08-22 09:22:05,7.846731245020536,-0.170044030695685,14.918117435761296,0.0,6.686190900980877,1.0128556645851918,22.013237271191194,0.41935675135302836,5.9588528165247405,0.0,70.33897335294847,192.02385483079942,14.016545044891592,0.0,4.7006430580984,-0.7243406421649623,29.446568057172172,0.0,14.869421906693733,0.0,5.612339889109043,0.0,4.3015430522871565,0.0
69,2023-08-22 09:22:10,7.846731245020536,-0.170044030695685,15.164122899608781,0.0,6.357998957790076,1.4087337154768107,17.396430419036584,0.20977961717537505,5.776354509260908,0.0,59.34616413410518,162.01372671832598,12.837747704200899,0.0,4.7006430580984,-0.7243406421649623,29.446568057172172,0.0,12.237782052907386,0.0,6.474676930134481,0.0,5.568678979901348,0.0
70,2023-08-22 09:22:15,7.560008232389019,0.0,13.240430692776089,0.0,5.660320338470744,1.2254578422484135,17.396430419036584,0.20977961717537505,5.882492863939473,0.0,115.0710505424712,75.41978905984199,12.362197374817248,-0.15770695187165776,4.7006430580984,-0.7243406421649623,24.08989100787892,0.0,12.839030828697865,0.0,6.215280534006969,0.0,5.526986177496361,0.0
71,2023-08-22 09:22:20,7.168055474622725,-0.15752928151040152,13.240430692776089,0.0,5.660320338470744,1.2254578422484135,15.508430345541568,-0.30020099572467657,5.882492863939473,0.0,128.790605134179,100.1608851361188,12.362197374817248,-0.15770695187165776,4.286970023290157,0.4062047031128697,22.652997418111077,0.0,12.313774166854785,0.0,6.139343537114495,0.0,5.608404028189482,0.0
72,2023-08-22 09:22:25,7.168055474622725,-0.15752928151040152,12.456862803693559,0.0,5.630179765384154,0.97410577731513,15.508430345541568,-0.30020099572467657,4.89977052377802,0.0,141.7164093556452,0.8997037995747433,7.41574316931039,-0.2243059992784125,4.286970023290157,0.4062047031128697,22.652997418111074,0.0,12.313774166854785,0.0,6.139343537114495,0.0,5.608404028189484,0.0
73,2023-08-22 09:22:30,6.862031373023913,-0.24559626915389743,11.94224771314331,0.0,5.630179765384154,0.97410577731513,14.715937909316455,0.0,4.6785931404775685,0.0,172.92288883287242,1.226631711620872,6.703150000004142,-0.20275199999999996,4.286970023290157,0.4062047031128697,16.30914387870556,-0.5369847050254917,12.444583626473616,0.0,4.755433311222416,0.0,5.480374973443679,0.0
74,2023-08-22 09:22:35,6.862031373023913,-0.24559626915389743,11.94224771314331,0.0,5.018232970837535,0.8775718227560461,14.715937909316455,0.0,5.805742997736627,0.0,172.92288883287242,1.226631711620872,12.04918858019789,-0.19440707625188772,4.300852574848173,0.5847315200346076,19.76302032493725,-0.17591982820329277,11.526292382303911,0.0,5.905423658966817,0.0,5.480374973443679,0.0
75,2023-08-22 09:22:40,5.346952029455007,-0.19137065956029314,9.795568310751984,0.0,4.2140611372608205,0.7369409381593898,18.56955224953361,0.43715394566623544,5.805742997736627,0.0,144.6576819704237,1.0261319437358205,12.04918858019789,-0.19440707625188772,2.9200212284179146,0.6192888536654401,19.76302032493725,-0.17591982820329277,11.526292382303911,0.0,5.905423658966817,0.0,5.776873133810293,0.0
76,2023-08-22 09:22:45,4.775116081703016,-0.17090430379746838,11.619235807375807,0.0,6.602432755949713,0.14276299112801016,19.08846460277836,0.0,5.916140585164865,0.0,154.09731706449065,-187.57450479931214,12.04918858019789,-0.19440707625188772,3.5022477429726204,0.6483043315833102,19.76302032493725,-0.17591982820329277,11.981816053381113,0.0,5.905423658966817,0.0,4.926154354697131,0.0
77,2023-08-22 09:22:50,7.237589706569462,-0.17219584695740792,11.619235807375807,0.0,7.139658524018264,-0.37988992200857197,19.08846460277836,0.0,5.963387384432913,0.0,137.2927197586721,-167.11915828168532,13.562701425197908,-0.19360882331877102,4.402220603381052,0.8148991434097818,18.542154998716995,0.23014500979028918,11.981816053381113,0.0,5.982498784637824,0.0,6.1257243195786115,0.0
78,2023-08-22 09:22:55,7.237589706569462,-0.17219584695740792,11.619235807375807,0.0,7.139658524018264,-0.37988992200857197,20.916776539214666,0.32402732829917297,5.963387384432913,0.0,99.50425714141693,-103.37297798377752,13.562701425197908,-0.19360882331877102,4.402220603381052,0.8148991434097818,23.887643597643965,0.15149117399831888,13.673528103218306,0.0,5.982498784637824,0.0,6.1257243195786115,0.0
79,2023-08-22 09:23:00,7.237589706569463,-0.17219584695740794,10.600320960949947,0.0,6.792460365695083,-0.1408268940249006,20.916776539214666,0.32402732829917297,5.890104567342103,0.0,99.50425714141693,-103.37297798377752,13.562701425197908,-0.19360882331877102,3.6938177095630857,0.6837660259740259,30.530812202036604,0.2371992629639379,13.777596519847952,0.0,6.175635344124683,0.0,4.901038884986858,0.0
80,2023-08-22 09:23:05,7.981722502544564,0.0,14.164919408935393,0.0,7.736561053755814,-0.3608971164115343,25.41764926341297,1.169037391529968,5.799379189518246,0.0,92.4267343290466,-78.7265324952425,12.033546951805985,0.0,5.334805052169225,-0.17814563426688632,30.530812202036604,0.2371992629639379,13.777596519847952,0.0,6.460107001627405,0.0,6.261938721152287,0.0
81,2023-08-22 09:23:10,7.981722502544564,0.0,14.164919408935393,0.0,7.736561053755816,-0.3608971164115344,24.848408676262036,0.9864277316034867,5.799379189518246,0.0,92.4267343290466,-78.7265324952425,15.079761668322247,0.0,5.334805052169225,-0.17814563426688632,30.906180207567573,0.3044152919317606,13.777596519847952,0.0,6.460107001627405,0.0,6.401651088217847,0.0
82,2023-08-22 09:23:15,7.981722502544564,0.0,14.890595330008738,0.0,7.659626009350033,-0.34466978325541864,24.848408676262036,0.9864277316034867,5.828531039460604,0.0,62.616469145892225,-0.41428688189619944,15.627375067010403,0.0,4.998805422343797,-0.14040754142068176,30.906180207567573,0.3044152919317606,14.629428966518095,0.0,6.514666666666303,0.0,6.162335029123756,0.0
83,2023-08-22 09:23:20,5.837531705906177,0.0,14.890595330008738,0.0,7.659626009350033,-0.34466978325541864,19.65932672251827,0.6640356084852996,5.861247745531849,0.0,62.616469145892225,-0.41428688189619944,15.548537904483593,0.0,5.242745125909021,-0.5763684173122023,32.85313469562617,0.2169166577511501,14.629428966518095,0.0,6.403773662214678,0.0,4.961343447800277,0.0
84,2023-08-22 09:23:25,6.587139306071337,0.0,14.890595330008738,0.0,5.042843475096484,0.17105206281373309,20.68816532871416,0.6987868224786007,5.861247745531849,0.0,43.273334034384334,0.0,15.548537904483593,0.0,5.242745125909021,-0.5763684173122023,32.85313469562617,0.2169166577511501,14.606581694319292,0.0,6.403773662214678,0.0,6.061013292910711,0.0
85,2023-08-22 09:23:30,7.336746906236497,0.0,14.72826351680434,0.0,5.5776907804588935,0.18919395742624753,18.65729559678386,0.6301898742091552,5.861247745531849,0.0,48.38614923747332,0.0,15.146161390992742,0.0,4.4924646088487235,-0.49388529372468193,26.62144259611081,0.17577118305338613,12.549248064909209,0.0,6.403773662214678,0.0,6.061013292910711,0.0
86,2023-08-22 09:23:35,8.838587109484523,0.3804334365325078,15.400337384503143,0.0,5.618874022971799,0.19059088331141116,24.16444388525369,0.874622187073118,5.882481226210905,0.0,61.35378243706794,0.0,15.126283442672394,0.0,5.098575535247069,-0.5219513450894582,23.061712680703558,0.31022372847265867,14.527628598335287,0.0,6.619417163098792,0.0,6.652072677303783,0.0
87,2023-08-22 09:23:40,8.838587109484523,0.3804334365325078,15.400337384503143,0.0,6.674219295986798,0.14915363960716518,23.77599332056405,0.7966288492706645,5.882481226210905,0.0,50.14700279341717,0.0,15.624509093679992,0.0,5.098575535247069,-0.5219513450894582,32.516629958394795,0.18042848561703265,12.241020211481196,0.0,5.179666349219959,0.0,4.955604048596545,0.0
88,2023-08-22 09:23:45,8.838587109484523,0.3804334365325078,12.236088138035532,0.0,7.00509092751076,0.0,23.77599332056405,0.7966288492706645,5.882481226210905,0.0,45.03418759032818,0.0,15.624509093679992,0.0,3.622675599673443,0.23934980796252928,32.516629958394795,0.18042848561703265,16.175277889948752,-0.34473571231217187,4.62804825229506,0.0,5.148954827773771,0.0
89,2023-08-22 09:23:50,5.931100000000101,0.40550400000000003,14.781811102968053,0.0,7.00509092751076,0.0,23.77599332056405,0.7966288492706645,6.030971465213363,0.0,39.92137238723918,0.0,12.995361268210077,0.0,4.493644115975042,0.5532743604320637,31.351097069852813,0.2815608943202333,16.175277889948752,-0.34473571231217187,3.8878747387389523,0.0,6.402801148173614,0.0
90,2023-08-22 09:23:55,8.496462827134396,0.0,14.781811102968053,0.0,7.456967066082864,-1.6002525651144437,21.03204325958149,0.5745174620416067,5.96165426110227,0.0,88.94667898228299,85.63628852128643,13.774726745020564,0.0,4.493644115975041,0.5532743604320637,31.23842039672061,0.21056392148717418,16.175277889948752,-0.34473571231217187,7.458050785570736,1.0153041083314207,6.268446240143811,0.0
91,2023-08-22 09:24:00,8.496462827134396,0.0,14.781811102968053,0.0,7.626203307079181,-2.054508774354014,21.03204325958149,0.5745174620416067,5.96165426110227,0.0,88.94667898228299,85.63628852128643,13.774726745020565,0.0,4.367317490291034,0.5779085759076495,26.939923528116488,0.16235421296018254,14.04669767982444,-0.46532936811270753,7.458050785570736,1.0153041083314207,6.268446240143811,0.0
92,2023-08-22 09:24:05,7.751247678087943,0.0,13.116435558422394,0.0,7.626203307079182,-2.054508774354014,21.03204325958149,0.5745174620416067,5.976304051542423,0.0,110.10359662708764,140.68078884873515,13.774726745020565,0.0,4.539751241514437,0.7389931204155086,26.939923528116488,0.16235421296018254,13.754173274351022,-0.3384558884901094,8.148305905131146,1.5701994191674735,6.553764893747137,0.0
93,2023-08-22 09:24:10,7.751247678087943,0.0,13.116435558422394,0.0,7.104972871977797,-1.602725018863857,8.624233549390938,0.17483270931775946,6.255271115529729,0.0,147.64574491358493,89.06716604681688,11.180928438851963,0.0,4.539751241514437,0.7389931204155086,13.776350379734055,0.22940302788844624,13.754173274351022,-0.3384558884901094,7.539474525346475,1.0368957361119988,5.598571865385974,0.0
94,2023-08-22 09:24:15,8.080911445219783,0.0,8.589280475635029,0.0,7.172858176080837,-1.9552212505753173,9.607573273505817,0.1947672283868684,6.255271115529729,0.0,147.64574491358493,89.06716604681688,10.065901917899387,0.0,3.668529932264851,0.7291876451058958,14.033733720115967,0.4826338019202136,13.542144212017092,-0.4333349362827602,7.539474525346475,1.0368957361119988,4.571163077603569,0.0
95,2023-08-22 09:24:20,7.923737655594062,-0.39356901948414336,10.54158508158518,0.0,7.172858176080837,-1.9552212505753173,11.800076689378562,0.23921422882930712,6.315295992156067,0.0,147.64574491358493,89.06716604681688,13.324159789732418,0.0,4.632904776837042,0.0,15.54718548373477,0.5346828854546388,13.542144212017094,-0.43333493628276026,3.8478092080509185,0.0,5.528350980240752,0.0
96,2023-08-22 09:24:25,7.923737655594062,-0.39356901948414336,10.54158508158518,0.0,5.837767154284556,-2.5595786318669753,16.72825789617695,0.17065589293605202,6.3269465711029715,0.0,112.73963965764203,-85.55752782432904,13.324159789732418,0.0,4.632904776837042,0.0,18.16142116342565,0.6245890024131027,10.532854690183031,0.0,4.372169629420336,0.0,4.804551628152731,0.0
97,2023-08-22 09:24:30,8.019130254782587,-0.2797978299494575,10.54158508158518,0.0,6.670884185372039,-1.7304088077152855,16.72825789617695,0.17065589293605202,6.3269465711029715,0.0,125.77674124162391,-95.45131660090624,12.163382309146494,0.0,4.632904776837042,0.0,20.068686589007342,-0.16039554615034707,10.532854690183033,0.0,4.896530050789754,0.0,5.989415772502912,0.0
98,2023-08-22 09:24:35,6.89373189181475,0.0,7.208675096411329,0.0,6.670884185372039,-1.7304088077152855,16.906760950949003,0.2594976482257703,6.580679928558681,0.0,156.44521900778298,-118.72546531892647,12.395019522128505,0.0,4.5801448099367645,-0.5062155920354535,20.068686589007342,-0.16039554615034707,10.532854690183033,0.0,5.3454198646937625,0.0,6.148410883464914,0.0
99,2023-08-22 09:24:40,8.178722843976253,0.0,10.336948966911281,0.0,5.294857248709678,0.18778984416606848,14.077766729994167,0.21607612299619236,6.580679928558681,0.0,156.44521900778298,-118.72546531892647,13.323555121349479,0.0,4.685475092524589,-0.3210196528588675,15.32784739399631,-0.37093697593921493,12.14591862162291,0.0,6.221693554382209,0.0,6.647444812952592,0.0
100,2023-08-22 09:24:45,8.690466827706487,0.0,10.336948966911281,0.0,5.294857248709678,0.18778984416606848,19.229834342786372,1.3012041233805303,5.127062571339473,0.0,121.57931666244234,-79.5090385327538,13.323555121349479,0.0,4.685475092524589,-0.3210196528588675,21.23044546441578,-0.1544571200030472,13.885796285265455,0.0,6.221693554382209,0.0,6.85481673551962,0.0
101,2023-08-22 09:24:50,8.690466827706487,0.0,11.509834548188584,0.0,5.294857248709678,0.18778984416606848,19.229834342786372,1.3012041233805303,6.622351575628875,0.0,121.57931666244234,-79.5090385327538,14.392584573751341,0.0,4.931088407005721,-0.6341284403669725,23.671682493308186,-0.19746968590211833,13.885796285265455,0.0,6.685484819463226,0.0,6.85481673551962,0.0
102,2023-08-22 09:24:55,9.158790915628826,0.0,9.39355963592831,0.0,4.480962735079031,0.22113684841826348,25.60954419932424,1.7614744484780787,6.5472498502100605,0.0,77.5725210666049,-117.25586055638922,10.92050760991396,0.0,4.931088407005721,-0.6341284403669725,23.671682493308186,-0.19746968590211833,15.296589144159277,0.0,6.806094818486904,0.0,6.293739345191225,0.0
103,2023-08-22 09:25:00,8.933426343278171,0.0,8.434406756912596,0.0,4.03844003497889,0.199298221087666,25.578408651989076,1.2182000772499038,6.5472498502100605,0.0,77.5725210666049,-117.25586055638922,12.188402747543151,0.0,5.571806976134185,0.21269551534225017,22.39366690066184,-0.7247463525103007,15.296589144159277,0.0,6.806094818486904,0.0,7.367896838762344,0.0
104,2023-08-22 09:25:05,8.81294596216682,0.0,8.295608575352421,0.0,7.211723191530823,0.14453636541854537,25.578408651989076,1.2182000772499038,6.5472498502100605,0.0,75.81206013174915,-76.25603062890603,15.807331786542338,0.0,5.571806976134185,0.21269551534225017,31.885035564115462,-0.6374095178213542,17.21288220386375,0.0,6.806094818486904,0.0,7.367896838762344,0.0
105,2023-08-22 09:25:10,8.81294596216682,0.0,15.882700837851274,0.0,7.827333174389066,0.0,25.68126537305267,2.401180650450943,6.520744327352136,0.0,62.04519853562307,0.2283886229231203,15.807331786542338,0.0,5.571806976134185,0.21269551534225017,31.885035564115462,-0.6374095178213542,16.487050089669058,0.0,6.901647439948912,0.0,6.03782772832488,0.0
106,2023-08-22 09:25:15,8.615555603983687,0.0,15.882700837851274,0.0,7.827333174389066,0.0,25.68126537305267,2.401180650450943,6.520744327352136,0.0,63.71722535013763,0.16249734516820613,15.807331786542338,0.0,5.191592017738361,0.4315785365853658,33.48565610284325,0.0,16.487050089669058,0.0,6.901647439948912,0.0,6.938062073162258,-0.18279532084657513
107,2023-08-22 09:25:20,8.615555603983687,0.0,18.01082911456125,0.0,7.827333174389066,0.0,25.68126537305267,2.401180650450943,6.520744327352136,0.0,63.71722535013762,0.1624973451682061,16.727604916400384,0.0,5.34943256795999,0.6421282660332542,33.48565610284325,0.0,16.487050089669058,0.0,7.185255849695985,0.0,6.938062073162258,-0.18279532084657513
108,2023-08-22 09:25:25,8.615555603983687,0.0,17.77939561646276,0.0,6.195888643628799,0.0,27.861503571833016,1.2874602562648827,3.539033333332971,0.0,70.49013018468182,0.0,16.727604916400384,0.0,5.34943256795999,0.6421282660332542,33.14543029872601,-0.14420483641536272,16.983583769113253,0.0,7.063418189974082,0.0,6.938062073162258,-0.18279532084657513
109,2023-08-22 09:25:30,7.9395909255060255,0.0,17.779395616462764,0.0,9.550151009378357,0.0,27.861503571833016,1.2874602562648827,6.148675397922724,0.0,67.65239759062068,0.17384579108700776,16.727604916400384,0.0,5.651167300085386,0.9435445590630573,34.09469942599267,-0.3895612075797968,13.060517448312831,0.0,7.063418189974082,0.0,6.274761373496812,-0.16755671253253998
110,2023-08-22 09:25:35,7.927105928240358,0.0,17.779395616462764,0.0,8.549067184297883,-0.14576512455516014,27.861503571833016,1.2874602562648827,6.148675397922724,0.0,67.65239759062068,0.17384579108700776,16.508000376485153,0.0,5.651167300085386,0.9435445590630573,34.09469942599267,-0.3895612075797968,16.135472750857147,0.0,6.729308637660487,0.0,6.274761373496812,-0.16755671253253998
111,2023-08-22 09:25:40,7.927105928240358,0.0,9.0785999999999,0.0,7.722419111372602,-0.2661311281748376,27.861503571833016,1.2874602562648827,6.148675397922724,0.0,67.65239759062068,0.17384579108700776,16.508000376485153,0.0,5.292542362264015,1.2700974097159143,34.09469942599267,-0.3895612075797968,15.184374570289169,0.0,6.764817229630298,-0.1705733395027973,6.113945766463641,-0.22440730492529054
112,2023-08-22 09:25:45,7.842536715621415,0.0,12.034521637300605,0.0,7.722419111372602,-0.2661311281748376,23.067253422140176,0.8768981251216399,6.017039558718639,0.0,83.02677152617704,153.60973636819412,16.508000376485153,0.0,5.276942648150333,0.515853705077918,18.287166666671812,-0.270336,15.184374570289169,0.0,6.764817229630298,-0.1705733395027973,5.658960312595339,-0.15534171008274594
113,2023-08-22 09:25:50,7.842536715621415,0.0,14.828524599428818,0.0,7.722419111372602,-0.2661311281748376,23.067253422140176,0.8768981251216399,5.89652544154711,0.0,97.02852702296296,179.51470570540462,13.230558298471221,0.0,5.276942648150333,0.515853705077918,24.91293672425536,0.18268826166287477,13.529988465974727,0.0,5.559477693888323,-0.22849400918096158,5.658960312595339,-0.15534171008274594
114,2023-08-22 09:25:55,7.147703818369639,0.0,14.828524599428818,0.0,7.722419111372602,-0.2661311281748376,23.067253422140176,0.8768981251216399,5.89652544154711,0.0,83.84504543740404,155.123643719643,13.401823899371445,0.0,5.276942648150333,0.515853705077918,24.91293672425536,0.18268826166287477,12.741276999762853,0.0,5.616800966130304,-0.23084999026680011,5.391167381716302,0.0
115,2023-08-22 09:26:00,6.847866469977767,0.0,12.432418162618445,0.0,7.722419111372602,-0.2661311281748376,17.215240290329216,0.0,5.83349116161585,0.0,127.94913893753781,130.04889667250438,13.401823899371445,0.0,5.368419754304558,0.20006117716710245,24.91293672425536,0.18268826166287477,12.741276999762853,0.0,6.277554474296589,-0.17156928284324094,5.448908634344363,0.0
116,2023-08-22 09:26:05,6.847866469977767,0.0,12.432418162618445,0.0,6.146358427450847,0.8058238664591131,17.215240290329216,0.0,5.83349116161585,0.0,149.3634361778467,176.38024395675086,11.908598814692217,0.0,5.368419754304558,0.20006117716710245,20.312887236668626,0.5911567898534879,12.022982179796465,0.0,6.277554474296589,-0.17156928284324094,5.448908634344363,0.0
117,2023-08-22 09:26:10,7.168051304474534,0.14775688675120247,10.256865456802943,0.0,6.1463584274508465,0.8058238664591131,13.12013501412127,0.18622029344905972,4.75534369805382,0.0,145.57202859179554,-0.15625455176001388,11.908598814692217,0.0,4.637270808322468,0.17281395628792737,20.312887236668626,0.5911567898534879,6.2733355848670875,0.0,6.0302491667984075,-0.25742199650849074,5.586518786002877,0.1394562806293526
118,2023-08-22 09:26:15,5.5541298286599705,0.19011947663551404,10.256865456802943,0.0,6.1463584274508465,0.8058238664591131,13.12013501412127,0.18622029344905972,5.552119049284956,0.0,175.74478867352695,-0.4237020009403897,11.908598814692217,0.0,4.343083227356196,-0.38199236964815597,20.312887236668626,0.5911567898534879,7.02002791181669,0.0,4.865632170422269,-0.2077063008411363,5.3721021226643995,0.19832925755649025
119,2023-08-22 09:26:20,6.750826304991455,0.23108274447230456,11.406760501749941,0.0,6.1463584274508465,0.8058238664591131,13.12013501412127,0.18622029344905972,5.552119049284956,0.0,175.74478867352695,-0.4237020009403897,10.067788359142416,0.0,4.343083227356196,-0.3819923696481559,21.375255975783592,0.14697232743154348,11.61494164110981,0.0,4.3631114065224015,-0.1862544677987621,5.3721021226643995,0.19832925755649025
120,2023-08-22 09:26:25,6.750826304991455,0.23108274447230456,10.613597588716738,0.0,6.1463584274508465,0.8058238664591131,9.16534999999925,0.608256,4.698434477798649,0.0,140.56458742083515,-0.3388862759521446,8.007876911743715,0.0,4.343083227356196,-0.3819923696481559,22.425945283494954,-0.29232887575244204,11.61494164110981,0.0,5.7706458015960855,0.0,4.574195732389774,0.16887185366330826
