"@timestamp","process.args","kubernetes.labels.app","kubernetes.pod.name"
"2023-08-23 09:44:52","runc, --version",loadgenerator,"loadgenerator-7f8f5d8fb6-gxnfl"
"2023-08-23 09:44:50","runc, --version",productcatalogservice,"productcatalogservice-6b5dd45849-8cd8z"
"2023-08-23 09:44:08","runc, --version",loadgenerator,"loadgenerator-7f8f5d8fb6-gxnfl"
"2023-08-23 09:44:08","runc, --version",loadgenerator,"loadgenerator-7f8f5d8fb6-gxnfl"
"2023-08-23 09:44:06","runc, --root, /var/run/docker/runtime-runc/moby, --log, /var/run/desktop-containerd/daemon/io.containerd.runtime.v2.task/moby/42f8cfbc2b7689ba201d715a1e922b3dc47766dd9c0f699d68a052b2ee3e9335/log.json, --log-format, json, exec, --process, /tmp/runc-process2824329721, --detach, --pid-file, /var/run/desktop-containerd/daemon/io.containerd.runtime.v2.task/moby/42f8cfbc2b7689ba201d715a1e922b3dc47766dd9c0f699d68a052b2ee3e9335/66f35cbb4eea778e487fce8ee49218cf4a23041669a3904e6179f1561fad52e3.pid, 42f8cfbc2b7689ba201d715a1e922b3dc47766dd9c0f699d68a052b2ee3e9335",productcatalogservice,"productcatalogservice-6b5dd45849-8cd8z"
"2023-08-23 09:43:51","runc, --root, /var/run/docker/runtime-runc/moby, --log, /var/run/desktop-containerd/daemon/io.containerd.runtime.v2.task/moby/42f8cfbc2b7689ba201d715a1e922b3dc47766dd9c0f699d68a052b2ee3e9335/log.json, --log-format, json, exec, --process, /tmp/runc-process392213855, --detach, --pid-file, /var/run/desktop-containerd/daemon/io.containerd.runtime.v2.task/moby/42f8cfbc2b7689ba201d715a1e922b3dc47766dd9c0f699d68a052b2ee3e9335/c0b555f2ce458ca569dee65451c1a2458388e54968b476b047ab8f9ba61cf365.pid, 42f8cfbc2b7689ba201d715a1e922b3dc47766dd9c0f699d68a052b2ee3e9335",frontend,"frontend-846c85c54c-chcfv"
"2023-08-23 09:43:51","runc, --version",frontend,"frontend-846c85c54c-chcfv"
"2023-08-23 09:43:50","runc, --version",recommendationservice,"recommendationservice-cc746f6c7-8bv54"
"2023-08-23 09:43:50","runc, --version",recommendationservice,"recommendationservice-cc746f6c7-8bv54"
"2023-08-23 09:43:20","runc, --version",shippingservice,"shippingservice-7ccdfd8767-rk992"
"2023-08-23 09:43:20","runc, --version",shippingservice,"shippingservice-7ccdfd8767-rk992"
"2023-08-23 09:43:20","runc, --version",shippingservice,"shippingservice-7ccdfd8767-rk992"
"2023-08-23 09:40:20","runc, --version",loadgenerator,"loadgenerator-7f8f5d8fb6-gxnfl"
"2023-08-23 09:39:37","runc, --root, /var/run/docker/runtime-runc/moby, --log, /var/run/desktop-containerd/daemon/io.containerd.runtime.v2.task/moby/42f8cfbc2b7689ba201d715a1e922b3dc47766dd9c0f699d68a052b2ee3e9335/log.json, --log-format, json, exec, --process, /tmp/runc-process3762539520, --detach, --pid-file, /var/run/desktop-containerd/daemon/io.containerd.runtime.v2.task/moby/42f8cfbc2b7689ba201d715a1e922b3dc47766dd9c0f699d68a052b2ee3e9335/599b5b42e171e9351d068b5bc4772a349533c179bf49a1d5013e3a87bf4e3234.pid, 42f8cfbc2b7689ba201d715a1e922b3dc47766dd9c0f699d68a052b2ee3e9335",checkoutservice,"checkoutservice-6d6f4d7cc7-6vtw5"
"2023-08-23 09:39:23","runc, --root, /var/run/docker/runtime-runc/moby, --log, /var/run/desktop-containerd/daemon/io.containerd.runtime.v2.task/moby/42f8cfbc2b7689ba201d715a1e922b3dc47766dd9c0f699d68a052b2ee3e9335/log.json, --log-format, json, exec, --process, /tmp/runc-process3882445200, --detach, --pid-file, /var/run/desktop-containerd/daemon/io.containerd.runtime.v2.task/moby/42f8cfbc2b7689ba201d715a1e922b3dc47766dd9c0f699d68a052b2ee3e9335/4f4fc79083a6ad69a85f49fe38946ce56c7b6276ffa0712c07ab04e620e46f34.pid, 42f8cfbc2b7689ba201d715a1e922b3dc47766dd9c0f699d68a052b2ee3e9335",recommendationservice,"recommendationservice-cc746f6c7-8bv54"
"2023-08-23 09:38:33","runc, --root, /var/run/docker/runtime-runc/moby, --log, /var/run/desktop-containerd/daemon/io.containerd.runtime.v2.task/moby/42f8cfbc2b7689ba201d715a1e922b3dc47766dd9c0f699d68a052b2ee3e9335/log.json, --log-format, json, exec, --process, /tmp/runc-process161495576, --detach, --pid-file, /var/run/desktop-containerd/daemon/io.containerd.runtime.v2.task/moby/42f8cfbc2b7689ba201d715a1e922b3dc47766dd9c0f699d68a052b2ee3e9335/cad01d3a41798926aac3efe1f95a8484be35d1a39ceccc74b8c5961e240261be.pid, 42f8cfbc2b7689ba201d715a1e922b3dc47766dd9c0f699d68a052b2ee3e9335",shippingservice,"shippingservice-7ccdfd8767-rk992"
"2023-08-23 09:38:32","runc, --root, /var/run/docker/runtime-runc/moby, --log, /var/run/desktop-containerd/daemon/io.containerd.runtime.v2.task/moby/42f8cfbc2b7689ba201d715a1e922b3dc47766dd9c0f699d68a052b2ee3e9335/log.json, --log-format, json, exec, --process, /tmp/runc-process161495576, --detach, --pid-file, /var/run/desktop-containerd/daemon/io.containerd.runtime.v2.task/moby/42f8cfbc2b7689ba201d715a1e922b3dc47766dd9c0f699d68a052b2ee3e9335/cad01d3a41798926aac3efe1f95a8484be35d1a39ceccc74b8c5961e240261be.pid, 42f8cfbc2b7689ba201d715a1e922b3dc47766dd9c0f699d68a052b2ee3e9335","redis-cart","redis-cart-6997b66668-g888c"
"2023-08-23 09:38:08","runc, --root, /var/run/docker/runtime-runc/moby, --log, /var/run/desktop-containerd/daemon/io.containerd.runtime.v2.task/moby/42f8cfbc2b7689ba201d715a1e922b3dc47766dd9c0f699d68a052b2ee3e9335/log.json, --log-format, json, exec, --process, /tmp/runc-process61214377, --detach, --pid-file, /var/run/desktop-containerd/daemon/io.containerd.runtime.v2.task/moby/42f8cfbc2b7689ba201d715a1e922b3dc47766dd9c0f699d68a052b2ee3e9335/961965b391ec13636e5f46cb6ea857c733b5d1c6f35e4c0d4cddc6d7ed44d47e.pid, 42f8cfbc2b7689ba201d715a1e922b3dc47766dd9c0f699d68a052b2ee3e9335",recommendationservice,"recommendationservice-cc746f6c7-8bv54"
"2023-08-23 09:37:38","runc, --root, /var/run/docker/runtime-runc/moby, --log, /var/run/desktop-containerd/daemon/io.containerd.runtime.v2.task/moby/42f8cfbc2b7689ba201d715a1e922b3dc47766dd9c0f699d68a052b2ee3e9335/log.json, --log-format, json, exec, --process, /tmp/runc-process706044991, --detach, --pid-file, /var/run/desktop-containerd/daemon/io.containerd.runtime.v2.task/moby/42f8cfbc2b7689ba201d715a1e922b3dc47766dd9c0f699d68a052b2ee3e9335/035015ba746fd24268d8271043f796922c66dfe3b1ffd3156789eca7b1495128.pid, 42f8cfbc2b7689ba201d715a1e922b3dc47766dd9c0f699d68a052b2ee3e9335",productcatalogservice,"productcatalogservice-6b5dd45849-8cd8z"
"2023-08-23 09:35:52","runc, --root, /var/run/docker/runtime-runc/moby, --log, /var/run/desktop-containerd/daemon/io.containerd.runtime.v2.task/moby/42f8cfbc2b7689ba201d715a1e922b3dc47766dd9c0f699d68a052b2ee3e9335/log.json, --log-format, json, exec, --process, /tmp/runc-process2035712761, --detach, --pid-file, /var/run/desktop-containerd/daemon/io.containerd.runtime.v2.task/moby/42f8cfbc2b7689ba201d715a1e922b3dc47766dd9c0f699d68a052b2ee3e9335/efdf4be5a896789a3c02e10ddf5d8bd9f2ac193a3d512472f861e6b9fcef37d5.pid, 42f8cfbc2b7689ba201d715a1e922b3dc47766dd9c0f699d68a052b2ee3e9335",checkoutservice,"checkoutservice-6d6f4d7cc7-6vtw5"
"2023-08-23 09:35:42","runc, --root, /var/run/docker/runtime-runc/moby, --log, /var/run/desktop-containerd/daemon/io.containerd.runtime.v2.task/moby/42f8cfbc2b7689ba201d715a1e922b3dc47766dd9c0f699d68a052b2ee3e9335/log.json, --log-format, json, exec, --process, /tmp/runc-process2832096218, --detach, --pid-file, /var/run/desktop-containerd/daemon/io.containerd.runtime.v2.task/moby/42f8cfbc2b7689ba201d715a1e922b3dc47766dd9c0f699d68a052b2ee3e9335/2926bd0372c3cd0148913808acb993878caa58fc2dd2fb6b9679be629e9bb2f5.pid, 42f8cfbc2b7689ba201d715a1e922b3dc47766dd9c0f699d68a052b2ee3e9335",paymentservice,"paymentservice-78549bfd9c-dmwzb"
"2023-08-23 09:35:22","runc, --version",paymentservice,"paymentservice-78549bfd9c-dmwzb"
"2023-08-23 09:34:53","runc, --root, /var/run/docker/runtime-runc/moby, --log, /var/run/desktop-containerd/daemon/io.containerd.runtime.v2.task/moby/42f8cfbc2b7689ba201d715a1e922b3dc47766dd9c0f699d68a052b2ee3e9335/log.json, --log-format, json, exec, --process, /tmp/runc-process4192297543, --detach, --pid-file, /var/run/desktop-containerd/daemon/io.containerd.runtime.v2.task/moby/42f8cfbc2b7689ba201d715a1e922b3dc47766dd9c0f699d68a052b2ee3e9335/6b137303016833348bab7c5ba4a7c0a165a893df6839c13555242829952bfa72.pid, 42f8cfbc2b7689ba201d715a1e922b3dc47766dd9c0f699d68a052b2ee3e9335",adservice,"adservice-76b448fddf-mt4pz"
"2023-08-23 09:34:30","/usr/bin/containerd-shim-runc-v2, -namespace, moby, -id, e065d71b728ec8387210053e5f9c226a1d345394eff5c5b0807e7f041de6b71d, -address, /var/run/desktop-containerd/containerd.sock","redis-cart","redis-cart-6997b66668-g888c"
"2023-08-23 09:34:23","runc, --version",productcatalogservice,"productcatalogservice-6b5dd45849-8cd8z"
"2023-08-23 09:34:23","runc, --root, /var/run/docker/runtime-runc/moby, --log, /var/run/desktop-containerd/daemon/io.containerd.runtime.v2.task/moby/42f8cfbc2b7689ba201d715a1e922b3dc47766dd9c0f699d68a052b2ee3e9335/log.json, --log-format, json, exec, --process, /tmp/runc-process4199779959, --detach, --pid-file, /var/run/desktop-containerd/daemon/io.containerd.runtime.v2.task/moby/42f8cfbc2b7689ba201d715a1e922b3dc47766dd9c0f699d68a052b2ee3e9335/93be87af7dd11cf9a95a69ec17162242414f1c64e42594de6184844f69d683ce.pid, 42f8cfbc2b7689ba201d715a1e922b3dc47766dd9c0f699d68a052b2ee3e9335",productcatalogservice,"productcatalogservice-6b5dd45849-8cd8z"
"2023-08-23 09:34:22","runc, --root, /var/run/docker/runtime-runc/moby, --log, /var/run/desktop-containerd/daemon/io.containerd.runtime.v2.task/moby/42f8cfbc2b7689ba201d715a1e922b3dc47766dd9c0f699d68a052b2ee3e9335/log.json, --log-format, json, exec, --process, /tmp/runc-process4199779959, --detach, --pid-file, /var/run/desktop-containerd/daemon/io.containerd.runtime.v2.task/moby/42f8cfbc2b7689ba201d715a1e922b3dc47766dd9c0f699d68a052b2ee3e9335/93be87af7dd11cf9a95a69ec17162242414f1c64e42594de6184844f69d683ce.pid, 42f8cfbc2b7689ba201d715a1e922b3dc47766dd9c0f699d68a052b2ee3e9335",productcatalogservice,"productcatalogservice-6b5dd45849-8cd8z"
"2023-08-23 09:34:05","/usr/bin/containerd-shim-runc-v2, -namespace, moby, -id, 92bb0c1d676472c24cf633842ea393e3905dc9c0148c943de50c0d9cec23431b, -address, /var/run/desktop-containerd/containerd.sock",recommendationservice,"recommendationservice-cc746f6c7-8bv54"
"2023-08-23 09:33:37","runc, --root, /var/run/docker/runtime-runc/moby, --log, /var/run/desktop-containerd/daemon/io.containerd.runtime.v2.task/moby/42f8cfbc2b7689ba201d715a1e922b3dc47766dd9c0f699d68a052b2ee3e9335/log.json, --log-format, json, exec, --process, /tmp/runc-process2078435611, --detach, --pid-file, /var/run/desktop-containerd/daemon/io.containerd.runtime.v2.task/moby/42f8cfbc2b7689ba201d715a1e922b3dc47766dd9c0f699d68a052b2ee3e9335/2173c5805b4a45b5e58b9d1751671a5b89494085d9744d7a832195b110633918.pid, 42f8cfbc2b7689ba201d715a1e922b3dc47766dd9c0f699d68a052b2ee3e9335",checkoutservice,"checkoutservice-6d6f4d7cc7-6vtw5"
"2023-08-23 09:33:23","runc, --root, /var/run/docker/runtime-runc/moby, --log, /var/run/desktop-containerd/daemon/io.containerd.runtime.v2.task/moby/42f8cfbc2b7689ba201d715a1e922b3dc47766dd9c0f699d68a052b2ee3e9335/log.json, --log-format, json, exec, --process, /tmp/runc-process3047789396, --detach, --pid-file, /var/run/desktop-containerd/daemon/io.containerd.runtime.v2.task/moby/42f8cfbc2b7689ba201d715a1e922b3dc47766dd9c0f699d68a052b2ee3e9335/3d7421bce29e2c6a403de6be6af4052a78b23bb3bef55357dd43e07e254e086d.pid, 42f8cfbc2b7689ba201d715a1e922b3dc47766dd9c0f699d68a052b2ee3e9335",productcatalogservice,"productcatalogservice-6b5dd45849-8cd8z"
"2023-08-23 09:33:22","runc, --root, /var/run/docker/runtime-runc/moby, --log, /var/run/desktop-containerd/daemon/io.containerd.runtime.v2.task/moby/42f8cfbc2b7689ba201d715a1e922b3dc47766dd9c0f699d68a052b2ee3e9335/log.json, --log-format, json, exec, --process, /tmp/runc-process3047789396, --detach, --pid-file, /var/run/desktop-containerd/daemon/io.containerd.runtime.v2.task/moby/42f8cfbc2b7689ba201d715a1e922b3dc47766dd9c0f699d68a052b2ee3e9335/3d7421bce29e2c6a403de6be6af4052a78b23bb3bef55357dd43e07e254e086d.pid, 42f8cfbc2b7689ba201d715a1e922b3dc47766dd9c0f699d68a052b2ee3e9335",productcatalogservice,"productcatalogservice-6b5dd45849-8cd8z"
"2023-08-23 09:32:46","/usr/bin/containerd-shim-runc-v2, -namespace, moby, -id, e065d71b728ec8387210053e5f9c226a1d345394eff5c5b0807e7f041de6b71d, -address, /var/run/desktop-containerd/containerd.sock",productcatalogservice,"productcatalogservice-6b5dd45849-8cd8z"
"2023-08-23 09:32:46","/usr/bin/containerd-shim-runc-v2, -namespace, moby, -id, 14728d19f853b8c9d7d01a58e435cc90e1946ef5b66746bad3dcfe5706b96fc1, -address, /var/run/desktop-containerd/containerd.sock",productcatalogservice,"productcatalogservice-6b5dd45849-8cd8z"
"2023-08-23 09:31:53","runc, --root, /var/run/docker/runtime-runc/moby, --log, /var/run/desktop-containerd/daemon/io.containerd.runtime.v2.task/moby/42f8cfbc2b7689ba201d715a1e922b3dc47766dd9c0f699d68a052b2ee3e9335/log.json, --log-format, json, exec, --process, /tmp/runc-process1618024519, --detach, --pid-file, /var/run/desktop-containerd/daemon/io.containerd.runtime.v2.task/moby/42f8cfbc2b7689ba201d715a1e922b3dc47766dd9c0f699d68a052b2ee3e9335/fa24dc1ccb35688abcc09f9b944e41e73077a77bdcbcff87fb707ce150c1bd92.pid, 42f8cfbc2b7689ba201d715a1e922b3dc47766dd9c0f699d68a052b2ee3e9335",shippingservice,"shippingservice-7ccdfd8767-rk992"
"2023-08-23 09:31:52","runc, --root, /var/run/docker/runtime-runc/moby, --log, /var/run/desktop-containerd/daemon/io.containerd.runtime.v2.task/moby/42f8cfbc2b7689ba201d715a1e922b3dc47766dd9c0f699d68a052b2ee3e9335/log.json, --log-format, json, exec, --process, /tmp/runc-process1618024519, --detach, --pid-file, /var/run/desktop-containerd/daemon/io.containerd.runtime.v2.task/moby/42f8cfbc2b7689ba201d715a1e922b3dc47766dd9c0f699d68a052b2ee3e9335/fa24dc1ccb35688abcc09f9b944e41e73077a77bdcbcff87fb707ce150c1bd92.pid, 42f8cfbc2b7689ba201d715a1e922b3dc47766dd9c0f699d68a052b2ee3e9335","redis-cart","redis-cart-6997b66668-g888c"
"2023-08-23 09:31:18","runc, --version",loadgenerator,"loadgenerator-7f8f5d8fb6-gxnfl"
"2023-08-23 09:31:01","/usr/bin/containerd-shim-runc-v2, -namespace, moby, -id, 14728d19f853b8c9d7d01a58e435cc90e1946ef5b66746bad3dcfe5706b96fc1, -address, /var/run/desktop-containerd/containerd.sock",frontend,"frontend-846c85c54c-chcfv"
"2023-08-23 09:31:00","/usr/bin/containerd-shim-runc-v2, -namespace, moby, -id, f5660fd115951859d3c3f23488de8fda471319b9253b864acf7318086d4b02d5, -address, /var/run/desktop-containerd/containerd.sock",recommendationservice,"recommendationservice-cc746f6c7-8bv54"
