,timestamp,carts-7bbf9dc945-gw8gn_cpu,carts-7bbf9dc945-gw8gn_memory,carts-db-67f744dd5f-jsmnm_cpu,carts-db-67f744dd5f-jsmnm_memory,catalogue-6479dbb5bd-fgxd7_cpu,catalogue-6479dbb5bd-fgxd7_memory,catalogue-db-6b55d8cdb7-69crs_cpu,catalogue-db-6b55d8cdb7-69crs_memory,front-end-7f5c844b4c-c8gzm_cpu,front-end-7f5c844b4c-c8gzm_memory,orders-74f65597c5-hcj9n_cpu,orders-74f65597c5-hcj9n_memory,orders-db-b76d8c54c-b828w_cpu,orders-db-b76d8c54c-b828w_memory,payment-c7df5b49-zlcth_cpu,payment-c7df5b49-zlcth_memory,queue-master-9fc44d68d-8cx26_cpu,queue-master-9fc44d68d-8cx26_memory,rabbitmq-6576689cc9-hrqlj_cpu,rabbitmq-6576689cc9-hrqlj_memory,session-db-695f7fd48f-j5twv_cpu,session-db-695f7fd48f-j5twv_memory,shipping-79c568cddc-jtq95_cpu,shipping-79c568cddc-jtq95_memory,user-79dddf5cc9-rvpfd_cpu,user-79dddf5cc9-rvpfd_memory,user-db-b8dfb847c-fpzdr_cpu,user-db-b8dfb847c-fpzdr_memory
0,2023-08-25 07:45:56,6.711280402571803,0.0,11.471068030024698,0.0,6.6520529935275965,0.0,5.403953833847998,0.0,9.158368495077818,0.373323513165163,6.524176514243183,0.0,11.850338510552401,-0.3317548883252884,5.996597958776113,0.0,6.4396013784110435,-0.77626992103374,15.482794745751487,-1.3597413235611124,5.995872378402646,-0.1657825020441537,5.887590255052576,0.0,8.052437766976963,0.0,12.120185995623086,0.0
1,2023-08-25 07:46:01,7.766069295102943,0.0,12.036151672161674,-1.0898447893569847,6.6520529935275965,0.0,5.403953833847998,0.0,9.158368495077818,0.373323513165163,6.524176514243183,0.0,11.850338510552401,-0.3317548883252884,5.996597958776113,0.0,6.108565452989858,-0.6201670840581925,15.482794745751487,-1.1140247352159232,5.995872378402646,-0.1657825020441537,6.159137095513608,0.0,8.052437766976963,0.0,12.120185995623086,0.0
2,2023-08-25 07:46:06,7.766069295102943,0.0,12.036151672161674,-1.0898447893569847,6.6520529935275965,0.0,5.403953833847998,0.0,9.158368495077818,0.373323513165163,6.524176514243183,0.0,11.850338510552401,-0.405504,5.996597958776113,0.0,6.108565452989858,-0.6201670840581925,15.482794745751487,-1.4829337809412515,5.352378944408594,-0.16411518303417852,6.159137095513608,0.0,7.434933631063256,0.14829453820695201,11.741335740073458,0.0
3,2023-08-25 07:46:11,7.766069295102943,0.0,12.036151672161674,-1.0898447893569845,6.262260273972951,0.0,4.614764923401794,0.0,9.158368495077818,-0.270336,6.982889167113205,-0.15867582320831133,10.63425471454414,-0.36128296507483965,5.996597958776113,0.0,6.108565452989858,0.0,16.667957212420994,-0.7608954271667949,5.352378944408594,-0.16411518303417852,6.159137095513608,0.0,7.434933631063256,0.18269649253227008,11.741335740073458,0.0
4,2023-08-25 07:46:16,6.112823026821211,0.0,12.036151672161674,-1.4352853729758428,6.262260273972951,0.0,4.614764923401794,0.0,9.158368495077818,-0.270336,6.982889167113205,-0.15867582320831133,10.63425471454414,-0.36128296507483965,5.996597958776113,0.0,6.108565452989858,0.0,16.667957212420994,0.43296479192803566,5.352378944408594,-0.16411518303417852,6.159137095513608,0.0,7.334148148147422,0.14009224231745868,11.741335740073458,0.0
5,2023-08-25 07:46:21,6.112823026821211,0.0,10.156108597285593,-0.9433433495531474,6.262260273972951,0.0,4.614764923401794,0.0,9.158368495077818,-0.270336,6.982889167113205,-0.23651443569553807,10.63425471454414,-0.36128296507483965,5.996597958776113,0.0,6.108565452989858,0.0,16.667957212420994,0.43296479192803566,5.352378944408594,-0.25220263084242933,6.6312548512293725,0.0,7.334148148147422,0.18773333333333334,10.727187791964958,0.0
6,2023-08-25 07:46:26,6.112823026821211,0.0,10.156108597285593,-0.9433433495531474,5.763131462334225,0.0,4.353809389935765,0.0,7.400769349130609,0.5208228620357486,5.9605472708859715,-0.16859471145850655,10.453391684901433,0.0,5.859346274888317,0.0,5.5129811571515255,0.0,15.666014067144925,0.3164662270261833,5.1115772337361856,-0.16851063829787236,6.6312548512293725,0.0,7.334148148147422,0.1877333333333333,10.727187791964958,0.0
7,2023-08-25 07:46:31,5.634322006156029,0.0,10.156108597285593,-1.4037756750519268,5.763131462334225,0.0,4.353809389935765,0.0,7.400769349130609,0.5208228620357486,5.9605472708859715,-0.16859471145850655,10.453391684901433,0.0,5.859346274888317,0.0,5.5129811571515255,0.0,15.666014067144925,0.4175610760715665,5.1115772337361856,-0.16851063829787236,6.6312548512293725,0.0,7.334148148147422,0.1877333333333333,10.727187791964958,0.0
8,2023-08-25 07:46:36,5.634322006156029,0.0,10.156108597285593,-1.4037756750519268,5.763131462334225,0.0,4.353809389935765,0.0,7.400769349130609,0.5208228620357486,5.9605472708859715,-0.2651479386667539,10.453391684901433,0.0,5.859346274888317,0.0,5.5129811571515255,0.0,15.666014067144925,0.4175610760715665,5.254977029096753,0.0,5.932692919396697,0.0,6.929613923005009,0.16974151824023107,10.727187791964958,0.0
9,2023-08-25 07:46:41,5.634322006156029,0.0,14.46767439485294,-0.5980223426612101,9.306150164909761,0.0,9.389864759831466,0.3840181826791041,16.615037050425162,-0.18617754413351392,5.9605472708859715,-0.22118972478503937,15.857930828861045,0.34896323228846193,12.222181949981838,0.0,8.618673507561784,0.16123740034593131,23.204204788786637,0.0,5.254977029096753,0.0,5.932692919396697,0.0,6.929613923005009,0.16974151824023107,14.956729674333596,0.0
10,2023-08-25 07:46:46,10.916557616811884,0.0,14.46767439485294,0.4353003059417101,9.306150164909761,0.0,9.389864759831466,0.3840181826791041,16.615037050425162,-0.18617754413351392,10.482419514338718,-0.16622763327799298,15.857930828861045,0.34896323228846193,12.222181949981838,0.0,8.618673507561784,0.16123740034593131,23.204204788786637,-0.41702489418532984,5.254977029096753,0.0,5.932692919396697,0.0,6.929613923005009,0.16974151824023107,14.956729674333596,0.0
11,2023-08-25 07:46:51,10.916557616811884,0.0,14.46767439485294,0.4353003059417101,9.306150164909761,0.0,9.389864759831466,0.3840181826791041,8.076990248872445,0.8491785770378515,10.482419514338718,-0.16622763327799298,15.857930828861045,0.47597812165450126,5.429988371298457,0.0,8.618673507561784,0.2038733031674208,23.204204788786637,-0.4633121347852887,5.254977029096753,0.0,11.279175926481226,0.31377865475015965,11.108847950181932,0.17228729845134153,14.956729674333596,0.0
12,2023-08-25 07:46:56,10.916557616811884,0.0,10.832282400629689,0.2947833672579238,6.654648841569986,0.0,9.389864759831466,0.48412334420904996,8.076990248872445,0.4044033898742341,10.482419514338718,0.0,10.411480070162844,0.37151927437641724,5.429988371298457,0.0,8.618673507561784,0.2038733031674208,23.204204788786637,-0.4513515118142592,8.796397238228524,0.17259896143696266,11.279175926481226,0.31377865475015965,11.108847950181932,0.17228729845134153,11.22336404441278,0.0
13,2023-08-25 07:47:01,10.916557616811884,0.0,10.832282400629689,0.4343444730077122,6.654648841569986,0.0,5.578165043567275,0.348042228134924,8.076990248872445,0.45888903966462424,6.842255375165148,0.0,10.411480070162844,0.37151927437641724,5.429988371298457,0.0,6.166947998911349,0.17602536800086313,23.204204788786637,-0.4050642712143004,8.796397238228524,0.17259896143696266,11.279175926481226,0.5011171527434503,11.108847950181932,0.17228729845134153,11.22336404441278,0.0
14,2023-08-25 07:47:06,5.851226272027438,0.0,10.832282400629689,0.4343444730077122,6.654648841569986,0.0,5.578165043567275,0.348042228134924,8.076990248872445,0.4055039999999999,6.842255375165148,0.0,10.58597365610529,0.2954760907186447,5.429988371298457,0.0,6.166947998911349,0.21874204337037437,23.204204788786637,-0.3587770306143415,8.796397238228524,0.2614720959473837,11.279175926481226,0.5011171527434503,6.3930097087376545,0.16543418395447035,11.22336404441278,0.0
15,2023-08-25 07:47:11,5.851226272027438,0.0,10.447672105054277,0.3094151310518484,6.384220151527669,0.0,5.578165043567275,0.5009933283914011,7.647247350735963,0.7347251602382625,6.842255375165148,0.0,10.58597365610529,0.39383659099186596,5.26482611860823,0.0,6.166947998911349,0.21874204337037437,15.256210911855161,-0.18285714285714286,5.178018491164942,0.16451801363193766,5.82169821077714,0.31369976405059374,6.3930097087376545,0.16543418395447035,10.974463738508362,0.0
16,2023-08-25 07:47:16,10.119583051829121,0.0,10.447672105054277,0.3094151310518484,6.384220151527669,0.0,5.578165043567275,0.4120753624907339,7.647247350735963,0.7347251602382625,8.698788038465485,0.0,10.58597365610529,0.39383659099186596,5.26482611860823,0.0,6.014810426539674,0.16034163701067614,15.256210911855161,-0.18285714285714283,5.178018491164942,0.1645180136319377,5.82169821077714,0.31369976405059374,6.3930097087376545,0.21707851176051318,10.974463738508362,0.0
17,2023-08-25 07:47:21,10.119583051829121,0.0,10.447672105054277,0.0,5.810831139525676,0.0,5.578165043567275,0.3703259184581172,7.647247350735963,0.7347251602382625,8.698788038465485,0.0,10.58597365610529,0.33331812883331313,5.26482611860823,0.0,6.014810426539674,0.16034163701067614,15.256210911855161,-0.18285714285714283,5.178018491164942,0.1645180136319377,5.82169821077714,0.45072276099702663,6.3930097087376545,0.2627512473271561,10.974463738508362,0.0
18,2023-08-25 07:47:26,10.119583051829121,0.0,11.747204915934077,0.0,5.810831139525676,0.0,5.342515473370713,0.0,7.985508286103962,1.2072164334623399,8.698788038465485,0.0,10.678784535928411,0.0,6.9260360415023445,0.0,6.014810426539674,0.0,15.256210911855161,0.2802280501710377,5.178018491164942,0.21602684992808055,9.098192335501393,0.32559487725073766,8.163370998116282,0.16226001360489778,10.974463738508362,0.0
19,2023-08-25 07:47:31,7.752118521935001,0.17317759603681318,11.747204915934077,0.0,5.810831139525676,0.0,5.342515473370713,0.0,7.985508286103962,1.2072164334623399,5.850089445438363,0.0,10.678784535928411,0.0,6.9260360415023445,0.0,6.014810426539674,0.0,15.256210911855161,0.2802280501710377,5.886753720704536,0.14724450334973405,9.098192335501393,0.32559487725073766,8.163370998116282,0.16226001360489778,10.974463738508362,0.0
20,2023-08-25 07:47:36,7.752118521935001,0.17317759603681318,11.747204915934077,0.0,6.180938692022715,0.0,5.342515473370713,0.0,7.985508286103962,1.2072164334623399,5.850089445438363,0.0,10.678784535928411,0.0,6.9260360415023445,0.0,9.614869626497947,0.0,15.256210911855161,0.2802280501710377,5.886753720704536,0.0,9.098192335501393,0.0,8.163370998116282,0.0,10.974463738508362,0.0
21,2023-08-25 07:47:41,7.752118521935001,0.17317759603681318,10.542637465050866,0.0,6.180938692022715,0.0,5.000000000000242,0.0,7.821598614917597,-10.321231917872142,5.850089445438363,0.0,10.678784535928411,0.0,5.644609095553945,0.0,9.614869626497947,0.0,16.038507963611828,0.0,5.886753720704536,0.0,6.532215688729071,0.0,7.4156540685498005,0.0,11.963161240673907,0.0
22,2023-08-25 07:47:46,6.606541450776636,0.37591916195420416,10.542637465050866,0.0,6.180938692022715,0.0,5.000000000000242,0.0,7.821598614917597,-10.321231917872142,5.850089445438363,0.0,10.678784535928411,0.0,5.644609095553945,0.0,7.116444958549917,0.0,16.038507963611828,0.0,5.886753720704536,0.0,6.532215688729071,0.0,7.4156540685498005,0.0,11.963161240673907,0.0
23,2023-08-25 07:47:51,6.606541450776636,0.37591916195420416,10.065710443748923,0.0,5.889135254990734,0.0,5.000000000000242,0.0,7.593364258197752,-10.680060007107603,5.850089445438363,0.0,10.678784535928411,0.0,5.644609095553945,0.0,7.116444958549917,0.0,16.038507963611828,0.0,5.886753720704536,0.0,6.047385148798841,0.0,7.4156540685498005,0.0,10.924613455911897,0.0
24,2023-08-25 07:47:56,6.606541450776636,0.37591916195420416,10.065710443748923,0.0,5.889135254990734,0.0,5.000000000000242,0.0,7.593364258197752,-13.209903257650543,10.830163810958775,0.0,10.542760316299317,0.0,5.644609095553945,0.0,7.116444958549917,0.0,14.68493057907055,-0.16642206353114997,5.669773786518109,-0.1846221089054817,6.047385148798841,0.0,6.847634322374495,0.0,10.924613455911897,0.0
25,2023-08-25 07:48:01,10.756718702173664,0.27268564127565864,10.065710443748923,0.0,5.889135254990734,0.0,5.000000000000242,0.0,7.593364258197752,-13.209903257650543,10.830163810958775,0.0,10.542760316299317,0.0,4.9095931964691895,0.0,6.132315195071287,0.0,14.68493057907055,-0.16642206353114997,5.669773786518109,-0.1846221089054817,6.047385148798841,0.0,6.847634322374495,0.0,10.924613455911897,0.0
26,2023-08-25 07:48:06,10.756718702173664,0.33020153902528393,11.514861856748926,0.0,5.158006362671956,0.0,5.000000000000242,0.0,7.593364258197752,-11.122151436130308,6.833051277710882,0.0,10.542760316299317,0.0,4.9095931964691895,0.0,6.132315195071287,0.0,14.68493057907055,-0.16642206353114997,5.669773786518109,-0.1846221089054817,6.047385148798841,0.0,6.847634322374495,0.0,10.924613455911897,0.0
27,2023-08-25 07:48:11,10.756718702173664,0.33020153902528393,11.514861856748926,0.0,5.158006362671956,0.0,5.364075918308164,0.0,7.504003743760447,-10.798569838255517,6.833051277710882,0.0,9.46722572703663,0.0,4.9095931964691895,0.0,6.132315195071287,0.0,15.40338955297529,0.0,5.337465800274776,-0.21293564733373596,12.808613168306962,0.0,6.847634322374495,0.0,11.253399407748647,0.0
28,2023-08-25 07:48:16,10.756718702173664,0.2552346184107003,11.514861856748926,0.0,5.345364351693897,0.0,5.364075918308164,0.0,7.504003743760447,-10.798569838255517,6.833051277710882,0.0,9.46722572703663,0.0,6.047218805521023,0.0,5.879976338361448,0.0,15.40338955297529,0.0,5.337465800274776,-0.21293564733373596,12.808613168306962,0.0,7.406815245477568,0.0,11.253399407748647,0.0
29,2023-08-25 07:48:21,6.32342007434974,0.16374406913121603,10.36969428444763,0.0,5.345364351693897,0.0,5.364075918308164,0.0,7.504003743760447,-10.798569838255517,6.833051277710882,0.0,9.46722572703663,0.0,6.047218805521023,0.0,5.879976338361448,0.0,15.40338955297529,0.0,5.183295089490539,-0.16557265934424892,25.689523064895692,0.0,7.406815245477568,0.0,11.565720627872212,0.0
30,2023-08-25 07:48:26,6.32342007434974,0.16374406913121603,10.36969428444763,0.0,5.345364351693897,0.0,4.571839417772758,0.0,7.504003743760447,-0.25382867515883695,6.752013362764311,0.0,9.791494187695104,0.0,6.047218805521023,0.0,5.879976338361448,0.0,12.289621419317196,0.0,5.183295089490539,-0.16557265934424892,25.689523064895692,0.0,7.406815245477568,0.0,11.565720627872212,0.0
31,2023-08-25 07:48:31,6.32342007434974,0.0,10.536178954578334,0.0,5.345364351693897,0.0,4.571839417772758,0.0,6.843818125194989,-0.3166948474139446,6.752013362764311,0.0,9.791494187695104,0.0,6.047218805521023,0.0,5.879976338361448,0.0,12.289621419317196,0.0,5.183295089490539,0.0,25.689523064895692,0.0,7.406815245477568,0.0,11.565720627872212,0.0
32,2023-08-25 07:48:36,6.32342007434974,0.0,10.536178954578334,0.0,5.686968673576264,0.0,4.571839417772758,0.0,6.843818125194989,-0.3166948474139446,6.752013362764311,0.0,9.791494187695104,0.0,6.047218805521023,0.0,5.879976338361448,0.0,12.289621419317196,0.0,5.219058686809349,0.0,25.689523064895692,0.0,6.294484586993223,0.0,10.486745554307456,0.14417151085275454
33,2023-08-25 07:48:41,5.724744229087571,0.0,10.536178954578334,0.0,5.686968673576264,0.0,4.982024378953856,0.0,6.843818125194989,0.42132474414255283,6.6233104922359916,0.0,9.966700100299786,0.0,6.0790190735696,0.0,5.728450020234527,0.0,15.377011611325845,0.0,5.219058686809349,0.0,6.2667802592343,0.0,6.294484586993223,0.0,10.486745554307456,0.183121387283237
34,2023-08-25 07:48:46,5.724744229087571,0.0,9.92482394366084,0.0,5.686968673576264,0.0,4.982024378953856,0.0,6.662228672387416,0.8953829168660068,6.6233104922359916,0.0,9.966700100299786,0.0,6.0790190735696,0.0,5.728450020234527,0.0,15.377011611325845,0.0,5.219058686809349,0.0,6.2667802592343,0.0,7.824727328199268,-0.47777550860105256,10.486745554307456,0.183121387283237
35,2023-08-25 07:48:51,5.724744229087571,0.0,9.92482394366084,0.0,5.686968673576264,0.0,5.678354739579029,0.0,6.662228672387416,0.6928928632454292,6.6233104922359916,0.0,9.966700100299786,0.0,6.0790190735696,0.0,5.728450020234527,0.0,15.377011611325845,0.0,5.219058686809349,0.0,6.2667802592343,0.0,7.824727328199268,-0.47777550860105256,10.88108711245764,0.17190796505162825
36,2023-08-25 07:48:56,5.724744229087571,0.0,9.92482394366084,0.0,6.154944273179512,-0.6494428539969169,5.678354739579029,0.0,6.662228672387416,0.6928928632454292,6.395497755479355,0.0,9.966700100299786,0.0,5.068962962963252,0.0,5.636682140668186,0.0,15.377011611325845,-0.24187533552042945,5.014819787256607,0.0,6.318120805368852,-0.6887102732310045,7.824727328199268,-0.7521404723630518,10.88108711245764,0.20130262112787928
37,2023-08-25 07:49:01,7.328596535275002,0.0,10.259434907487693,0.0,6.154944273179512,-0.6494428539969169,5.678354739579029,0.0,7.938908498505813,0.16270272439112468,6.395497755479355,0.0,10.41238235482455,0.0,5.068962962963252,0.0,5.636682140668186,0.0,15.377011611325845,-0.1945262229645094,5.014819787256607,0.0,6.318120805368852,-0.6887102732310043,7.824727328199268,-0.7521404723630518,10.88108711245764,0.20130262112787928
38,2023-08-25 07:49:06,7.328596535275002,0.0,10.259434907487693,0.0,6.154944273179512,-0.8479134321336156,4.8895490802541675,0.0,7.938908498505813,0.16270272439112468,6.395497755479355,0.0,10.41238235482455,0.0,5.068962962963252,0.0,5.636682140668186,0.0,15.377011611325845,-0.1743699450044736,5.014819787256607,0.0,6.318120805368852,-0.6887102732310043,7.824727328199268,-0.5832849363175467,11.032789933675637,0.14374222364013398
39,2023-08-25 07:49:11,7.328596535275002,0.0,10.259434907487693,0.0,5.3488266636443145,-0.5803173467379832,4.8895490802541675,0.0,7.938908498505813,0.445400218705036,6.509755668833906,0.0,10.41238235482455,0.0,5.902198808977742,0.0,5.947718233201248,0.0,15.547502895447874,-0.5055214112073801,5.014819787256607,0.0,6.282813728058129,-0.6542893447086586,6.808174765525117,-0.4176363355476595,11.032789933675637,0.1851320565206474
40,2023-08-25 07:49:16,5.948259829969011,0.0,9.875443332803632,0.0,5.3488266636443145,-0.8376667441320009,4.781340544716422,0.0,8.082898074914395,0.18439543449593018,6.509755668833906,0.0,10.267973008046297,0.0,5.902198808977742,0.0,5.947718233201248,0.0,15.547502895447874,-0.5055214112073801,5.136271557623583,0.0,6.282813728058129,-0.6542893447086586,6.808174765525117,-0.6235325474115838,11.032789933675637,0.1851320565206474
41,2023-08-25 07:49:21,5.948259829969011,0.0,9.875443332803632,0.0,5.3488266636443145,-0.8376667441320009,4.781340544716422,0.0,8.082898074914395,0.18439543449593018,6.509755668833906,0.0,10.267973008046297,0.0,4.925814571388368,0.0,5.947718233201248,0.0,15.547502895447874,-0.5055214112073801,5.136271557623583,0.0,6.282813728058129,-0.9786508989984314,6.808174765525117,-0.6235325474115838,11.054575606813957,0.0
42,2023-08-25 07:49:26,5.948259829969011,0.0,9.875443332803632,0.0,5.236648311549158,-0.6029799256505576,4.781340544716422,0.0,8.082898074914395,0.18439543449593018,6.509755668833906,0.0,10.267973008046297,0.0,4.925814571388368,0.0,5.947718233201248,0.0,13.679764569341994,0.0,5.136271557623583,0.0,5.858256954494878,-0.7116290089062431,7.079019073569347,-0.46256088518793137,11.054575606813957,0.0
43,2023-08-25 07:49:31,5.948259829969011,0.0,9.875443332803632,0.0,5.236648311549158,-0.6029799256505576,4.73983942241862,0.0,6.6283196451054005,0.5429039384134777,6.829018969638014,0.0,10.037593984960985,0.0,4.925814571388368,0.0,5.894025712124786,0.0,13.679764569341994,0.0,5.136271557623583,0.0,5.858256954494878,-0.7116290089062431,7.079019073569347,-0.46256088518793137,11.050340448321133,0.0
44,2023-08-25 07:49:36,5.948259829969011,0.0,9.875443332803632,0.0,5.236648311549158,0.0,4.73983942241862,0.0,6.6283196451054005,0.5429039384134777,6.829018969638014,0.0,10.037593984960985,0.0,4.925814571388368,0.0,5.894025712124786,0.0,13.679764569341994,0.0,5.136271557623583,0.0,6.131716040742687,-0.5550382397727855,7.079019073569347,0.0,11.050340448321133,0.0
45,2023-08-25 07:49:41,6.240999373549275,0.19221387433934536,9.711280437303515,0.0,5.236648311549158,0.0,4.73983942241862,0.0,6.6283196451054005,0.5429039384134777,6.829018969638014,0.0,10.037593984960985,0.0,6.329306071871774,0.18626734037666512,7.1331190318612965,0.0,14.767307233232128,0.36433542648946876,5.198253403294892,0.0,6.131716040742687,0.0,7.079019073569347,0.0,11.050340448321133,0.0
46,2023-08-25 07:49:46,6.240999373549275,0.19221387433934536,9.711280437303515,0.0,5.7532348632823025,0.0,4.9126835629644665,0.0,6.6283196451054005,1.1333063750290862,6.829018969638014,0.0,10.037593984960985,0.0,6.329306071871774,0.18626734037666512,7.1331190318612965,0.0,14.767307233232128,0.4112378172733267,5.198253403294892,0.0,6.131716040742687,0.0,6.6348236303199934,0.0,11.928894114734527,-0.27665762677173417
47,2023-08-25 07:49:51,6.240999373549275,0.19221387433934536,9.711280437303515,0.0,5.7532348632823025,0.0,4.9126835629644665,0.0,9.359982159781449,-0.1688896293211162,6.829018969638014,0.0,10.79021014346364,-0.645745566017079,5.017122235871038,0.14337882752280603,7.1331190318612965,0.0,14.988768457429133,0.31593851450025273,5.198253403294892,0.0,5.926327096947594,0.0,6.6348236303199934,0.0,11.928894114734527,-0.3816867469879518
48,2023-08-25 07:49:56,6.240999373549275,0.19221387433934542,9.711280437303515,0.0,5.7532348632823025,0.0,4.9126835629644665,0.0,9.359982159781449,-0.1688896293211162,6.764755064037669,0.0,10.79021014346364,-0.645745566017079,5.017122235871038,0.18658445681682234,7.1331190318612965,0.0,14.988768457429133,0.39036750018050104,5.198253403294892,0.0,5.926327096947594,0.0,6.6348236303199934,0.0,11.928894114734527,-0.3816867469879518
49,2023-08-25 07:50:01,6.390068126794824,0.18063343578778565,10.341185638075583,-0.39725110822659254,5.7532348632823025,0.0,4.9126835629644665,0.0,9.359982159781449,0.0,6.764755064037669,0.0,10.79021014346364,-0.9315239052404881,5.017122235871038,0.18658445681682234,5.919813201207793,0.0,14.988768457429133,0.39036750018050104,5.4802558115929205,0.0,5.926327096947594,0.0,6.211813291311325,0.0,11.375510833527645,-0.29243955647705755
50,2023-08-25 07:50:06,6.390068126794824,0.18063343578778562,10.341185638075583,-0.39725110822659254,5.435124112582236,0.0,5.026835043409157,0.0,7.275830847890276,0.9113473423980223,6.764755064037669,0.0,10.79021014346364,-0.7624096215936828,5.9767946041450495,0.14503004291845492,5.919813201207793,0.0,14.988768457429133,0.39036750018050104,5.4802558115929205,0.0,6.232755196611164,0.0,6.211813291311325,0.0,11.375510833527645,-0.38437308940970166
51,2023-08-25 07:50:11,6.390068126794824,0.18063343578778562,10.341185638075583,-0.39725110822659254,5.435124112582236,0.0,5.026835043409157,0.0,7.275830847890276,0.9113473423980223,6.940237413015078,0.0,9.995176234597828,-0.5817534924591575,5.9767946041450495,0.1948695276082464,6.141272668392565,0.0,14.547951637515123,-0.17431285732708593,5.4802558115929205,0.0,6.232755196611164,0.0,6.211813291311325,0.0,11.375510833527645,-0.38437308940970166
52,2023-08-25 07:50:16,6.390068126794824,0.0,9.756822394068173,-0.373206666254253,5.435124112582236,0.0,5.026835043409157,0.0,7.275830847890276,0.0,6.940237413015078,0.0,9.995176234597828,-0.7963941670349094,5.9767946041450495,0.1948695276082464,6.141272668392565,0.0,14.547951637515123,-0.17431285732708593,5.057662757784353,0.0,6.232755196611164,0.0,6.211813291311325,0.0,11.375510833527645,-0.31643621355956303
53,2023-08-25 07:50:21,6.958624708624449,-0.6640893086224309,9.756822394068173,-0.41501551252706465,5.435124112582236,0.0,4.771976206213441,0.0,7.275830847890276,0.0,6.940237413015078,0.0,10.083368707021561,-0.6177578885228419,5.9767946041450495,0.0,6.141272668392565,0.0,14.475637485791834,-0.13783276682528892,5.057662757784353,0.0,6.232755196611164,0.0,6.429388473384381,0.0,11.375510833527645,-0.4143394803625378
54,2023-08-25 07:50:26,6.958624708624449,-0.6640893086224309,9.756822394068173,-0.5017061552737396,5.7863329664541086,0.0,4.771976206213441,0.0,7.045422324009521,0.0,6.744284358555856,0.0,10.083368707021561,-0.6177578885228419,5.7177872955260405,0.0,6.141272668392565,0.0,14.475637485791834,-0.19271171941830623,5.057662757784353,0.0,5.516100443131825,0.0,6.429388473384381,0.0,10.997253664872058,-0.2892686319619068
55,2023-08-25 07:50:31,5.886959572041938,-0.5064579517069109,9.756822394068173,-0.40857695020105167,5.7863329664541086,0.0,4.771976206213441,0.0,7.045422324009521,1.311073151017109,6.744284358555856,0.0,10.083368707021561,0.0,5.7177872955260405,0.0,6.315443192202192,0.0,14.475637485791834,-0.19271171941830623,5.057662757784353,0.0,5.516100443131825,0.0,7.319472459270484,0.0,10.997253664872058,0.0
56,2023-08-25 07:50:36,5.886959572041938,-0.5064579517069109,9.756822394068173,-0.36676810392824005,5.87962010288826,0.0,5.139013452913984,0.0,6.430513897219144,-0.172126408727211,6.744284358555856,0.0,10.65003484320554,0.0,5.7177872955260405,0.0,6.315443192202192,0.0,14.475637485791834,-0.16471070658682632,5.221396806144836,0.0,5.516100443131825,0.0,7.319472459270484,0.0,10.997253664872058,0.0
57,2023-08-25 07:50:41,5.886959572041938,-0.6775508602001388,10.257648953301572,0.0,5.87962010288826,0.0,5.139013452913984,0.0,6.430513897219144,-0.172126408727211,6.744284358555856,0.0,10.65003484320554,0.0,6.225796716562163,-1.005361046259375,6.315443192202192,0.0,14.552527743526367,-0.35592381286755026,5.221396806144836,0.0,5.798404216381237,0.0,7.319472459270484,0.0,10.997253664872058,0.0
58,2023-08-25 07:50:46,5.886959572041938,-0.6672790028732785,10.257648953301572,0.0,5.87962010288826,0.0,5.139013452913984,0.0,6.430513897219144,-0.172126408727211,6.744284358555856,0.0,10.65003484320554,0.0,6.225796716562163,-1.005361046259375,6.062889634857194,0.0,14.552527743526367,-0.35592381286755026,5.221396806144836,0.0,5.798404216381237,0.0,6.004249194708301,0.0,10.997253664872058,0.0
59,2023-08-25 07:50:51,5.6721963112146545,-0.4950503591267014,10.257648953301572,0.0,5.027440809838103,0.0,5.139013452913984,0.0,7.463136541690475,-0.19021225695991742,6.744284358555856,0.0,10.65003484320554,0.0,6.225796716562163,-1.3536729073357998,6.062889634857194,0.0,14.061158878503702,-0.1613631363191677,4.879011011281876,0.0,5.798404216381237,0.0,6.004249194708301,0.0,10.997253664872058,0.0
60,2023-08-25 07:50:56,5.6721963112146545,-0.4950503591267014,10.257648953301572,0.0,5.027440809838103,0.0,5.455185747825071,-0.32147138100523226,7.463136541690475,-0.19021225695991742,6.156780667378813,0.0,9.520865096842579,0.0,6.225796716562163,-1.3536729073357998,6.062889634857194,0.0,14.061158878503702,-0.19351642845212247,4.879011011281876,0.0,5.798404216381237,0.0,6.004249194708301,0.0,11.051742699502574,0.0
61,2023-08-25 07:51:01,5.6721963112146545,0.0,9.844719424460608,0.0,5.027440809838103,0.0,5.455185747825071,-0.32147138100523226,6.358261207818693,-0.7662585034013606,6.156780667378813,0.0,9.520865096842579,0.0,6.225796716562163,-1.0380809899017998,6.062889634857194,0.0,14.061158878503702,-0.19351642845212247,5.373494790961953,0.0,6.091028956844341,0.0,6.004249194708301,0.0,11.051742699502574,0.0
62,2023-08-25 07:51:06,5.752116010654256,0.0,9.844719424460608,0.0,5.578966600893345,0.0,5.455185747825071,-0.45915642869274753,6.358261207818693,-0.9339240669731934,6.156780667378813,0.0,9.520865096842579,0.0,6.225796716562163,-1.9731362549493001,5.454485920104119,0.0,14.061158878503702,-0.16399818501992414,5.373494790961953,0.0,6.091028956844341,0.0,6.561292548298109,-0.3614681434270052,11.563468707081652,0.0
63,2023-08-25 07:51:11,5.752116010654256,0.0,9.844719424460608,0.0,5.578966600893345,0.0,5.231763619575548,-0.3356682256529117,7.270552814252205,0.0,6.452385653176425,0.0,10.263905403619518,0.0,5.364366497295089,-1.0337237907080492,5.454485920104119,0.0,15.684582236052652,0.17515236593741226,5.373494790961953,0.0,6.091028956844341,0.0,6.561292548298109,-0.3614681434270052,11.563468707081652,0.0
64,2023-08-25 07:51:16,5.752116010654256,0.0,9.844719424460608,0.0,5.578966600893345,0.0,5.231763619575548,-0.3356682256529117,7.270552814252205,0.0,6.452385653176425,0.0,10.263905403619518,0.0,5.364366497295089,-1.0337237907080492,5.454485920104119,0.0,15.684582236052652,0.17515236593741226,5.373494790961953,0.0,6.034181773790332,0.0,6.561292548298109,-0.3614681434270052,11.563468707081652,0.0
65,2023-08-25 07:51:21,5.862812557596349,0.0,9.787965318519078,0.0,5.578966600893345,0.0,5.231763619575548,-0.4671839626717359,7.270552814252205,0.0,6.452385653176425,0.0,10.263905403619518,0.0,5.364366497295089,-1.0337237907080492,6.185658631604698,0.0,15.684582236052652,0.5391802679254063,5.1323284080074965,0.0,6.034181773790332,0.0,6.71435646288406,-0.3233942100645984,11.51009485094932,0.0
66,2023-08-25 07:51:26,5.862812557596349,0.0,9.787965318519078,0.0,5.49785407725301,0.0,4.957948717948313,-0.32871595330739295,7.270552814252205,1.3105048635865995,6.452385653176425,0.0,10.3994653649468,0.0,5.662114709325786,0.0,6.185658631604698,0.0,14.364795039616967,0.0,5.1323284080074965,0.0,6.034181773790332,0.0,6.71435646288406,-0.3233942100645984,11.51009485094932,0.0
67,2023-08-25 07:51:31,5.862812557596349,0.0,9.787965318519078,0.0,5.49785407725301,0.0,4.957948717948313,-0.32871595330739295,7.112035811107925,0.7739069030669696,8.774729423608926,0.0,10.3994653649468,0.0,5.662114709325786,0.0,6.185658631604698,0.0,14.364795039616967,0.0,5.1323284080074965,0.0,6.034181773790332,0.0,6.71435646288406,-0.45607085617882753,11.51009485094932,0.0
68,2023-08-25 07:51:36,5.862812557596349,0.0,9.99564921821793,0.0,5.49785407725301,0.0,4.957948717948313,0.0,7.112035811107925,-0.21285740531744576,8.774729423608926,0.0,10.3994653649468,0.0,5.662114709325786,0.0,5.870247714928958,0.0,14.364795039616967,0.0,5.4354358329467996,0.0,6.026170453117801,0.0,6.71435646288406,-0.45607085617882753,11.499961165047123,0.0
69,2023-08-25 07:51:41,5.679307015661911,0.0,9.99564921821793,0.0,5.49785407725301,0.0,5.172217709180037,0.0,7.112035811107925,-0.18350496039474032,8.774729423608926,0.0,10.799320370021416,0.0,5.85688612971755,0.0,5.870247714928958,0.0,15.798998967185414,0.3472301072506582,5.4354358329467996,0.0,6.026170453117801,0.0,7.2502259376423375,-0.3044952974525521,11.499961165047123,0.0
70,2023-08-25 07:51:46,5.679307015661911,0.0,9.99564921821793,0.0,6.492867417885562,0.0,5.172217709180037,0.0,7.852307062017002,0.0,6.463169008364359,0.0,10.799320370021416,0.0,5.85688612971755,0.0,5.870247714928958,0.0,15.798998967185414,0.3472301072506582,5.12350710900572,0.0,5.624943617501819,0.0,7.2502259376423375,0.0,11.499961165047123,0.0
71,2023-08-25 07:51:51,5.679307015661911,0.0,9.99564921821793,0.0,6.492867417885562,0.0,5.172217709180037,0.0,7.852307062017002,0.6851899883831449,6.463169008364359,0.0,10.799320370021416,0.0,5.85688612971755,0.0,5.870247714928958,0.0,14.7733312967775,0.0,5.12350710900572,0.0,5.624943617501819,0.0,7.2502259376423375,0.0,11.794413746121847,0.0
72,2023-08-25 07:51:56,5.679307015661911,0.0,11.036237785017255,0.0,6.492867417885562,0.0,5.172217709180037,0.0,7.852307062017002,0.6851899883831449,6.463169008364359,0.0,11.19371271532972,0.0,5.85688612971755,0.0,6.292532757986682,-0.16050347325298345,14.7733312967775,0.0,5.12350710900572,0.0,5.624943617501819,0.0,7.2502259376423375,0.0,11.794413746121847,0.0
73,2023-08-25 07:52:01,6.413858758366013,0.0,11.036237785017255,0.0,5.669155657668104,0.0,5.172217709180037,0.0,7.852307062017002,-0.22917599186164803,6.463169008364359,0.0,11.19371271532972,0.0,5.85688612971755,0.0,6.292532757986682,-0.16050347325298345,14.7733312967775,0.0,5.815727303408199,0.0,6.192554475573205,0.0,7.2502259376423375,0.0,11.794413746121847,0.0
74,2023-08-25 07:52:06,6.413858758366013,0.0,11.036237785017255,0.0,5.669155657668104,0.0,5.172217709180037,0.0,7.852307062017002,-0.18620549338758902,6.393688054251624,0.0,11.19371271532972,0.0,5.85688612971755,0.0,6.292532757986682,-0.23782528371602005,14.7733312967775,0.0,5.815727303408199,0.0,6.192554475573205,0.0,7.2502259376423375,0.0,11.428930185835709,0.0
75,2023-08-25 07:52:11,6.413858758366013,0.0,11.036237785017255,0.0,5.669155657668104,0.0,5.020632472040097,0.0,7.3312036362080795,-0.1892755787901419,6.393688054251624,0.0,10.233320079522281,0.0,5.711563224310249,0.0,6.475375413590944,-0.16279743862536883,14.917160406587639,0.0,5.815727303408199,0.0,6.192554475573205,0.0,6.776290380649625,0.0,11.428930185835709,0.0
76,2023-08-25 07:52:16,6.413858758366013,0.0,10.900857476279711,0.0,5.669155657668104,0.0,5.020632472040097,0.0,7.3312036362080795,-0.1892755787901419,5.700342172798484,0.0,10.233320079522281,0.0,5.711563224310249,0.0,6.475375413590944,-0.16279743862536883,14.917160406587639,0.0,5.256896551724199,0.0,6.097243774477449,0.0,6.776290380649625,0.0,11.428930185835709,0.0
77,2023-08-25 07:52:21,6.413858758366013,0.0,10.900857476279711,0.0,5.669155657668104,0.0,5.020632472040097,0.0,5.609402374925681,0.30533790143443396,5.700342172798484,0.0,10.06479347633408,0.0,5.711563224310249,0.0,6.475375413590944,-0.23359198133586795,14.917160406587639,0.0,5.256896551724199,0.0,6.097243774477449,0.0,6.776290380649625,0.0,11.22223630831644,0.0
78,2023-08-25 07:52:26,6.297638257298362,0.0,10.900857476279711,0.0,5.882817667376502,0.0,4.844115132515647,0.0,5.609402374925681,0.30533790143443396,6.152573976488193,0.0,10.06479347633408,0.0,5.667747440274442,0.0,5.724814228285474,-0.15859514637151184,14.917160406587639,-0.4287101792893208,5.256896551724199,0.0,6.097243774477449,0.0,6.246254115433546,0.0,11.22223630831644,0.0
79,2023-08-25 07:52:31,6.297638257298362,0.0,10.239687906371483,0.0,5.882817667376502,0.0,4.844115132515647,0.0,5.609402374925681,0.24140735228456614,6.152573976488193,0.0,10.06479347633408,0.0,5.667747440274442,0.0,5.724814228285474,-0.15859514637151184,14.917160406587639,-0.38578743945889304,5.256896551724199,0.0,6.097243774477449,0.0,6.246254115433546,0.0,11.22223630831644,0.0
80,2023-08-25 07:52:36,6.297638257298362,0.0,10.239687906371483,0.0,5.882817667376502,0.0,4.844115132515647,0.0,9.444402108339569,0.16436463864456244,6.152573976488193,0.0,10.43636102740774,0.0,5.667747440274442,0.0,5.724814228285474,0.0,14.917160406587639,-0.34286469962846533,5.577845036319589,0.0,6.474608751197982,0.0,6.770163831129111,0.0,11.322206991089308,0.0
81,2023-08-25 07:52:41,6.297638257298362,0.0,10.239687906371483,0.0,5.882817667376502,0.0,5.056091086895926,0.0,9.444402108339569,0.16436463864456244,6.152573976488193,0.0,10.43636102740774,0.0,5.4300533274891,0.0,5.724814228285474,0.0,14.845235707122054,-0.16788622766886785,5.577845036319589,0.0,6.474608751197982,0.0,6.770163831129111,0.0,11.322206991089308,0.0
82,2023-08-25 07:52:46,5.851964085296496,0.0,11.026676492262114,0.0,5.882817667376502,0.0,5.056091086895926,0.0,9.444402108339569,0.6744829176434419,5.814346457562068,0.0,10.43636102740774,0.0,5.4300533274891,0.0,5.76029534109819,0.0,14.845235707122054,-0.16788622766886785,5.577845036319589,0.0,5.429176854114265,0.0,6.770163831129111,0.0,11.322206991089308,0.0
83,2023-08-25 07:52:51,5.851964085296496,0.0,11.026676492262114,0.0,5.882817667376502,0.0,5.056091086895926,0.0,6.779626206613203,0.3230307153687112,5.814346457562068,0.0,10.43636102740774,0.0,5.4300533274891,0.0,5.76029534109819,0.0,14.845235707122054,0.27114944834503507,5.150940190303859,0.0,5.429176854114265,0.0,6.707986111109676,0.0,11.265729729730738,0.0
84,2023-08-25 07:52:56,5.851964085296496,0.0,11.026676492262114,0.0,6.35674670036539,0.14559764460881117,5.056091086895926,0.0,6.779626206613203,0.3992359948803781,5.814346457562068,0.0,10.689701196934324,0.0,5.380329697570425,0.0,5.76029534109819,0.0,14.845235707122054,0.27114944834503507,5.150940190303859,0.0,5.429176854114265,0.0,6.707986111109676,0.0,11.265729729730738,0.0
85,2023-08-25 07:53:01,5.851964085296496,0.0,11.026676492262114,0.0,6.35674670036539,0.2846840775063184,5.056091086895926,0.0,7.298352046359691,1.098671620993962,5.814346457562068,0.0,10.689701196934324,0.0,5.380329697570425,0.0,5.76029534109819,0.0,14.845235707122054,0.27114944834503507,5.150940190303859,0.0,6.762596814898503,0.0,6.707986111109676,0.0,10.97601442741212,0.0
86,2023-08-25 07:53:06,5.851964085296496,0.0,9.760536500026317,0.0,5.973878097789553,0.20827653509335112,5.056091086895926,0.0,7.298352046359691,1.098671620993962,5.814346457562068,0.0,10.689701196934324,0.0,5.380329697570425,0.0,7.322071432627661,0.0,14.845235707122054,0.27114944834503507,5.150940190303859,0.0,6.762596814898503,0.0,6.4368649008828305,0.0,10.97601442741212,0.0
87,2023-08-25 07:53:11,6.105952720022741,0.0,9.760536500026317,0.0,5.973878097789553,0.20827653509335112,5.405421160011839,0.0,7.298352046359691,0.7836204647567514,5.662216178349245,0.0,10.112627752245057,0.0,5.380329697570425,0.0,7.322071432627661,0.0,15.211770157552131,0.0,5.165971844600997,0.0,6.762596814898503,0.0,6.4368649008828305,0.0,10.97601442741212,0.0
88,2023-08-25 07:53:16,6.105952720022741,0.0,9.760536500026317,0.0,5.765377936202145,0.16259182036888534,5.405421160011839,0.0,6.972838739715907,0.4482027853511164,5.662216178349245,0.0,10.112627752245057,0.0,5.380329697570425,0.0,7.322071432627661,0.0,15.211770157552131,0.0,5.165971844600997,0.0,6.876484018264639,0.0,6.4368649008828305,0.0,10.97601442741212,0.0
89,2023-08-25 07:53:21,6.105952720022741,0.0,9.760536500026317,0.0,5.765377936202145,0.16259182036888534,5.405421160011839,0.0,6.972838739715907,0.5490391085969328,5.662216178349245,0.0,10.112627752245057,0.0,5.380329697570425,0.0,7.0463536343408775,0.0,14.712947658404765,0.0,5.165971844600997,0.0,6.876484018264639,0.0,6.4368649008828305,0.0,11.619773061567399,0.0
90,2023-08-25 07:53:26,7.806221689315299,0.0,11.754876286797721,0.0,5.765377936202145,0.0,5.405421160011839,0.0,7.4903170522708225,1.4537956858605372,8.855175510817038,0.0,10.096884922337876,0.0,7.959646953773806,0.0,7.0463536343408775,0.0,14.712947658404765,0.0,5.165971844600997,0.0,6.876484018264639,0.0,8.921892583121158,0.0,11.619773061567399,0.0
91,2023-08-25 07:53:31,7.806221689315299,0.0,11.754876286797721,0.0,6.29376854599568,0.0,5.405421160011839,0.0,7.4903170522708225,1.4537956858605372,8.855175510817038,0.0,10.096884922337876,0.0,7.959646953773806,0.0,7.0463536343408775,0.0,14.712947658404765,0.0,5.614201718679981,0.0,6.28356796403707,0.0,8.921892583121158,0.0,11.619773061567399,0.0
92,2023-08-25 07:53:36,6.1109429679384775,0.0,11.754876286797721,0.0,6.29376854599568,0.0,5.405421160011839,0.0,7.4903170522708225,1.9774521528089886,5.2642990287434435,0.0,10.096884922337876,0.0,7.959646953773806,0.0,6.271477663230885,0.0,14.712947658404765,0.0,5.614201718679981,0.0,6.28356796403707,0.0,7.1982688885277195,0.0,11.619773061567399,0.0
93,2023-08-25 07:53:41,6.1109429679384775,0.0,9.530141371033533,0.0,6.29376854599568,0.0,5.4380924836917615,0.0,7.4903170522708225,1.9130575101123595,5.2642990287434435,0.0,10.096884922337876,0.0,7.959646953773806,0.0,6.271477663230885,0.0,14.907612340711102,0.0,5.614201718679981,0.0,6.28356796403707,0.0,7.1982688885277195,0.0,10.415704645586459,0.0
94,2023-08-25 07:53:46,6.1109429679384775,0.0,9.530141371033533,0.0,6.29376854599568,0.0,5.4380924836917615,0.0,7.018467971427842,1.3819027243984172,5.2642990287434435,0.0,9.928078515566236,0.0,5.890042979942844,0.0,7.233101070324036,0.0,14.907612340711102,0.0,5.12695955099626,0.0,6.28356796403707,0.0,7.1982688885277195,0.0,10.415704645586459,0.0
95,2023-08-25 07:53:51,6.1109429679384775,0.0,9.530141371033533,0.0,5.696989892257526,0.0,4.98489187320906,0.0,7.018467971427842,0.7765486535008977,5.2642990287434435,0.0,9.928078515566236,0.0,5.890042979942844,0.0,7.233101070324036,0.0,14.907612340711102,0.0,5.12695955099626,0.0,5.664344595379585,0.0,7.1982688885277195,0.0,11.637440758292279,0.0
96,2023-08-25 07:53:56,5.7377320765492374,0.0,9.530141371033533,0.0,5.696989892257526,0.0,4.98489187320906,0.0,7.018467971427842,0.7765486535008977,6.170901514381603,0.0,9.928078515566236,0.0,5.890042979942844,0.0,7.233101070324036,0.0,14.218675179568681,0.0,5.12695955099626,0.0,5.664344595379585,0.0,7.013963729069766,0.0,11.637440758292279,0.0
97,2023-08-25 07:54:01,5.7377320765492374,0.0,9.822417915669503,0.0,5.696989892257526,0.0,4.98489187320906,0.0,8.67527767377955,0.7222602693977513,6.170901514381603,0.0,9.928078515566236,0.0,8.725587427524829,0.37878666960676216,6.312945326280222,0.0,14.218675179568681,0.0,5.760972994706204,0.0,5.482445725916116,0.0,7.013963729069766,0.0,11.637440758292279,0.0
98,2023-08-25 07:54:06,5.7377320765492374,0.0,9.822417915669503,0.0,5.583263656632831,0.0,4.821931847297364,0.0,8.67527767377955,0.7222602693977513,6.170901514381603,0.0,9.928078515566236,0.0,8.725587427524829,0.4967585446527012,6.312945326280222,0.0,14.218675179568681,0.0,5.760972994706204,0.0,5.482445725916116,0.0,7.013963729069766,0.0,11.637440758292279,0.0
99,2023-08-25 07:54:11,6.893978795758676,0.0,9.822417915669503,0.0,5.583263656632831,0.0,4.821931847297364,0.0,8.67527767377955,0.7222602693977513,6.145691370680433,0.0,10.110605258513257,0.0,8.725587427524829,0.4967585446527012,6.312945326280222,0.0,15.024826825230152,-0.1606147265021587,5.760972994706204,0.0,5.482445725916116,0.0,7.076050169221453,0.0,10.724195051248532,0.0
100,2023-08-25 07:54:16,6.893978795758676,0.0,10.245106382979095,0.0,5.583263656632831,0.0,4.821931847297364,0.0,8.67527767377955,-0.4878977289818018,6.145691370680433,0.0,10.110605258513257,0.0,8.725587427524829,0.3992862388827637,6.3520919663135365,0.0,15.024826825230152,-0.1606147265021587,5.760972994706204,0.0,5.88731470549581,0.0,7.076050169221453,0.0,10.724195051248532,0.0
101,2023-08-25 07:54:21,6.789565536878105,0.0,10.245106382979095,0.0,5.634017847543353,0.0,4.645498783454508,0.0,7.149016451174559,0.15266895071721698,6.145691370680433,0.0,10.110605258513257,0.0,8.725587427524829,0.35788969349503863,6.3520919663135365,0.0,15.024826825230152,-0.24876019876081223,5.147045232838996,0.0,5.88731470549581,0.0,7.076050169221453,0.0,10.724195051248532,0.0
102,2023-08-25 07:54:26,6.789565536878105,0.0,10.245106382979095,0.0,5.634017847543353,0.0,4.645498783454508,0.0,7.149016451174559,0.45177728880594936,6.639579416476719,0.0,10.334604239745467,0.0,6.6020386643232385,0.7806034939121227,6.3520919663135365,0.0,13.035553739273007,0.0,5.147045232838996,0.0,5.88731470549581,0.0,7.342497936376433,0.0,11.706653088933953,0.0
103,2023-08-25 07:54:31,6.789565536878105,0.0,11.351842105263561,0.0,5.634017847543353,0.0,4.645498783454508,0.0,7.149016451174559,0.45177728880594936,6.639579416476719,0.0,10.334604239745467,0.0,6.6020386643232385,0.7806034939121227,6.3520919663135365,0.0,13.035553739273007,0.0,5.147045232838996,0.0,5.88731470549581,0.0,7.342497936376433,0.0,11.706653088933953,0.0
104,2023-08-25 07:54:36,6.427720343438096,0.0,11.351842105263561,0.0,5.634017847543353,0.0,5.332479570679962,0.0,7.92353459673991,1.801621261384979,5.877352261470729,0.0,10.334604239745467,0.0,6.6020386643232385,0.7806034939121228,6.441471403376905,0.0,13.035553739273007,0.0,5.147045232838996,0.0,6.422721583119741,0.0,7.342497936376433,0.0,11.791758040933903,0.0
105,2023-08-25 07:54:41,6.427720343438096,0.0,11.351842105263561,0.0,5.917316520103624,0.0,5.332479570679962,0.0,7.92353459673991,1.801621261384979,5.877352261470729,0.0,10.997568037057357,0.0,6.54309047926177,0.730414107390529,6.441471403376905,0.0,15.496642128374027,0.0,5.629442344045263,0.0,6.422721583119741,0.0,7.342497936376433,0.0,11.791758040933903,0.0
106,2023-08-25 07:54:46,6.427720343438096,0.0,11.351842105263561,0.0,5.917316520103624,0.0,5.332479570679962,0.0,6.660300970131583,1.9151363187497314,5.877352261470729,0.0,10.997568037057357,0.0,6.54309047926177,0.5737046381664269,6.441471403376905,0.0,15.496642128374027,0.0,5.629442344045263,0.0,6.422721583119741,0.0,7.342497936376433,0.0,17.708538993091185,0.0
107,2023-08-25 07:54:51,6.427720343438096,0.0,11.351842105263561,0.0,5.917316520103624,0.0,5.406480535693549,-0.17497475728155337,6.660300970131583,1.9151363187497314,9.216631280963135,0.0,10.997568037057357,0.0,6.54309047926177,0.5737046381664269,6.441471403376905,0.0,15.496642128374027,0.0,5.629442344045263,0.0,6.019968095055504,0.0,7.342497936376433,0.0,17.708538993091185,0.0
108,2023-08-25 07:54:56,5.930563533091174,0.0,10.758158360738362,0.0,6.804790994578082,0.0,5.406480535693549,-0.17497475728155337,6.660300970131583,1.9151363187497314,9.216631280963135,0.0,10.470688998858474,0.0,5.78913910867582,0.4253835932582698,6.3927937971924225,0.0,14.874374016312533,0.0,5.034636199639124,0.0,6.019968095055504,0.0,7.737267806618457,0.0,17.708538993091185,0.0
109,2023-08-25 07:55:01,5.930563533091174,0.0,10.758158360738362,0.0,6.804790994578082,0.0,5.406480535693549,-0.17497475728155337,6.660300970131583,1.6220159999999997,9.216631280963135,0.0,10.470688998858474,0.0,5.78913910867582,0.2053546399499061,6.3927937971924225,0.0,14.874374016312533,0.0,5.034636199639124,0.0,6.019968095055504,0.0,7.737267806618457,0.0,11.482582198479971,0.0
110,2023-08-25 07:55:06,7.246490735541236,0.0,10.758158360738362,0.0,7.998309123048873,0.0,5.158627087198655,-0.17271658573984153,7.925920149719877,1.4122600727019439,6.496198682208972,0.0,10.470688998858474,0.0,6.326403842969698,0.1599013377756002,6.3927937971924225,0.0,15.265731684814652,0.0,5.034636199639124,0.0,6.019968095055504,0.0,7.737267806618457,0.0,11.482582198479971,0.0
111,2023-08-25 07:55:11,7.246490735541236,0.0,13.35018993352476,0.0,7.998309123048873,0.0,5.158627087198655,-0.17271658573984153,7.925920149719877,1.4122600727019439,6.496198682208972,0.0,10.470688998858474,0.0,6.326403842969698,0.19867907888290054,6.776848923029784,0.0,15.265731684814652,-0.20123269316659223,6.9928739399982245,0.0,7.311937510612495,0.0,7.589357100726921,0.0,11.482582198479971,0.0
112,2023-08-25 07:55:16,7.246490735541236,0.0,13.35018993352476,0.0,7.998309123048873,0.0,5.158627087198655,-0.17271658573984153,7.925920149719877,1.4122600727019439,6.496198682208972,0.0,13.606043533930958,0.0,6.326403842969698,0.19867907888290054,6.776848923029784,0.0,18.253584370565743,-0.1530319269378821,6.9928739399982245,0.0,7.311937510612495,0.0,7.589357100726921,0.0,13.290761953610664,0.0
113,2023-08-25 07:55:21,6.507423213320892,0.0,13.35018993352476,0.0,7.998309123048873,0.0,5.606345940813389,-0.1877507176590425,7.925920149719877,-0.25087635722461105,6.496198682208972,0.0,13.606043533930958,0.0,6.608188882246064,0.2992428603055125,6.900065622951144,0.0,18.253584370565743,-0.1530319269378821,6.9928739399982245,0.0,7.311937510612495,0.0,7.589357100726921,0.0,13.290761953610664,0.0
114,2023-08-25 07:55:26,6.507423213320892,0.0,13.35018993352476,0.0,5.279914862690372,0.0,5.606345940813389,-0.1877507176590425,7.378599593738767,0.9917554264750841,6.282247167655155,0.0,13.606043533930958,0.0,6.608188882246064,0.2015177040626165,6.900065622951144,0.0,18.253584370565743,-0.21621114369501468,5.2687209620112805,0.0,7.311937510612495,0.0,7.589357100726921,0.0,13.290761953610664,0.0
115,2023-08-25 07:55:31,6.507423213320892,0.0,9.692873539231515,0.0,5.279914862690372,0.0,5.606345940813389,-0.1877507176590425,7.378599593738767,0.9917554264750841,6.282247167655155,0.0,13.606043533930958,0.0,6.608188882246064,0.2015177040626165,6.900065622951144,0.0,15.294365657340013,0.15254834098261982,5.2687209620112805,0.0,7.311937510612495,0.0,6.171585330638706,0.0,11.023771790807958,0.0
116,2023-08-25 07:55:36,5.72467222884342,0.0,9.692873539231515,0.0,5.279914862690372,0.0,5.606345940813389,0.0,7.378599593738767,1.5780997387001725,6.282247167655155,0.0,10.114779637168308,0.0,5.682889910928502,0.28247291978684125,10.455727894479583,0.0,15.294365657340013,0.15254834098261982,5.151096512414441,0.0,7.311937510612495,0.0,6.171585330638706,0.0,11.023771790807958,0.0
117,2023-08-25 07:55:41,5.72467222884342,0.0,9.692873539231515,0.0,5.371236576850582,0.0,5.193024527746463,0.0,7.5297692118823205,1.8620319136723682,11.187614199947294,0.0,10.114779637168308,0.0,5.682889910928502,0.38044235956373873,10.455727894479583,0.0,15.294365657340013,0.41392742305925584,5.151096512414441,0.0,6.6349646245635485,0.0,6.171585330638706,0.0,11.023771790807958,0.0
118,2023-08-25 07:55:46,9.736482745894318,0.0,10.44061102398778,0.0,5.371236576850582,0.0,5.193024527746463,0.0,7.5297692118823205,2.4427227029972753,11.187614199947294,0.0,10.309693971045382,0.0,5.682889910928502,0.38044235956373873,10.455727894479583,0.0,15.294365657340013,0.3517624229061399,5.151096512414441,0.0,6.6349646245635485,0.0,6.171585330638706,0.0,11.023771790807958,0.0
119,2023-08-25 07:55:51,9.736482745894318,0.0,10.44061102398778,0.0,8.532593872170498,0.0,5.193024527746463,0.0,7.5297692118823205,2.9464414168937325,11.187614199947294,0.0,10.309693971045382,0.0,5.682889910928502,0.38044235956373873,10.455727894479583,0.0,16.40349848008239,0.6999050692994114,7.153025523372518,0.0,8.688579615227578,0.3782157347386093,6.171585330638706,0.0,12.623158860404928,0.1588654260528893
120,2023-08-25 07:55:56,9.736482745894318,0.0,10.44061102398778,0.0,8.532593872170498,0.0,5.193024527746463,0.0,9.468954572506107,1.5158083608497912,8.765083798883005,0.0,10.309693971045382,0.0,9.488574768837612,1.313931833370461,8.555060141020075,-0.17504651313375497,16.40349848008239,0.8609609545850231,7.153025523372518,0.0,8.688579615227578,0.3782157347386093,7.949678638941813,0.3706194447617959,12.623158860404928,0.1588654260528893
