,timestamp,adservice-76b448fddf-h9ghr_cpu,adservice-76b448fddf-h9ghr_memory,cartservice-6969c94d94-4wphs_cpu,cartservice-6969c94d94-4wphs_memory,checkoutservice-6d6f4d7cc7-jkzgt_cpu,checkoutservice-6d6f4d7cc7-jkzgt_memory,currencyservice-ccbc788bc-dzj7f_cpu,currencyservice-ccbc788bc-dzj7f_memory,emailservice-9f8578d69-r6rx8_cpu,emailservice-9f8578d69-r6rx8_memory,frontend-846c85c54c-2dpvf_cpu,frontend-846c85c54c-2dpvf_memory,loadgenerator-7f8f5d8fb6-5mm4r_cpu,loadgenerator-7f8f5d8fb6-5mm4r_memory,paymentservice-78549bfd9c-9l6jt_cpu,paymentservice-78549bfd9c-9l6jt_memory,productcatalogservice-6b5dd45849-52szd_cpu,productcatalogservice-6b5dd45849-52szd_memory,recommendationservice-cc746f6c7-5zvng_cpu,recommendationservice-cc746f6c7-5zvng_memory,redis-cart-6997b66668-xkfsv_cpu,redis-cart-6997b66668-xkfsv_memory,shippingservice-7ccdfd8767-9c9h6_cpu,shippingservice-7ccdfd8767-9c9h6_memory
0,2023-08-22 04:41:13,8.932767141964026,143.511552,17.5745814131205,87.4496,2.9320890083480924,0.0,26.29334604553457,89.534464,6.644374485112107,98.635776,73.39946010007942,64.745472,17.693747548150483,94.777344,5.278386142249373,77.43488,30.649971098580238,60.112896,15.931797155083686,99.221504,7.304028516667402,48.943104,6.397437030490576,64.729088
1,2023-08-22 04:41:18,9.824337100863547,143.929344,17.93951672862039,87.4496,3.4562004427017485,0.0,33.170166545976016,89.534464,6.700020881978798,98.623488,73.39946010007942,64.745472,18.528175828225393,94.777344,5.278386142249373,77.43488,34.2360930648064,60.186624,15.634916239790009,99.221504,7.685247774550807,48.943104,6.485760361231999,64.729088
2,2023-08-22 04:41:23,9.824337100863547,143.929344,18.618886115908698,87.478272,3.9803118770554033,53.73952,33.170166545976016,89.534464,5.236833945403363,98.623488,74.04509412683291,64.360448,18.04726237327408,94.86336,5.288347726973796,77.258752,34.2360930648064,60.186624,15.634916239790009,99.221504,7.685247774550807,48.943104,6.897305070722083,63.664128
3,2023-08-22 04:41:28,10.045692715082804,143.929344,18.618886115908698,87.478272,8.614413045555956,53.73952,33.64278099741962,88.481792,6.288162276718369,98.623488,71.79648387472368,64.360448,16.944123592260173,94.86336,5.288347726973796,77.258752,35.34087337492224,59.785216,14.808143945139898,99.221504,6.483189630969122,48.943104,6.897305070722083,63.664128
4,2023-08-22 04:41:33,10.090322325177043,143.040512,18.618886115908698,87.478272,9.621693442363304,53.73952,33.90530662494693,88.481792,9.965381329605663,97.693696,71.79648387472368,64.360448,16.944123592260173,94.86336,5.288347726973796,77.258752,35.34087337492224,59.785216,17.376025195197414,98.504704,7.408754047768653,48.582656,5.043161018879258,63.664128
5,2023-08-22 04:41:38,10.090322325177043,143.040512,15.363265902191486,87.478272,10.91777762427759,53.73952,33.90530662494693,88.481792,9.965381329605663,97.693696,71.79648387472368,64.360448,10.213375000000724,94.86336,5.512667511167356,77.258752,35.34087337492224,59.785216,17.376025195197414,98.504704,7.408754047768653,48.582656,5.731721132637692,63.71328
6,2023-08-22 04:41:43,8.591093167612534,143.081472,15.552415360009762,87.478272,10.91777762427759,54.6816,35.13744491781272,88.895488,11.642413152867348,97.693696,82.12782161090249,64.04096,11.880347367489943,94.86336,4.320966611940753,77.258752,28.30576297937667,59.785216,17.376025195197414,98.504704,7.408754047768653,48.582656,6.396738841700065,63.71328
7,2023-08-22 04:41:48,9.520660596960248,143.081472,20.850829589431356,86.949888,10.91777762427759,54.6816,38.1026658280529,88.895488,11.642413152867348,97.693696,82.12782161090249,64.04096,19.29749132063583,94.4128,3.8615776526768055,77.258752,25.417611379291305,59.785216,21.06395624171342,98.5088,8.126458308946555,48.615424,7.980212508748481,63.71328
8,2023-08-22 04:41:53,11.154809152172547,143.081472,20.850829589431356,86.949888,9.368074999999997,54.6816,38.1026658280529,88.895488,10.67801625719252,97.415168,82.12782161090249,64.04096,19.29749132063583,94.4128,7.784210774157033,77.160448,39.32112193395775,59.424768,21.06395624171342,98.5088,8.126458308946555,48.615424,6.524688248923665,63.71328
9,2023-08-22 04:41:58,9.08134702985052,143.081472,20.850829589431356,86.949888,10.236682796414303,58.318848,37.76094513755448,88.006656,12.687486132682427,97.415168,85.54184581774244,63.680512,19.911718079990525,94.4128,7.784210774157033,77.160448,44.39119839043231,59.424768,21.291726198207293,96.489472,8.571428571428099,48.615424,9.64872126579759,63.709184
10,2023-08-22 04:42:03,11.782732033750763,141.5168,23.53925756419994,86.028288,9.106051105670009,58.318848,36.91793691429977,88.006656,12.687486132682427,97.415168,85.54184581774244,63.680512,20.66342450679871,93.609984,7.784210774157033,77.160448,45.679665918506466,59.428864,20.72947415348096,96.489472,8.571428571428099,48.615424,8.829087274774873,63.709184
11,2023-08-22 04:42:08,11.572102611086116,141.5168,23.53925756419994,86.028288,10.281724556100558,58.380288,36.91793691429977,88.006656,12.687486132682427,97.415168,85.54184581774244,63.680512,21.980362113434772,93.609984,8.674366915649422,77.160448,45.679665918506466,59.428864,23.945332278480954,96.489472,8.887976876470649,48.115712,11.01318551561282,63.709184
12,2023-08-22 04:42:13,10.994346263974405,141.49632,21.682497904115966,86.003712,7.334913857305984,58.380288,37.74494172786813,86.9376,12.250986523713673,95.715328,85.51194858549063,63.172608,23.727303625378656,93.569024,8.653523743680593,75.677696,45.679665918506466,59.428864,22.926360216184165,96.4608,9.352054257048977,48.115712,9.665339597101708,62.971904
13,2023-08-22 04:42:18,11.295321563997586,141.49632,21.682497904115966,86.003712,7.334913857305984,58.380288,37.74494172786813,86.9376,10.00320567375861,95.715328,85.51194858549063,63.172608,23.727303625378656,93.569024,8.653523743680593,75.677696,43.058920627252604,59.47392,22.57850342197681,96.4608,9.352054257048977,48.115712,9.665339597101708,62.971904
14,2023-08-22 04:42:23,11.295321563997588,141.49632,14.183852561489648,85.999616,7.334913857305984,58.380288,37.74494172786813,86.9376,10.00320567375861,95.715328,67.09728407127851,63.172608,18.8759641142803,93.569024,6.100240556499181,75.677696,43.058920627252604,59.47392,22.57850342197681,96.4608,8.563708795178734,48.115712,9.951710365932673,62.971904
15,2023-08-22 04:42:28,10.855834559080124,140.537856,15.820098511764545,85.999616,6.997176981541797,58.380288,35.241907697888706,87.375872,8.572592027465182,95.555584,81.60742410874762,63.172608,17.032225000002654,93.569024,5.233574065399352,75.800576,31.378839936808145,59.47392,20.531007060836004,96.546816,8.563708795178734,48.115712,9.951710365932673,62.971904
16,2023-08-22 04:42:33,10.824667262072635,140.537856,19.634951403298803,85.999616,6.469080342977345,58.380288,35.241907697888706,87.375872,8.538797061524457,95.555584,63.34470268601127,63.172608,21.754989600389948,93.581312,6.652214172885234,75.800576,26.352274999999285,59.47392,18.96663614378411,96.546816,8.212366284315527,48.115712,8.607307190440164,62.93504
17,2023-08-22 04:42:38,10.263411147335544,140.525568,18.725093254586188,86.061056,5.956511047880011,59.645952,35.241907697888706,87.375872,8.142161820480354,96.264192,74.77787469660208,63.348736,21.754989600389948,93.581312,6.652214172885234,75.800576,37.20126244234354,59.326464,18.96663614378411,96.546816,7.928746614345025,48.128,6.7804630639311405,62.93504
18,2023-08-22 04:42:43,7.74918517553409,140.525568,18.725093254586188,86.061056,5.956511047880011,59.645952,30.7842462044931,87.49056,8.142161820480354,96.264192,71.70966142864184,63.348736,21.754989600389948,93.581312,6.067997810783799,75.948032,37.20126244234354,59.326464,17.65924405137853,96.571392,7.928746614345025,48.128,6.7804630639311405,62.93504
19,2023-08-22 04:42:48,9.008469055374885,140.525568,15.764216254075963,86.061056,5.956511047880011,59.645952,30.7842462044931,87.49056,8.142161820480354,96.264192,71.70966142864184,63.348736,19.623311187407715,93.581312,6.067997810783799,75.948032,37.20126244234354,59.326464,16.512520131489296,96.571392,5.718327334195537,48.128,6.7804630639311405,62.93504
20,2023-08-22 04:42:53,7.747383481723015,140.525568,13.247502918602331,86.061056,5.956511047880011,59.645952,30.7842462044931,87.49056,5.25181175568987,95.563776,71.70966142864185,63.348736,19.623311187407715,93.581312,4.658115152580087,75.948032,31.467223781061428,59.47392,16.512520131489296,96.571392,6.574038139846758,48.201728,6.7804630639311405,62.93504
21,2023-08-22 04:42:58,8.59389107846666,140.537856,11.933818230762668,86.061056,5.956511047880011,59.645952,28.976876258568083,87.187456,6.088704139690301,95.563776,65.3233120712485,63.188992,19.623311187407715,93.581312,4.537989142964968,76.120064,31.46722378106142,59.47392,14.236575681349192,96.448512,6.574038139846758,48.201728,4.409177937515834,62.93504
22,2023-08-22 04:43:03,8.558265582656905,140.537856,15.627730410068544,86.061056,6.771862240369252,59.990016,28.976876258568083,87.187456,6.088704139690301,95.563776,65.3233120712485,63.188992,15.091320293398379,93.609984,4.537989142964968,76.120064,30.13461538461947,59.47392,14.236575681349192,96.448512,6.574038139846758,48.201728,5.825164909685001,62.763008
23,2023-08-22 04:43:08,8.558265582656905,140.537856,15.627730410068544,86.061056,7.604888202993207,59.990016,28.976876258568083,87.187456,5.941104336862572,95.58016,65.3233120712485,63.188992,15.091320293398383,93.609984,4.537989142964968,76.120064,24.894708012823887,59.47392,14.236575681349192,96.448512,6.677440788768399,48.295936,5.825164909685001,62.763008
24,2023-08-22 04:43:13,9.00542093919466,140.550144,15.806943659801103,86.061056,7.604888202993207,59.990016,27.821577108634813,87.216128,6.069304255998368,95.58016,65.31027199670383,63.188992,11.991024075306601,93.609984,5.043126378248099,76.099584,22.383490064105597,59.47392,15.220179313929467,96.473088,6.677440788768399,48.295936,5.8335058443361705,62.734336
25,2023-08-22 04:43:18,9.00542093919466,140.550144,16.025043845589234,86.089728,7.604888202993207,59.990016,27.821577108634813,87.216128,6.069304255998368,95.58016,67.75511354898289,63.34464,15.198934052528184,93.63456,5.043126378248099,76.099584,33.397787913339734,59.43296,15.220179313929467,96.473088,6.677440788768399,48.295936,5.8335058443361705,62.734336
26,2023-08-22 04:43:23,8.600513304935319,140.537856,15.848178508761187,86.089728,9.555863894462707,59.990016,27.821577108634813,87.216128,6.316033994334309,95.576064,67.75511354898289,63.34464,15.198934052528184,93.63456,5.043126378248099,76.099584,33.397787913339734,59.43296,15.220179313929467,96.473088,5.234877983030933,48.295936,5.8335058443361705,62.734336
27,2023-08-22 04:43:28,8.751046915238042,140.537856,15.848178508761187,86.089728,9.555863894462707,59.990016,30.39563405625423,86.802432,6.087733650652197,95.576064,67.75511354898289,63.34464,15.198934052528184,93.63456,4.31229895645423,76.099584,33.397787913339734,59.43296,16.95567942355968,96.468992,6.5190176270903235,48.308224,5.8335058443361705,62.734336
28,2023-08-22 04:43:33,8.751046915238042,140.537856,16.493192338232912,86.089728,8.728100470157518,60.084224,30.39563405625423,86.802432,5.265483758904106,95.576064,69.59197991539718,63.393792,15.968685514922795,93.597696,5.288805904961548,76.464128,35.53150129361437,59.82208,16.95567942355968,96.468992,6.5190176270903235,48.308224,3.9871673596915578,62.726144
29,2023-08-22 04:43:38,8.052935127122293,140.537856,12.671104999093039,86.089728,8.875354357592093,60.084224,30.395634056254224,86.802432,4.9368808927232655,95.576064,71.73736513344674,63.393792,15.968685514922795,93.597696,5.288805904961548,76.464128,38.321421814396636,59.82208,16.848646982007097,96.448512,6.795900260056635,48.308224,4.50760036470922,62.726144
30,2023-08-22 04:43:43,7.341107264305683,140.537856,14.125823236487982,86.089728,11.570889487870621,60.084224,22.408590953911496,86.802432,4.4173350045989945,95.576064,71.73736513344674,63.393792,15.968685514922795,93.597696,5.732119030626409,76.464128,37.7509144454209,59.437056,15.841236565392034,96.448512,8.306909118956208,47.501312,5.964054833540433,62.406656
31,2023-08-22 04:43:48,11.476503083732856,141.012992,19.680244947400336,85.786624,11.570889487870621,60.084224,29.340653034681818,87.12192,3.897789116474723,95.576064,71.73736513344674,63.393792,17.737480573302797,93.601792,5.964159576175864,75.595776,37.7509144454209,59.437056,18.464593717856495,96.448512,8.306909118956208,47.501312,7.390631473763664,62.406656
32,2023-08-22 04:43:53,11.476503083732856,141.012992,19.680244947400336,85.786624,10.510987360028848,59.973632,29.340653034681818,87.12192,49.62194542169825,56.307712,70.81827548900064,62.562304,17.737480573302797,93.601792,5.964159576175864,75.595776,27.080199092014276,59.437056,15.10419153282093,96.448512,8.928824381606143,47.501312,7.390631473763664,62.406656
33,2023-08-22 04:43:58,11.810102954471706,141.012992,19.268488689065116,85.79072,10.510987360028848,59.973632,30.969694469651465,87.12192,49.62194542169825,56.307712,71.14406275078292,62.562304,17.7374805733028,93.601792,5.888589926847714,75.595776,24.00517499999637,59.437056,20.340003811701884,96.84992,8.641141992815873,47.501312,7.264574647063103,62.824448
34,2023-08-22 04:44:03,11.810102954471706,141.012992,20.145440826238747,85.79072,9.339970263106853,59.973632,29.682363590432175,86.91712,49.62194542169825,56.307712,71.14406275078292,62.562304,18.527685213234477,93.601792,5.888589926847714,75.595776,38.941596023148186,59.342848,20.340003811701884,96.84992,8.641141992815873,47.501312,7.538058159860183,62.824448
35,2023-08-22 04:44:08,12.253559723738954,141.57824,20.145440826238747,85.79072,9.1252408895048,60.305408,29.682363590432175,86.91712,117.61819581088672,97.705984,69.58347319391227,63.074304,17.513939064880415,93.659136,6.044202911721419,76.009472,38.941596023148186,59.342848,20.340003811701884,96.84992,9.568295487210206,47.501312,7.538058159860183,62.824448
36,2023-08-22 04:44:13,13.525768256792652,141.57824,19.416250338171594,85.757952,9.1252408895048,60.305408,28.710770685051756,86.91712,117.61819581088672,97.705984,69.58347319391227,63.074304,17.513939064880415,93.659136,6.35874949248882,76.009472,38.941596023148186,59.342848,19.38254472496225,96.84992,9.270316211563202,47.501312,5.730724999999914,62.824448
37,2023-08-22 04:44:18,13.525768256792652,141.57824,19.765972139539777,85.757952,9.1252408895048,60.305408,28.05480436224268,86.646784,117.61819581088672,97.705984,67.46401487208193,63.074304,17.33153183583883,93.659136,6.35874949248882,76.009472,34.39262117081611,59.47392,19.38254472496225,96.84992,9.270316211563202,47.501312,7.700484974452161,62.81216
38,2023-08-22 04:44:23,10.016564262170325,141.57824,19.765972139539777,85.757952,7.1645867583501275,63.01696,28.05480436224268,86.646784,147.29660683479548,97.705984,66.63718862293652,63.062016,17.33153183583883,93.659136,6.046047082279038,76.386304,34.39262117081611,59.47392,19.38254472496225,96.84992,9.270316211563202,47.501312,7.700484974452161,62.81216
39,2023-08-22 04:44:28,10.941515629445053,142.92992,16.42590718630471,85.757952,8.395422656234208,63.01696,20.75626906932121,86.646784,104.20965361809426,15.638528,66.63718862293652,63.062016,17.425354906246874,93.745152,6.046047082279038,76.386304,34.39262117081611,59.47392,20.267444700773783,96.84992,6.445689906131898,47.501312,7.700484974452161,62.81216
40,2023-08-22 04:44:33,10.941515629445053,142.92992,17.22977597298747,86.085632,8.395422656234208,63.01696,24.550424652052826,86.847488,104.20965361809425,15.638528,52.88399782316527,63.062016,16.746866830175026,93.745152,5.871379380190554,76.386304,28.068571629236796,59.47392,19.825543945033562,97.255424,7.485001685204316,47.652864,5.675803589919574,62.81216
41,2023-08-22 04:44:38,10.941515629445053,142.92992,17.22977597298747,86.085632,8.40810810810811,63.381504,24.550424652052826,86.847488,81.36242327754134,15.60576,68.96309946714038,63.238144,16.746866830175026,93.745152,5.484075384742002,76.570624,35.03470580189173,59.379712,18.21715098339167,97.255424,7.485001685204316,47.652864,6.720663708277181,63.287296
42,2023-08-22 04:44:43,10.311258157425522,142.9504,17.22977597298747,86.085632,10.49134968366789,63.381504,24.550424652052826,86.847488,81.36242327754134,15.60576,68.96309946714038,63.238144,16.746866830175026,93.745152,5.484075384742002,76.570624,33.36393123581361,59.379712,18.21715098339167,97.255424,7.274473767337,47.652864,6.661628729339772,63.287296
43,2023-08-22 04:44:48,8.788491092266234,142.9504,16.738540863139626,86.09792,10.49134968366789,63.381504,24.80889425623528,87.179264,81.36242327754134,15.60576,68.96309946714038,63.238144,16.660432992430913,93.753344,4.072044899876958,76.570624,33.36393123581361,59.379712,17.927476955010075,97.288192,7.182409217157944,47.5136,6.661628729339772,63.287296
44,2023-08-22 04:44:53,8.788491092266234,142.9504,16.738540863139626,86.09792,11.255094948146905,63.381504,24.808894256235277,87.179264,49.747663762358215,82.874368,70.6390339425595,63.238144,16.660432992430913,93.753344,4.044305391721317,76.570624,34.60770654618518,59.43296,17.927476955010075,97.288192,7.182409217157944,47.5136,6.6087929298579065,63.291392
45,2023-08-22 04:44:58,8.788491092266234,142.9504,16.423459498605325,86.212608,9.943618720058963,63.643648,24.808894256235277,87.179264,49.747663762358215,82.874368,54.62516494778124,63.238144,16.660432992430913,93.753344,4.941942756936229,76.898304,34.60770654618518,59.43296,18.220752336904027,97.288192,6.8410739042338795,47.5136,6.473101490418713,63.291392
46,2023-08-22 04:45:03,8.835287736819742,145.412096,16.423459498605325,86.212608,9.943618720058963,63.643648,19.850323786050886,87.179264,49.747663762358215,82.874368,71.18427656943365,63.184896,31.597468444193463,93.908992,4.941942756936229,76.898304,36.9876290999881,59.43296,14.653204949139626,97.288192,6.8410739042338795,47.5136,6.473101490418713,63.291392
47,2023-08-22 04:45:08,8.868625405655044,145.412096,16.423459498605325,86.212608,10.952729373255034,63.643648,27.217407496658982,87.097344,49.36137500000015,82.874368,73.65524987380154,63.184896,38.66398100472286,93.908992,4.781286334985562,76.898304,37.150392986699984,59.490304,13.134808921064291,97.288192,6.845311238282465,47.5136,6.473101490418713,63.291392
48,2023-08-22 04:45:13,8.552230085047434,145.403904,13.518848132408435,86.130688,10.526970019659242,64.167936,27.217407496658982,87.097344,57.126645322207445,82.874368,73.65524987380154,63.184896,38.66398100472286,93.908992,5.368228524455394,76.091392,37.150392986699984,59.490304,6.73583333333454,97.288192,5.582859126052465,47.5136,6.701783817032929,63.430656
49,2023-08-22 04:45:18,8.552230085047434,145.403904,16.296658912549468,86.130688,10.526970019659242,64.167936,30.28287857664324,87.097344,41.345846706403876,60.203008,73.65524987380154,63.184896,38.66398100472286,93.908992,5.368228524455395,76.091392,37.33839007467252,59.490304,18.933044795499573,97.52576,6.893411552345973,47.5136,6.837578583866915,63.430656
50,2023-08-22 04:45:23,8.552230085047434,145.403904,17.144823079819002,86.2208,10.526970019659242,64.167936,28.890424786779118,87.564288,41.345846706403876,60.203008,70.53605291152105,64.618496,31.288665528151114,93.908992,5.701395168582971,76.218368,37.33839007467252,59.490304,18.933044795499573,97.52576,6.973702200384394,47.5136,7.370967399383965,63.430656
51,2023-08-22 04:45:28,8.416144931395825,145.403904,17.144823079819002,86.2208,7.4967989466037155,63.782912,28.890424786779118,87.564288,51.6788528583028,60.203008,70.53605291152105,64.618496,44.702758535415576,93.908992,5.701395168582971,76.218368,38.63341398822497,59.326464,18.933044795499573,97.52576,6.973702200384394,47.5136,7.370967399383965,63.430656
52,2023-08-22 04:45:33,8.793145112569698,145.293312,13.007822222223494,86.2208,7.4967989466037155,63.782912,29.897470153492367,87.564288,51.6788528583028,60.203008,70.53605291152105,64.618496,35.08494216440815,93.917184,5.701395168582971,76.218368,38.63341398822497,59.326464,19.595206197576857,97.52576,6.983680513503932,47.5136,7.370967399383965,63.430656
53,2023-08-22 04:45:38,8.793145112569698,145.293312,14.055426142373163,86.2208,7.4967989466037155,63.782912,29.897470153492367,87.564288,7.008901857939592,60.203008,55.491430211108316,63.029248,35.08494216440815,93.917184,4.304600000000036,76.218368,39.28500705257984,59.326464,19.993535083319482,97.52576,7.373215164944229,47.5136,8.306739454529485,63.36512
54,2023-08-22 04:45:43,8.715995786383058,145.293312,12.584485507509823,86.2208,6.720635196489477,63.946752,27.71647996304178,87.375872,7.008901857939592,60.203008,73.55419522854474,63.029248,35.08494216440815,93.917184,5.940126251354969,76.480512,40.51013304455742,59.346944,19.993535083319482,97.52576,7.373215164944229,47.5136,8.306739454529485,63.36512
55,2023-08-22 04:45:48,8.844704436107891,145.416192,20.288616806000764,86.28224,6.720635196489477,63.946752,24.95839727194911,87.375872,40.13646593342769,104.26368,73.55419522854474,63.029248,18.42433692116591,93.917184,5.940126251354969,76.480512,40.51013304455742,59.346944,13.757978302040238,97.52576,6.3970632004994235,47.5136,8.306739454529485,63.36512
56,2023-08-22 04:45:53,8.844704436107893,145.416192,20.288616806000764,86.28224,6.720635196489477,63.946752,24.95839727194911,87.375872,72.13869759143623,104.26368,61.10484121030008,63.029248,18.24972337332615,93.9008,5.940126251354969,76.480512,42.08757493828839,59.346944,15.511436851692968,97.533952,7.763260176415016,47.517696,6.18394999999996,63.36512
57,2023-08-22 04:45:58,8.844704436107893,145.416192,21.23853913594583,86.28224,6.618084514873496,64.08192,27.667950754567805,87.924736,53.75184307187331,104.329216,54.975324941254684,63.029248,18.24972337332615,93.9008,5.205902583723748,76.570624,41.04867070755472,59.482112,17.27898096232722,97.533952,7.763260176415016,47.517696,6.694199417635188,63.36512
58,2023-08-22 04:46:03,9.570137089276656,145.412096,19.90392899099429,86.204416,6.618084514873496,64.08192,27.667950754567805,87.924736,53.75184307187331,104.329216,80.84150648242532,63.143936,11.692201697608542,93.9008,5.2059025837237485,76.570624,41.04867070755472,59.482112,21.210529327610974,97.533952,7.763260176415016,47.517696,8.185368485682968,63.361024
59,2023-08-22 04:46:08,9.570137089276656,145.412096,19.90392899099429,86.204416,7.304093994015905,64.08192,28.276389932386575,87.924736,53.75184307187331,104.329216,80.84150648242532,63.143936,13.189309378948039,93.917184,5.2059025837237485,76.570624,34.221562456104294,59.482112,20.910943133931365,97.550336,7.680750773168712,47.517696,8.185368485682968,63.361024
60,2023-08-22 04:46:13,7.999822349697407,145.412096,19.86203631370818,86.204416,7.837101224766413,64.376832,25.877945448679778,87.547904,53.75184307187331,104.329216,80.84150648242532,63.143936,17.702186890141423,93.917184,5.04341183592275,76.570624,42.15580306560809,59.170816,20.910943133931365,97.550336,7.680750773168712,47.517696,8.00485903855175,63.361024
61,2023-08-22 04:46:18,9.69729310177524,145.412096,19.86203631370818,86.204416,7.837101224766413,64.376832,25.877945448679778,87.547904,4.892169500221412,68.28032,76.3929438651621,63.516672,17.702186890141423,93.917184,4.888330910532565,76.812288,42.15580306560808,59.170816,16.604172995383017,97.550336,7.680750773168712,47.517696,8.00485903855175,63.361024
62,2023-08-22 04:46:23,7.577505235115095,145.412096,12.09105387353221,86.183936,7.38805778373318,64.376832,27.2772153442748,87.547904,5.505492323542595,68.28032,75.22858175683828,63.516672,17.702186890141423,93.917184,4.495745500904294,76.812288,42.15580306560808,59.170816,19.001922894311747,97.533952,6.274977933168014,47.517696,7.251063669566026,63.361024
63,2023-08-22 04:46:28,6.769397476633825,145.412096,13.446689966134851,86.183936,8.644402372838572,64.385024,24.794089588943244,88.158208,6.118815146863779,68.28032,74.7056181940832,62.943232,16.4506707221976,93.67552,4.495745500904294,76.812288,40.00272334772323,59.305984,19.001922894311747,97.533952,7.057655418954355,48.078848,7.251063669566026,63.361024
64,2023-08-22 04:46:33,9.615285989030536,144.67072,16.267633111231692,86.183936,8.644402372838572,64.385024,24.794089588943244,88.158208,27.234480074383168,103.124992,74.7056181940832,62.943232,15.76364934323318,93.67552,4.696770228205484,76.091392,40.00272334772323,59.305984,19.001922894311747,97.533952,7.057655418954355,48.078848,6.752754820936683,63.40608
65,2023-08-22 04:46:38,9.615285989030536,144.67072,15.981553952573217,86.142976,7.000165004838236,64.385024,24.794089588943244,88.158208,27.234480074383168,103.124992,46.77992865854901,62.943232,15.76364934323318,93.67552,4.696770228205484,76.091392,40.00272334772323,59.305984,11.563499999999749,97.533952,8.49041479345151,48.078848,6.312614320396367,63.40608
66,2023-08-22 04:46:43,9.615285989030536,144.67072,15.981553952573217,86.142976,6.712782612699727,64.385024,28.873774787972447,88.137728,27.234480074383168,103.124992,56.46331852965418,63.414272,12.886783338093124,93.67552,4.8368776081861995,76.091392,34.47829304033823,59.305984,18.544406222278962,97.550336,8.49041479345151,48.078848,8.199716467281876,63.492096
67,2023-08-22 04:46:48,9.218964879851807,144.67072,15.623817985655254,86.142976,6.712782612699727,64.385024,28.873774787972458,88.137728,24.880353261401787,62.75072,71.39247704113706,63.414272,16.82346537435003,93.71648,5.045671967440124,76.197888,37.707238197249936,59.31008,18.544406222278962,97.550336,8.49041479345151,48.078848,8.199716467281876,63.492096
68,2023-08-22 04:46:53,9.092750787958147,144.683008,16.6513526888804,86.212608,6.712782612699727,64.397312,28.873774787972458,88.137728,24.880353261401787,62.75072,67.87276980413884,63.434752,16.49452782989211,93.71648,5.045671967440124,76.197888,37.707238197249936,59.31008,18.09555119118855,97.550336,7.844384762482441,48.078848,8.199716467281876,63.492096
69,2023-08-22 04:46:58,9.092750787958147,144.683008,16.6513526888804,86.212608,7.690036434092206,64.397312,30.50816874487802,88.297472,41.17914189514169,106.078208,67.87276980413884,63.434752,16.49452782989211,93.71648,4.18724699052803,76.337152,34.63655481118876,59.31008,17.30036790636694,97.550336,8.359558043238263,48.078848,8.199716467281876,63.492096
70,2023-08-22 04:47:03,6.428015313902223,144.683008,14.434155829319272,86.212608,7.690036434092206,64.397312,30.50816874487802,88.297472,50.26955266955243,106.078208,69.78300161083318,63.434752,16.044606967395865,93.691904,4.937855961785699,76.337152,34.63655481118876,59.31008,17.30036790636694,97.550336,8.359558043238263,48.078848,5.388251290666496,63.512576
71,2023-08-22 04:47:08,7.158086973008964,144.67072,17.08782364159358,86.212608,8.346465411737277,64.397312,29.992395370171824,87.904256,50.26955266955243,106.078208,58.98931583667758,63.434752,17.034913654403127,93.691904,4.937855961785699,76.337152,34.317035994840346,59.211776,18.06968546637857,97.550336,9.398454710897399,48.078848,6.097623745268578,63.512576
72,2023-08-22 04:47:13,9.000392266742207,144.67072,16.565087201068927,86.204416,8.346465411737277,64.512,33.68438970188337,87.904256,42.97208927368907,106.078208,73.03973235219834,63.168512,17.034913654403127,93.691904,5.239971924899083,76.34944,33.49109612956849,59.211776,18.06968546637857,97.550336,7.722592755260506,48.078848,6.847195029534009,63.561728
73,2023-08-22 04:47:18,9.000392266742207,144.67072,16.565087201068927,86.204416,9.171628297138595,64.512,33.68438970188337,87.904256,25.20104628832528,62.922752,73.13720703124973,63.168512,18.22460945185554,93.728768,5.296956456978295,76.34944,33.49109612956849,59.211776,18.904905758288344,97.52576,8.81268535727057,48.06656,8.652670967741884,63.561728
74,2023-08-22 04:47:23,9.12728489988094,144.564224,17.063375715374715,86.204416,11.245146185472832,64.512,33.74199253291326,88.428544,25.20104628832528,62.922752,73.13720703124973,63.168512,18.22460945185554,93.728768,5.296956456978295,76.34944,35.08513629024503,59.424768,18.180129639856936,97.52576,8.81268535727057,48.06656,8.45124045236543,63.803392
75,2023-08-22 04:47:28,9.12728489988094,144.564224,20.545423414714573,86.188032,10.01767368790955,64.557056,28.95015056048773,88.428544,20.566788564428677,62.922752,59.67946706896328,63.168512,15.513138842240723,93.687808,5.880248252140392,76.890112,36.13534128103974,59.424768,18.603365542629366,97.517568,7.346658521037142,48.06656,8.45124045236543,63.803392
76,2023-08-22 04:47:33,9.261405590717576,144.564224,20.545423414714573,86.188032,10.01767368790955,64.557056,28.95015056048773,88.428544,27.001562151305336,62.922752,79.088204846513,63.389696,18.728009816187214,93.687808,5.960552751506825,76.890112,36.13534128103974,59.424768,18.603365542629362,97.517568,7.346658521037142,48.06656,7.1140911446123845,63.803392
77,2023-08-22 04:47:38,9.406597166318033,144.760832,20.534804753819937,86.188032,10.017673687909548,64.557056,29.806928125613968,87.973888,27.001562151305336,62.922752,79.088204846513,63.389696,18.728009816187214,93.687808,5.960552751506825,76.890112,29.853965018941,59.424768,18.603365542629362,97.517568,7.124141315015246,48.074752,7.1057279280275525,63.373312
78,2023-08-22 04:47:43,9.406597166318033,144.760832,20.534804753819937,86.188032,8.593262119967127,64.557056,31.438022707096856,87.973888,23.00960620025277,62.922752,82.71287839917943,63.438848,18.59522860756462,94.14656,4.80642416790534,76.890112,26.842686578854355,59.424768,19.329476643597634,97.52576,7.124141315015246,48.074752,6.4815765457008006,63.373312
79,2023-08-22 04:47:48,9.406597166318033,144.760832,20.534804753819937,86.188032,8.593262119967127,64.356352,31.438022707096856,87.973888,1.7722939424032211,62.922752,82.71287839917943,63.438848,19.927736726551096,94.14656,6.0988043478261655,77.012992,40.06763605944597,59.22816,19.32947664359763,97.52576,7.124141315015246,48.074752,7.890542499931651,63.373312
80,2023-08-22 04:47:53,9.562407064607294,144.760832,18.91192537256845,86.151168,8.593262119967127,64.356352,31.438022707096856,87.973888,1.7722939424032211,62.922752,69.3226161723404,63.438848,19.927736726551096,94.14656,6.0988043478261655,77.012992,40.06763605944597,59.22816,19.32947664359763,97.52576,7.515183227500431,48.078848,6.503275537575611,63.373312
81,2023-08-22 04:47:58,9.403742245346868,144.85504,22.350558851939315,86.151168,6.603081722560472,64.483328,30.459799484638523,88.911872,0.0,62.922752,82.46909202346544,63.578112,19.927736726551096,94.14656,6.04942556982249,77.012992,40.06763605944597,59.22816,18.521859890958822,97.52576,7.3363325341452486,48.078848,5.845730329247974,63.373312
82,2023-08-22 04:48:03,9.403742245346868,144.85504,22.350558851939315,86.151168,7.727723011500905,64.483328,30.459799484638523,88.911872,20.629435166766804,104.001536,82.46909202346544,63.578112,17.99027278494233,93.986816,5.475138560559405,76.169216,40.221190278977794,59.625472,18.231953941762754,97.538048,7.3363325341452486,48.078848,7.350401836969083,63.438848
83,2023-08-22 04:48:08,8.858880680092321,144.863232,20.789171669942803,86.17984,7.727723011500905,64.483328,29.003322974680913,88.911872,20.629435166766804,104.001536,79.96268576351527,63.311872,17.99027278494233,93.986816,5.475138560559405,76.169216,40.700742819813016,59.625472,18.231953941762754,97.538048,7.3363325341452486,48.078848,7.350401836969083,63.438848
84,2023-08-22 04:48:13,8.858880680092321,144.863232,17.950271931897532,86.17984,6.300154980509637,64.688128,29.220014849601,88.645632,16.659394975471916,104.001536,61.467278049391986,63.311872,17.99027278494233,93.986816,4.6981172731435725,76.169216,40.700742819813016,59.625472,17.820668169849306,97.538048,5.762597501414416,48.078848,6.9136765581159025,63.44704
85,2023-08-22 04:48:18,8.858880680092321,144.863232,17.950271931897532,86.17984,7.4817260836111865,64.688128,29.220014849601,88.645632,20.55911759310211,104.001536,73.6608005065831,63.311872,17.11571346042664,93.986816,4.6981172731435725,76.169216,40.700742819813016,59.625472,17.322301175767905,97.538048,7.164431743240193,48.06656,6.9136765581159025,63.44704
86,2023-08-22 04:48:23,8.359631318003494,144.863232,18.431102647803954,86.26176,7.4817260836111865,64.688128,27.91948556901824,88.645632,17.10225001375313,62.373888,61.95712237276076,63.311872,18.141828721017717,93.790208,4.881687242798385,76.402688,33.494094446393504,59.670528,17.322301175767905,97.538048,7.164431743240193,48.06656,6.844824482448284,63.44704
87,2023-08-22 04:48:28,9.282006079026774,144.85504,18.631744040150576,86.26176,7.453397906577108,64.876544,32.11814842624281,88.858624,20.885938795487508,62.373888,78.36425835719332,63.16032,18.093449430676774,93.790208,4.843915645483009,76.402688,42.36853774908785,59.670528,14.480134814764867,97.538048,7.164431743240193,48.06656,6.9173973426195605,63.438848
88,2023-08-22 04:48:33,9.282006079026774,144.85504,18.631744040150576,86.26176,6.31903373594336,64.876544,32.11814842624281,88.858624,23.15638809582931,62.373888,80.15150497661578,63.16032,18.093449430676774,93.790208,4.843915645483009,76.402688,42.36853774908785,59.670528,19.8272100781322,97.558528,7.2133851498979995,48.205824,6.9173973426195605,63.438848
89,2023-08-22 04:48:38,9.379643089103784,144.85504,11.47864999999797,86.26176,6.31903373594336,64.876544,35.04798938927787,88.858624,42.00735600566815,104.357888,79.24503358838963,63.176704,17.75873844146925,93.769728,4.843915645483009,76.402688,42.36853774908785,59.670528,19.8272100781322,97.558528,6.677256298779673,48.205824,5.050892481420041,63.438848
90,2023-08-22 04:48:43,9.244311612382122,144.850944,18.629425858550142,86.274048,5.34655430280719,64.876544,34.49798766349987,88.997888,42.00735600566815,104.357888,79.72568678564328,63.176704,18.657585930307274,93.769728,3.6155390037522306,76.402688,41.943154717541375,59.318272,14.159150000000409,97.558528,6.677256298779673,48.205824,5.815031686901689,63.438848
91,2023-08-22 04:48:48,9.24431161238212,144.850944,18.629425858550142,86.274048,6.763543222166917,64.700416,34.49798766349987,88.997888,31.87261796733231,104.357888,79.72568678564328,63.176704,18.657585930307274,93.769728,4.710819420283271,76.627968,42.51486439730566,59.318272,22.928756016027947,97.529856,6.846914460475895,48.078848,6.787358499502664,63.438848
92,2023-08-22 04:48:53,9.244311612382122,144.850944,19.83102214531217,86.274048,6.763543222166917,64.700416,34.49798766349987,88.997888,25.803717366152604,104.357888,78.58538541899858,63.369216,18.77612523696997,93.724672,4.710819420283271,76.627968,42.51486439730566,59.318272,22.928756016027947,97.529856,5.650404304388993,48.078848,6.787358499502664,63.438848
93,2023-08-22 04:48:58,10.018427232530337,144.867328,19.83102214531217,86.274048,6.961816515629753,64.700416,30.43736799390044,88.997888,22.980152112159804,63.602688,80.8961718534834,63.369216,18.77612523696997,93.724672,4.710819420283271,76.627968,42.43653606847999,59.342848,22.928756016027947,97.529856,7.311442089830266,48.078848,5.6444427432808535,63.438848
94,2023-08-22 04:49:03,10.018427232530337,144.867328,19.83102214531217,86.274048,5.523012094830789,64.761856,30.906339174360966,89.325568,28.403314917127055,63.602688,80.8961718534834,63.369216,18.046831955922407,93.724672,4.345738979726789,76.894208,41.63070403199201,59.342848,22.608109191484075,97.673216,5.928239103802543,48.078848,6.394170882631552,63.44704
95,2023-08-22 04:49:08,7.248410623755734,144.859136,15.862091306455943,86.274048,7.603891113537994,64.761856,30.906339174360966,89.325568,28.403314917127055,63.602688,62.80779193153181,63.369216,18.046831955922407,93.724672,4.345738979726789,76.894208,41.63070403199201,59.342848,22.608109191484075,97.673216,7.135238134056257,48.070656,6.394170882631552,63.44704
96,2023-08-22 04:49:13,8.015495024055834,144.859136,19.831692536894554,86.298624,7.603891113537994,64.761856,25.835001747862865,89.325568,36.69816685824902,63.602688,77.60760021965949,63.442944,17.827132855746882,93.753344,4.345738979726789,76.894208,33.99060253578748,59.342848,21.63806889917434,97.673216,7.135238134056257,48.070656,6.0995965417868865,63.44704
97,2023-08-22 04:49:18,9.205012803601198,144.859136,19.831692536894554,86.298624,9.305375250515983,64.884736,29.27338235915837,89.21088,23.747047552009928,63.041536,77.60760021965949,63.442944,17.827132855746882,93.753344,4.345738979726789,76.894208,41.249064721283695,59.703296,21.230509020618697,97.693696,7.04252019197,48.070656,6.0995965417868865,63.44704
98,2023-08-22 04:49:23,9.22881196677589,144.850944,19.866758693222973,86.298624,7.947129851091731,64.884736,29.27338235915837,89.21088,3.5121031374539946,63.041536,77.60760021965947,63.442944,18.220474734235125,93.753344,2.444766666666709,76.894208,41.32342311818697,59.703296,21.230509020618697,97.693696,7.205937301497834,48.078848,4.572359227665813,63.44704
99,2023-08-22 04:49:28,9.333736274806606,144.850944,19.693541230904767,86.26176,7.947129851091731,64.884736,27.91356604750444,89.21088,2.5569489611121554,63.041536,63.04513031102697,63.442944,18.21530143388985,93.773824,3.1338904265080747,76.894208,40.79749826834668,59.359232,21.230509020618697,97.693696,7.205937301497834,48.078848,3.5399195064975535,63.44704
100,2023-08-22 04:49:33,9.333736274806606,144.850944,19.693541230904767,86.26176,7.078575893322223,64.884736,27.72851338478836,89.243648,2.5569489611121554,63.041536,75.29101501407547,63.578112,18.21530143388985,93.773824,4.922234595397141,77.33248,40.79749826834668,59.359232,19.169066541540246,97.693696,7.178568639191765,48.078848,6.597910254650913,63.438848
101,2023-08-22 04:49:38,7.627062596958218,144.850944,19.693541230904763,86.26176,7.078575893322223,65.130496,27.72851338478836,89.243648,0.042150255834258646,63.041536,75.29994124559373,63.578112,17.796701630994868,93.773824,4.922234595397141,77.33248,40.79749826834668,59.359232,15.446673432504895,97.693696,7.178568639191765,48.078848,6.597910254650913,63.438848
102,2023-08-22 04:49:43,9.383218830949067,145.48992,19.945209010867565,86.298624,5.68987727931729,65.130496,31.0477299975115,89.423872,0.042150255834258646,63.041536,75.29994124559373,63.578112,18.002428299533623,93.761536,5.139338188784347,76.201984,41.60846680047466,59.281408,13.849251220709876,97.693696,7.322968801771585,48.074752,7.646434654513576,63.44704
103,2023-08-22 04:49:48,9.383218830949067,145.48992,19.945209010867565,86.298624,8.479397127155222,65.130496,31.0477299975115,89.423872,0.02560943246009133,61.898752,76.04640188063593,63.516672,18.002428299533623,93.761536,5.489906347554709,76.201984,41.60846680047466,59.281408,20.012181722640175,97.673216,7.5545369064401475,48.074752,7.646434654513576,63.44704
104,2023-08-22 04:49:53,9.383218830949067,145.48992,19.941212911638758,86.298624,8.479397127155222,65.077248,31.0477299975115,89.423872,0.02560943246009133,61.898752,74.13535389643542,63.516672,15.540734782332354,93.761536,5.489906347554709,76.201984,41.60846680047466,59.281408,20.012181722640175,97.673216,7.554536906440146,48.074752,7.091438055985465,63.3856
105,2023-08-22 04:49:58,9.713950866364737,145.48992,17.64609571788288,86.274048,8.479397127155222,65.077248,31.0477299975115,89.423872,0.0,61.898752,74.13535389643542,63.516672,16.783350662266407,93.728768,5.489906347554709,76.201984,42.29972638797856,59.281408,18.11716085017106,97.6896,7.554536906440146,48.074752,7.091438055985465,63.3856
106,2023-08-22 04:50:03,9.250009575241508,144.85504,17.64609571788288,86.274048,8.479397127155222,65.077248,29.934151242727843,89.387008,0.0,61.898752,74.13535389643542,63.516672,16.783350662266407,93.728768,3.4226765944045767,76.337152,38.9576411785734,59.396096,17.102581448207413,97.6896,7.316357812068782,48.074752,4.043569597563307,63.3856
107,2023-08-22 04:50:08,9.233771405813751,144.85504,17.64609571788288,86.274048,9.303436169956962,65.077248,29.934151242727843,89.387008,0.0,61.898752,73.72898799313887,63.22176,16.783350662266407,93.728768,3.8375288848412956,76.337152,38.9576411785734,59.396096,17.102581448207413,97.6896,7.227305605786295,48.074752,4.82992201705339,63.3856
108,2023-08-22 04:50:13,9.233771405813751,144.85504,17.97916620245461,86.224896,9.303436169956962,65.077248,29.934151242727843,89.387008,0.0,61.898752,75.23405316050476,63.22176,16.940612240489802,93.761536,4.978227485240618,76.337152,38.9576411785734,59.396096,17.999981059171446,97.665024,7.227305605786295,48.074752,5.407219632969378,63.3856
109,2023-08-22 04:50:18,8.972234898961506,144.637952,17.97916620245461,86.224896,9.303436169956962,65.220608,29.298386918814085,90.181632,0.6227820641386571,62.021632,75.23405316050476,63.22176,16.940612240489802,93.761536,5.6420641587395775,76.566528,38.76558956081213,59.396096,11.326343298693331,97.665024,7.162826192160633,48.070656,5.984517248885366,63.3856
110,2023-08-22 04:50:23,8.401234914399085,144.637952,17.97916620245461,86.224896,4.297861026083219,65.220608,29.298386918814092,90.181632,0.6227820641386571,62.021632,71.96855646421015,63.42656,16.940612240489802,93.761536,5.6420641587395775,76.566528,36.898112065375884,59.592704,12.689648943697344,97.665024,6.916278668736826,48.070656,5.632712081746164,63.3856
111,2023-08-22 04:50:28,8.401234914399083,144.637952,16.2587013220611,86.167552,5.526137098512626,65.220608,29.298386918814092,90.181632,1.0806079329571818,62.021632,71.96855646421015,63.42656,16.33586580860588,93.761536,5.299977241294796,76.713984,33.67716493613175,59.592704,13.932083737161127,97.6896,6.916278668736826,48.070656,6.84451444794469,63.40608
112,2023-08-22 04:50:33,8.385247085526503,144.637952,16.2587013220611,86.167552,5.526137098512626,65.220608,30.460482973759852,90.238976,1.0806079329571818,62.021632,68.87864704363541,63.42656,17.0385032328005,93.794304,5.135280228102872,76.713984,33.67716493613175,59.592704,16.265031408912865,97.6896,6.803594275928498,48.070656,6.404261615862755,63.40608
113,2023-08-22 04:50:38,8.385247085526503,144.637952,16.2587013220611,86.167552,5.526137098512626,65.134592,30.460482973759852,90.238976,1.0806079329571818,62.021632,68.87864704363541,63.42656,17.0385032328005,93.794304,5.1352802281028715,76.713984,33.67716493613175,59.592704,16.265031408912865,97.6896,6.803594275928498,48.070656,6.652579195602972,63.213568
114,2023-08-22 04:50:43,8.372775533372437,144.637952,17.474778283516248,86.192128,5.526137098512626,65.134592,23.24138411100575,90.238976,1.0806079329571818,62.021632,71.55156368759648,63.520768,18.20217578856456,93.75744,4.679015640105424,76.976128,35.89280516524952,59.502592,12.766423152855706,97.6896,5.584562108917569,48.070656,7.102383296320946,63.213568
115,2023-08-22 04:50:48,8.625301765188665,144.637952,17.474778283516248,86.192128,,65.134592,22.90367948213285,90.238976,0.0,61.44,70.85976264481539,63.520768,18.20217578856456,93.75744,5.461460944796621,76.976128,35.89280516524952,59.502592,17.930494417259894,97.6896,6.613757498984901,48.070656,7.102383296320946,63.213568
116,2023-08-22 04:50:53,8.625301765188665,144.637952,17.474778283516248,86.192128,,65.134592,28.169127058621083,90.185728,0.0,61.44,71.24791919542214,63.270912,18.202175788564556,93.75744,5.461460944796621,76.976128,35.3310506788762,59.367424,17.930494417259894,97.6896,6.613757498984901,48.070656,6.997640813919151,63.213568
117,2023-08-22 04:50:58,8.587538888422348,144.637952,12.928198745104982,86.192128,,65.134592,28.169127058621083,90.185728,0.0,61.44,71.24791919542213,63.270912,17.647977506852204,93.913088,4.354968957380826,76.976128,35.3310506788762,59.367424,17.006686258119785,97.6896,6.613757498984902,48.070656,5.391886344981779,63.213568
118,2023-08-22 04:51:03,8.664667406550324,144.637952,15.848160340016106,86.216704,,65.134592,29.600254872096578,90.185728,0.0,60.698624,71.24791919542213,63.270912,17.647977506852204,93.913088,4.405672409255628,76.3904,36.39409301300814,59.367424,17.006686258119785,97.6896,6.242589138781455,48.074752,6.405757620379861,63.205376
119,2023-08-22 04:51:08,8.664667406550324,144.637952,15.848160340016106,86.216704,,65.134592,23.981756494186747,90.185728,0.0,60.698624,75.02581120943942,63.270912,17.647977506852204,93.913088,4.405672409255628,76.3904,36.39409301300814,59.367424,17.006686258119785,97.6896,6.242589138781455,48.074752,6.278836050114454,63.205376
120,2023-08-22 04:51:13,8.664667406550324,144.637952,16.18249797898299,86.216704,,65.134592,21.515068588178703,90.185728,0.0,60.698624,58.60891328662724,63.270912,10.376375000001303,93.913088,4.405672409255628,76.3904,28.38360149879083,59.367424,17.503353495453574,97.6896,6.2425891387814545,48.074752,6.278836050114454,63.205376
