,timestamp,paymentservice.csv
0,2023-08-22 09:38:35,0
1,2023-08-22 09:38:40,0
2,2023-08-22 09:38:45,0
3,2023-08-22 09:38:50,0
4,2023-08-22 09:38:55,0
5,2023-08-22 09:39:00,0
6,2023-08-22 09:39:05,0
7,2023-08-22 09:39:10,0
8,2023-08-22 09:39:15,0
9,2023-08-22 09:39:20,0
10,2023-08-22 09:39:25,0
11,2023-08-22 09:39:30,0
12,2023-08-22 09:39:35,0
13,2023-08-22 09:39:40,0
14,2023-08-22 09:39:45,0
15,2023-08-22 09:39:50,0
16,2023-08-22 09:39:55,0
17,2023-08-22 09:40:00,0
18,2023-08-22 09:40:05,0
19,2023-08-22 09:40:10,0
20,2023-08-22 09:40:15,0
21,2023-08-22 09:40:20,0
22,2023-08-22 09:40:25,0
23,2023-08-22 09:40:30,0
24,2023-08-22 09:40:35,0
25,2023-08-22 09:40:40,0
26,2023-08-22 09:40:45,0
27,2023-08-22 09:40:50,0
28,2023-08-22 09:40:55,0
29,2023-08-22 09:41:00,0
30,2023-08-22 09:41:05,0
31,2023-08-22 09:41:10,0
32,2023-08-22 09:41:15,0
33,2023-08-22 09:41:20,0
34,2023-08-22 09:41:25,0
35,2023-08-22 09:41:30,0
36,2023-08-22 09:41:35,0
37,2023-08-22 09:41:40,0
38,2023-08-22 09:41:45,0
39,2023-08-22 09:41:50,0
40,2023-08-22 09:41:55,0
41,2023-08-22 09:42:00,0
42,2023-08-22 09:42:05,0
43,2023-08-22 09:42:10,0
44,2023-08-22 09:42:15,0
45,2023-08-22 09:42:20,0
46,2023-08-22 09:42:25,0
47,2023-08-22 09:42:30,0
48,2023-08-22 09:42:35,0
49,2023-08-22 09:42:40,0
50,2023-08-22 09:42:45,0
51,2023-08-22 09:42:50,0
52,2023-08-22 09:42:55,0
53,2023-08-22 09:43:00,0
54,2023-08-22 09:43:05,0
55,2023-08-22 09:43:10,0
56,2023-08-22 09:43:15,0
57,2023-08-22 09:43:20,0
58,2023-08-22 09:43:25,0
59,2023-08-22 09:43:30,0
60,2023-08-22 09:43:35,0
61,2023-08-22 09:43:40,0
62,2023-08-22 09:43:45,0
63,2023-08-22 09:43:50,0
64,2023-08-22 09:43:55,0
65,2023-08-22 09:44:00,0
66,2023-08-22 09:44:05,0
67,2023-08-22 09:44:10,0
68,2023-08-22 09:44:15,0
69,2023-08-22 09:44:20,0
70,2023-08-22 09:44:25,0
71,2023-08-22 09:44:30,0
72,2023-08-22 09:44:35,0
73,2023-08-22 09:44:40,0
74,2023-08-22 09:44:45,0
75,2023-08-22 09:44:50,0
76,2023-08-22 09:44:55,0
77,2023-08-22 09:45:00,0
78,2023-08-22 09:45:05,0
79,2023-08-22 09:45:10,0
80,2023-08-22 09:45:15,0
81,2023-08-22 09:45:20,0
82,2023-08-22 09:45:25,0
83,2023-08-22 09:45:30,0
84,2023-08-22 09:45:35,0
85,2023-08-22 09:45:40,0
86,2023-08-22 09:45:45,0
87,2023-08-22 09:45:50,0
88,2023-08-22 09:45:55,0
89,2023-08-22 09:46:00,0
90,2023-08-22 09:46:05,0
91,2023-08-22 09:46:10,0
92,2023-08-22 09:46:15,0
93,2023-08-22 09:46:20,0
94,2023-08-22 09:46:25,0
95,2023-08-22 09:46:30,0
96,2023-08-22 09:46:35,0
97,2023-08-22 09:46:40,0
98,2023-08-22 09:46:45,0
99,2023-08-22 09:46:50,0
100,2023-08-22 09:46:55,0
101,2023-08-22 09:47:00,0
102,2023-08-22 09:47:05,0
103,2023-08-22 09:47:10,0
104,2023-08-22 09:47:15,0
105,2023-08-22 09:47:20,0
106,2023-08-22 09:47:25,0
107,2023-08-22 09:47:30,0
108,2023-08-22 09:47:35,0
109,2023-08-22 09:47:40,0
110,2023-08-22 09:47:45,0
111,2023-08-22 09:47:50,0
112,2023-08-22 09:47:55,0
113,2023-08-22 09:48:00,0
114,2023-08-22 09:48:05,0
115,2023-08-22 09:48:10,0
116,2023-08-22 09:48:15,0
117,2023-08-22 09:48:20,0
118,2023-08-22 09:48:25,0
119,2023-08-22 09:48:30,0
120,2023-08-22 09:48:35,0
