"@timestamp","process.args","kubernetes.labels.app","kubernetes.pod.name"
"2023-08-23 06:13:28","/usr/bin/containerd-shim-runc-v2, -namespace, moby, -id, 705c4907521c82b8b28e800928c6a624cd42bdf39642969b97476ec3b0bd17fa, -address, /var/run/desktop-containerd/containerd.sock",shippingservice,"shippingservice-7ccdfd8767-zlxq5"
"2023-08-23 06:13:22","/usr/bin/containerd-shim-runc-v2, -namespace, moby, -id, c33ca3d637f5df7ad52b2e4367afc0b46465758f11af08b6abb0739b0afba45e, -address, /var/run/desktop-containerd/containerd.sock",recommendationservice,"recommendationservice-cc746f6c7-9r7zm"
"2023-08-23 06:13:22","runc, --root, /var/run/docker/runtime-runc/moby, --log, /var/run/desktop-containerd/daemon/io.containerd.runtime.v2.task/moby/9ed062de778b5fd9cea3cdda078ee73005edc3092c6885385b48445e4e71e962/log.json, --log-format, json, create, --bundle, /var/run/desktop-containerd/daemon/io.containerd.runtime.v2.task/moby/9ed062de778b5fd9cea3cdda078ee73005edc3092c6885385b48445e4e71e962, --pid-file, /var/run/desktop-containerd/daemon/io.containerd.runtime.v2.task/moby/9ed062de778b5fd9cea3cdda078ee73005edc3092c6885385b48445e4e71e962/init.pid, 9ed062de778b5fd9cea3cdda078ee73005edc3092c6885385b48445e4e71e962",recommendationservice,"recommendationservice-cc746f6c7-9r7zm"
"2023-08-23 06:13:22","runc, --root, /var/run/docker/runtime-runc/moby, --log, /var/run/desktop-containerd/daemon/io.containerd.runtime.v2.task/moby/1618fc3327b57402f92bf34c819f97a01bbfd6cb17f051bba8a7a0cf8f0060b6/log.json, --log-format, json, create, --bundle, /var/run/desktop-containerd/daemon/io.containerd.runtime.v2.task/moby/1618fc3327b57402f92bf34c819f97a01bbfd6cb17f051bba8a7a0cf8f0060b6, --pid-file, /var/run/desktop-containerd/daemon/io.containerd.runtime.v2.task/moby/1618fc3327b57402f92bf34c819f97a01bbfd6cb17f051bba8a7a0cf8f0060b6/init.pid, 1618fc3327b57402f92bf34c819f97a01bbfd6cb17f051bba8a7a0cf8f0060b6",recommendationservice,"recommendationservice-cc746f6c7-9r7zm"
"2023-08-23 06:13:21","runc, --root, /var/run/docker/runtime-runc/moby, --log, /var/run/desktop-containerd/daemon/io.containerd.runtime.v2.task/moby/9ed062de778b5fd9cea3cdda078ee73005edc3092c6885385b48445e4e71e962/log.json, --log-format, json, create, --bundle, /var/run/desktop-containerd/daemon/io.containerd.runtime.v2.task/moby/9ed062de778b5fd9cea3cdda078ee73005edc3092c6885385b48445e4e71e962, --pid-file, /var/run/desktop-containerd/daemon/io.containerd.runtime.v2.task/moby/9ed062de778b5fd9cea3cdda078ee73005edc3092c6885385b48445e4e71e962/init.pid, 9ed062de778b5fd9cea3cdda078ee73005edc3092c6885385b48445e4e71e962",productcatalogservice,"productcatalogservice-6b5dd45849-52szd"
"2023-08-23 06:13:21","runc, init",productcatalogservice,"productcatalogservice-6b5dd45849-52szd"
"2023-08-23 06:13:21","runc, init",productcatalogservice,"productcatalogservice-6b5dd45849-52szd"
"2023-08-23 06:13:21","/usr/bin/containerd-shim-runc-v2, -namespace, moby, -id, 9ed062de778b5fd9cea3cdda078ee73005edc3092c6885385b48445e4e71e962, -address, /var/run/desktop-containerd/containerd.sock",productcatalogservice,"productcatalogservice-6b5dd45849-52szd"
"2023-08-23 06:13:21","/usr/bin/containerd-shim-runc-v2, -namespace, moby, -id, 1618fc3327b57402f92bf34c819f97a01bbfd6cb17f051bba8a7a0cf8f0060b6, -address, /var/run/desktop-containerd/containerd.sock",productcatalogservice,"productcatalogservice-6b5dd45849-52szd"
"2023-08-23 06:13:21","runc, --root, /var/run/docker/runtime-runc/moby, --log, /var/run/desktop-containerd/daemon/io.containerd.runtime.v2.task/moby/1618fc3327b57402f92bf34c819f97a01bbfd6cb17f051bba8a7a0cf8f0060b6/log.json, --log-format, json, create, --bundle, /var/run/desktop-containerd/daemon/io.containerd.runtime.v2.task/moby/1618fc3327b57402f92bf34c819f97a01bbfd6cb17f051bba8a7a0cf8f0060b6, --pid-file, /var/run/desktop-containerd/daemon/io.containerd.runtime.v2.task/moby/1618fc3327b57402f92bf34c819f97a01bbfd6cb17f051bba8a7a0cf8f0060b6/init.pid, 1618fc3327b57402f92bf34c819f97a01bbfd6cb17f051bba8a7a0cf8f0060b6",productcatalogservice,"productcatalogservice-6b5dd45849-52szd"
"2023-08-23 06:13:21","/usr/bin/containerd-shim-runc-v2, -namespace, moby, -id, 076ef10cc01e3b2e17273a8ce1f9522651c79dcbba7bcfe4a28691ab16fa4ce4, -address, /var/run/desktop-containerd/containerd.sock",productcatalogservice,"productcatalogservice-6b5dd45849-52szd"
"2023-08-23 06:13:04","/usr/bin/containerd-shim-runc-v2, -namespace, moby, -id, 9d6a3444f0fd2367a06f79565be2e3d1fae5c7f82480ac28dfd64d7d8face0e5, -address, /var/run/desktop-containerd/containerd.sock",adservice,"adservice-76b448fddf-qfsdp"
"2023-08-23 06:12:31","runc, init",recommendationservice,"recommendationservice-cc746f6c7-9r7zm"
"2023-08-23 06:12:31","/usr/bin/containerd-shim-runc-v2, -namespace, moby, -id, c6190d8ee14a255c1c5c630465bc7f39254acfae2d206365ed8fd6f418e6631f, -address, /var/run/desktop-containerd/containerd.sock",recommendationservice,"recommendationservice-cc746f6c7-9r7zm"
"2023-08-23 06:12:31","/usr/bin/containerd-shim-runc-v2, -namespace, moby, -id, f307f5f04c1736c7bcf4e7879cb02b86bbf8c0a8e8825386eb75306cb8d58f71, -address, /var/run/desktop-containerd/containerd.sock",recommendationservice,"recommendationservice-cc746f6c7-9r7zm"
"2023-08-23 06:12:31","/usr/bin/containerd-shim-runc-v2, -namespace, moby, -id, 0070c7a2e27f3da9c8cfbc925caaa59108c62d3174982a6005a726ad78260de3, -address, /var/run/desktop-containerd/containerd.sock",recommendationservice,"recommendationservice-cc746f6c7-9r7zm"
"2023-08-23 06:12:23","/usr/bin/containerd-shim-runc-v2, -namespace, moby, -id, c6190d8ee14a255c1c5c630465bc7f39254acfae2d206365ed8fd6f418e6631f, -address, /var/run/desktop-containerd/containerd.sock",checkoutservice,"checkoutservice-6d6f4d7cc7-jkzgt"
"2023-08-23 06:12:23","/usr/bin/containerd-shim-runc-v2, -namespace, moby, -id, f307f5f04c1736c7bcf4e7879cb02b86bbf8c0a8e8825386eb75306cb8d58f71, -address, /var/run/desktop-containerd/containerd.sock",checkoutservice,"checkoutservice-6d6f4d7cc7-jkzgt"
"2023-08-23 06:12:23","/usr/bin/containerd-shim-runc-v2, -namespace, moby, -id, dd4116e0cc043d206eba0837548ae942234bae670cab093faa6ea5bb68db8df4, -address, /var/run/desktop-containerd/containerd.sock",checkoutservice,"checkoutservice-6d6f4d7cc7-jkzgt"
"2023-08-23 06:12:23","runc, init",checkoutservice,"checkoutservice-6d6f4d7cc7-jkzgt"
"2023-08-23 06:12:23","runc, init",checkoutservice,"checkoutservice-6d6f4d7cc7-jkzgt"
"2023-08-23 06:12:22","/usr/bin/containerd-shim-runc-v2, -namespace, moby, -id, c8144f15dc1d0d7aff6a01ff9a8944118ca10a50bd5595215cae5a32aa99d33c, -address, /var/run/desktop-containerd/containerd.sock",cartservice,"cartservice-6969c94d94-l66mx"
"2023-08-23 06:12:22","runc, init",cartservice,"cartservice-6969c94d94-l66mx"
"2023-08-23 06:12:22","/usr/bin/containerd-shim-runc-v2, -namespace, moby, -id, af24717c1d9047e49a28c5c6590830312479db89dba9b66a12fd6604cf060c1a, -address, /var/run/desktop-containerd/containerd.sock",cartservice,"cartservice-6969c94d94-l66mx"
"2023-08-23 06:12:21","runc, --root, /var/run/docker/runtime-runc/moby, --log, /var/run/desktop-containerd/daemon/io.containerd.runtime.v2.task/moby/d389461a18ceb025653b25216c32e0ff2f85c812b36edf4fd80a67ba493270b5/log.json, --log-format, json, create, --bundle, /var/run/desktop-containerd/daemon/io.containerd.runtime.v2.task/moby/d389461a18ceb025653b25216c32e0ff2f85c812b36edf4fd80a67ba493270b5, --pid-file, /var/run/desktop-containerd/daemon/io.containerd.runtime.v2.task/moby/d389461a18ceb025653b25216c32e0ff2f85c812b36edf4fd80a67ba493270b5/init.pid, d389461a18ceb025653b25216c32e0ff2f85c812b36edf4fd80a67ba493270b5",shippingservice,"shippingservice-7ccdfd8767-zlxq5"
"2023-08-23 06:11:32","/usr/bin/containerd-shim-runc-v2, -namespace, moby, -id, 03b4449f7ab8cb1d5c471e4b62edfc59b07f956b82430db096bb50d30f68bd8d, -address, /var/run/desktop-containerd/containerd.sock",emailservice,"emailservice-9f8578d69-r6rx8"
"2023-08-23 06:11:32","/usr/bin/containerd-shim-runc-v2, -namespace, moby, -id, d372ef8e9a2231dfee7e023391eedbb41989b11f9054bb39227c6a163e412352, -address, /var/run/desktop-containerd/containerd.sock",emailservice,"emailservice-9f8578d69-r6rx8"
"2023-08-23 06:11:32","runc, init",emailservice,"emailservice-9f8578d69-r6rx8"
"2023-08-23 06:11:25","/usr/bin/containerd-shim-runc-v2, -namespace, moby, -id, 03b4449f7ab8cb1d5c471e4b62edfc59b07f956b82430db096bb50d30f68bd8d, -address, /var/run/desktop-containerd/containerd.sock",currencyservice,"currencyservice-ccbc788bc-7lbhx"
"2023-08-23 06:11:24","/usr/bin/containerd-shim-runc-v2, -namespace, moby, -id, fe47c4ab2230e26facb0f2e1185b25d02ba4a729678d2b566eb81a99942c3888, -address, /var/run/desktop-containerd/containerd.sock",adservice,"adservice-76b448fddf-qfsdp"
"2023-08-23 06:11:23","runc, init",adservice,"adservice-76b448fddf-qfsdp"
"2023-08-23 06:11:23","/usr/bin/containerd-shim-runc-v2, -namespace, moby, -id, daed92049fbabbfa316103636aa6c18689b4f678bb66d2a0302527ba0f265a33, -address, /var/run/desktop-containerd/containerd.sock",adservice,"adservice-76b448fddf-qfsdp"
"2023-08-23 06:11:23","/usr/bin/containerd-shim-runc-v2, -namespace, moby, -id, f722223a4c15c116455a49635c8fe7662dfa7c13018b153e6304a5684c7b7c29, -address, /var/run/desktop-containerd/containerd.sock",adservice,"adservice-76b448fddf-qfsdp"
"2023-08-23 06:11:23","runc, init",adservice,"adservice-76b448fddf-qfsdp"
"2023-08-23 06:11:23","runc, init",adservice,"adservice-76b448fddf-qfsdp"
"2023-08-23 06:11:23","/usr/bin/containerd-shim-runc-v2, -namespace, moby, -id, 6e1ed0ff4f927fa87beb2b1f1557aec4c051ad6e5acf1dc6962d7f5f4700bbb3, -address, /var/run/desktop-containerd/containerd.sock",adservice,"adservice-76b448fddf-qfsdp"
"2023-08-23 06:11:23","/usr/bin/containerd-shim-runc-v2, -namespace, moby, -id, d8206386030fe4190cfd71ea0c8113ff0539b6bd0e26be0a10effedb57709345, -address, /var/run/desktop-containerd/containerd.sock",adservice,"adservice-76b448fddf-qfsdp"
"2023-08-23 06:11:19","/usr/bin/containerd-shim-runc-v2, -namespace, moby, -id, d8206386030fe4190cfd71ea0c8113ff0539b6bd0e26be0a10effedb57709345, -address, /var/run/desktop-containerd/containerd.sock",productcatalogservice,"productcatalogservice-6b5dd45849-52szd"
"2023-08-23 06:11:19","runc, init",productcatalogservice,"productcatalogservice-6b5dd45849-52szd"
"2023-08-23 06:11:19","runc, init",productcatalogservice,"productcatalogservice-6b5dd45849-52szd"
"2023-08-23 06:11:19","runc, --root, /var/run/docker/runtime-runc/moby, --log, /var/run/desktop-containerd/daemon/io.containerd.runtime.v2.task/moby/d8206386030fe4190cfd71ea0c8113ff0539b6bd0e26be0a10effedb57709345/log.json, --log-format, json, create, --bundle, /var/run/desktop-containerd/daemon/io.containerd.runtime.v2.task/moby/d8206386030fe4190cfd71ea0c8113ff0539b6bd0e26be0a10effedb57709345, --pid-file, /var/run/desktop-containerd/daemon/io.containerd.runtime.v2.task/moby/d8206386030fe4190cfd71ea0c8113ff0539b6bd0e26be0a10effedb57709345/init.pid, d8206386030fe4190cfd71ea0c8113ff0539b6bd0e26be0a10effedb57709345",productcatalogservice,"productcatalogservice-6b5dd45849-52szd"
"2023-08-23 06:11:18","runc, --root, /var/run/docker/runtime-runc/moby, --log, /var/run/desktop-containerd/daemon/io.containerd.runtime.v2.task/moby/daed92049fbabbfa316103636aa6c18689b4f678bb66d2a0302527ba0f265a33/log.json, --log-format, json, create, --bundle, /var/run/desktop-containerd/daemon/io.containerd.runtime.v2.task/moby/daed92049fbabbfa316103636aa6c18689b4f678bb66d2a0302527ba0f265a33, --pid-file, /var/run/desktop-containerd/daemon/io.containerd.runtime.v2.task/moby/daed92049fbabbfa316103636aa6c18689b4f678bb66d2a0302527ba0f265a33/init.pid, daed92049fbabbfa316103636aa6c18689b4f678bb66d2a0302527ba0f265a33",productcatalogservice,"productcatalogservice-6b5dd45849-52szd"
"2023-08-23 06:11:18","runc, --root, /var/run/docker/runtime-runc/moby, --log, /var/run/desktop-containerd/daemon/io.containerd.runtime.v2.task/moby/f722223a4c15c116455a49635c8fe7662dfa7c13018b153e6304a5684c7b7c29/log.json, --log-format, json, create, --bundle, /var/run/desktop-containerd/daemon/io.containerd.runtime.v2.task/moby/f722223a4c15c116455a49635c8fe7662dfa7c13018b153e6304a5684c7b7c29, --pid-file, /var/run/desktop-containerd/daemon/io.containerd.runtime.v2.task/moby/f722223a4c15c116455a49635c8fe7662dfa7c13018b153e6304a5684c7b7c29/init.pid, f722223a4c15c116455a49635c8fe7662dfa7c13018b153e6304a5684c7b7c29",productcatalogservice,"productcatalogservice-6b5dd45849-52szd"
"2023-08-23 06:11:18","/usr/bin/containerd-shim-runc-v2, -namespace, moby, -id, daed92049fbabbfa316103636aa6c18689b4f678bb66d2a0302527ba0f265a33, -address, /var/run/desktop-containerd/containerd.sock",productcatalogservice,"productcatalogservice-6b5dd45849-52szd"
"2023-08-23 06:11:18","runc, init",productcatalogservice,"productcatalogservice-6b5dd45849-52szd"
"2023-08-23 06:11:18","/usr/bin/containerd-shim-runc-v2, -namespace, moby, -id, f722223a4c15c116455a49635c8fe7662dfa7c13018b153e6304a5684c7b7c29, -address, /var/run/desktop-containerd/containerd.sock",productcatalogservice,"productcatalogservice-6b5dd45849-52szd"
"2023-08-23 06:11:18","runc, --root, /var/run/docker/runtime-runc/moby, --log, /var/run/desktop-containerd/daemon/io.containerd.runtime.v2.task/moby/d372ef8e9a2231dfee7e023391eedbb41989b11f9054bb39227c6a163e412352/log.json, --log-format, json, create, --bundle, /var/run/desktop-containerd/daemon/io.containerd.runtime.v2.task/moby/d372ef8e9a2231dfee7e023391eedbb41989b11f9054bb39227c6a163e412352, --pid-file, /var/run/desktop-containerd/daemon/io.containerd.runtime.v2.task/moby/d372ef8e9a2231dfee7e023391eedbb41989b11f9054bb39227c6a163e412352/init.pid, d372ef8e9a2231dfee7e023391eedbb41989b11f9054bb39227c6a163e412352",productcatalogservice,"productcatalogservice-6b5dd45849-52szd"
"2023-08-23 06:10:23","/usr/bin/containerd-shim-runc-v2, -namespace, moby, -id, dc7083bc559c4d7d34fbd820043d4c2b3dddd8605bd85a3c1beb3dbd8c6911cc, -address, /var/run/desktop-containerd/containerd.sock",adservice,"adservice-76b448fddf-qfsdp"
"2023-08-23 06:10:23","runc, init",adservice,"adservice-76b448fddf-qfsdp"
"2023-08-23 06:10:23","/usr/bin/containerd-shim-runc-v2, -namespace, moby, -id, 320c8ff763d03a673c43492058eee7a7a7e2dafc5467bdb80dae420801e8376a, -address, /var/run/desktop-containerd/containerd.sock",adservice,"adservice-76b448fddf-qfsdp"
"2023-08-23 06:10:22","/usr/bin/containerd-shim-runc-v2, -namespace, moby, -id, 6b880c6339428b481309b8ab05b2cda559526b975e1579b2d9fb46ef10da06bc, -address, /var/run/desktop-containerd/containerd.sock",frontend,"frontend-846c85c54c-8xqp2"
"2023-08-23 06:10:22","/usr/bin/containerd-shim-runc-v2, -namespace, moby, -id, 595dccbe580c67878327a86428ec602e1b5f1f6aaaa8cdd91884f030ff332b24, -address, /var/run/desktop-containerd/containerd.sock",frontend,"frontend-846c85c54c-8xqp2"
"2023-08-23 06:10:21","/usr/bin/containerd-shim-runc-v2, -namespace, moby, -id, 11fd61399fa14d76c9e3cc09fb94a6289b9c25302569e9074b251c4ebfb87b92, -address, /var/run/desktop-containerd/containerd.sock",frontend,"frontend-846c85c54c-8xqp2"
"2023-08-23 06:10:21","/usr/bin/containerd-shim-runc-v2, -namespace, moby, -id, 7136a7121955315b34b1ce5ba31f038f322a0f404ca932b4ee854d4cf8821c05, -address, /var/run/desktop-containerd/containerd.sock",frontend,"frontend-846c85c54c-8xqp2"
"2023-08-23 06:10:17","/usr/bin/containerd-shim-runc-v2, -namespace, moby, -id, 6ae42d09a7794580e1cde7241efa6f15d08426c5d545dd32448b16d653c9fc31, -address, /var/run/desktop-containerd/containerd.sock",checkoutservice,"checkoutservice-6d6f4d7cc7-jkzgt"
"2023-08-23 06:10:17","/usr/bin/containerd-shim-runc-v2, -namespace, moby, -id, ef1fa05823e7f6278bdd05651752f15aa2a24604b535c0568292bac46c6f124b, -address, /var/run/desktop-containerd/containerd.sock",checkoutservice,"checkoutservice-6d6f4d7cc7-jkzgt"
"2023-08-23 06:10:16","runc, init",shippingservice,"shippingservice-7ccdfd8767-zlxq5"
"2023-08-23 06:10:16","/usr/bin/containerd-shim-runc-v2, -namespace, moby, -id, d0a647d07b64613eb3684a281378e5c8c4499834f865c641ef63396e280c86f8, -address, /var/run/desktop-containerd/containerd.sock",shippingservice,"shippingservice-7ccdfd8767-zlxq5"
"2023-08-23 06:10:16","/usr/bin/containerd-shim-runc-v2, -namespace, moby, -id, 1f4d86b40e9ae6d975ff0935ce44b19f223e09fcc4085c919bb05509d1d15a65, -address, /var/run/desktop-containerd/containerd.sock",shippingservice,"shippingservice-7ccdfd8767-zlxq5"
"2023-08-23 06:10:16","/usr/bin/containerd-shim-runc-v2, -namespace, moby, -id, c2676e1ab49d3d6615690ffc62dd3aacfcf72440f7f115a7e285f6e415bcebf8, -address, /var/run/desktop-containerd/containerd.sock",shippingservice,"shippingservice-7ccdfd8767-zlxq5"
"2023-08-23 06:10:16","/usr/bin/containerd-shim-runc-v2, -namespace, moby, -id, c0b3edb80fec31ca5306e105cabd2c49f0d79224418b8d3b9df9fdfdf6af2f8c, -address, /var/run/desktop-containerd/containerd.sock",shippingservice,"shippingservice-7ccdfd8767-zlxq5"
"2023-08-23 06:10:15","/usr/bin/containerd-shim-runc-v2, -namespace, moby, -id, 7136a7121955315b34b1ce5ba31f038f322a0f404ca932b4ee854d4cf8821c05, -address, /var/run/desktop-containerd/containerd.sock",shippingservice,"shippingservice-7ccdfd8767-zlxq5"
"2023-08-23 06:10:15","/usr/bin/containerd-shim-runc-v2, -namespace, moby, -id, 320c8ff763d03a673c43492058eee7a7a7e2dafc5467bdb80dae420801e8376a, -address, /var/run/desktop-containerd/containerd.sock",shippingservice,"shippingservice-7ccdfd8767-zlxq5"
"2023-08-23 06:10:15","/usr/bin/containerd-shim-runc-v2, -namespace, moby, -id, 595dccbe580c67878327a86428ec602e1b5f1f6aaaa8cdd91884f030ff332b24, -address, /var/run/desktop-containerd/containerd.sock",shippingservice,"shippingservice-7ccdfd8767-zlxq5"
"2023-08-23 06:10:15","/usr/bin/containerd-shim-runc-v2, -namespace, moby, -id, d0a647d07b64613eb3684a281378e5c8c4499834f865c641ef63396e280c86f8, -address, /var/run/desktop-containerd/containerd.sock",shippingservice,"shippingservice-7ccdfd8767-zlxq5"
"2023-08-23 06:10:14","/usr/bin/containerd-shim-runc-v2, -namespace, moby, -id, ef1fa05823e7f6278bdd05651752f15aa2a24604b535c0568292bac46c6f124b, -address, /var/run/desktop-containerd/containerd.sock",shippingservice,"shippingservice-7ccdfd8767-zlxq5"
"2023-08-23 06:10:14","/usr/bin/containerd-shim-runc-v2, -namespace, moby, -id, 6ae42d09a7794580e1cde7241efa6f15d08426c5d545dd32448b16d653c9fc31, -address, /var/run/desktop-containerd/containerd.sock",shippingservice,"shippingservice-7ccdfd8767-zlxq5"
"2023-08-23 06:10:14","/usr/bin/containerd-shim-runc-v2, -namespace, moby, -id, c2676e1ab49d3d6615690ffc62dd3aacfcf72440f7f115a7e285f6e415bcebf8, -address, /var/run/desktop-containerd/containerd.sock",shippingservice,"shippingservice-7ccdfd8767-zlxq5"
"2023-08-23 06:10:14","/usr/bin/containerd-shim-runc-v2, -namespace, moby, -id, 1f4d86b40e9ae6d975ff0935ce44b19f223e09fcc4085c919bb05509d1d15a65, -address, /var/run/desktop-containerd/containerd.sock",shippingservice,"shippingservice-7ccdfd8767-zlxq5"
"2023-08-23 06:10:02","runc, --version",frontend,"frontend-846c85c54c-9rg78"
"2023-08-23 06:10:02","runc, --version",frontend,"frontend-846c85c54c-9rg78"
"2023-08-23 06:09:16","/usr/bin/containerd-shim-runc-v2, -namespace, moby, -id, 0a37549199b0510215d870de6ee970501db33d48a325a8ed026aef4462a3af5b, -address, /var/run/desktop-containerd/containerd.sock","redis-cart","redis-cart-6997b66668-xkfsv"
"2023-08-23 06:09:16","/usr/bin/containerd-shim-runc-v2, -namespace, moby, -id, 6028a2ee3bd6f1797adfa6d3aae756e549afbf2599d601d4604624665262a94f, -address, /var/run/desktop-containerd/containerd.sock","redis-cart","redis-cart-6997b66668-xkfsv"
"2023-08-23 06:09:16","/usr/bin/containerd-shim-runc-v2, -namespace, moby, -id, 2c9fec0bd632cf1aa0409b769e953f26128e02cbdde227312e3fe6a0ad4c029b, -address, /var/run/desktop-containerd/containerd.sock","redis-cart","redis-cart-6997b66668-xkfsv"
"2023-08-23 06:09:14","/usr/bin/containerd-shim-runc-v2, -namespace, moby, -id, ed688fa587555bc6e87d03921d183b9c6f62613dc0525bdad2cf8dde5582a2bd, -address, /var/run/desktop-containerd/containerd.sock",adservice,"adservice-76b448fddf-qfsdp"
"2023-08-23 06:09:14","/usr/bin/containerd-shim-runc-v2, -namespace, moby, -id, 9d0c6a26bf8f3d26c27f521dbb93c9018531e9c12751d25fd2200f44dff80ede, -address, /var/run/desktop-containerd/containerd.sock",adservice,"adservice-76b448fddf-qfsdp"
"2023-08-23 06:09:14","/usr/bin/containerd-shim-runc-v2, -namespace, moby, -id, a5567367fbbc2c52906c19f0e31703421918ee749348ce94783ca170eb67464f, -address, /var/run/desktop-containerd/containerd.sock",adservice,"adservice-76b448fddf-qfsdp"
"2023-08-23 06:09:13","/usr/bin/containerd-shim-runc-v2, -namespace, moby, -id, 0a37549199b0510215d870de6ee970501db33d48a325a8ed026aef4462a3af5b, -address, /var/run/desktop-containerd/containerd.sock",adservice,"adservice-76b448fddf-qfsdp"
"2023-08-23 06:09:13","/usr/bin/containerd-shim-runc-v2, -namespace, moby, -id, 2c9fec0bd632cf1aa0409b769e953f26128e02cbdde227312e3fe6a0ad4c029b, -address, /var/run/desktop-containerd/containerd.sock",adservice,"adservice-76b448fddf-qfsdp"
"2023-08-23 06:09:13","/usr/bin/containerd-shim-runc-v2, -namespace, moby, -id, e92af4ffc1550203183edc4cbdb7e858accae68ddf1d4b6c6153bc4f3a4f6172, -address, /var/run/desktop-containerd/containerd.sock",adservice,"adservice-76b448fddf-qfsdp"
"2023-08-23 06:09:13","/usr/bin/containerd-shim-runc-v2, -namespace, moby, -id, e8428dab7b3120ad47b488085a2829ee945db40580e74de2047419effc067416, -address, /var/run/desktop-containerd/containerd.sock",adservice,"adservice-76b448fddf-qfsdp"
"2023-08-23 06:09:13","/usr/bin/containerd-shim-runc-v2, -namespace, moby, -id, 6028a2ee3bd6f1797adfa6d3aae756e549afbf2599d601d4604624665262a94f, -address, /var/run/desktop-containerd/containerd.sock",adservice,"adservice-76b448fddf-qfsdp"
"2023-08-23 06:08:08","runc, init",shippingservice,"shippingservice-7ccdfd8767-zlxq5"
"2023-08-23 06:08:08","/usr/bin/containerd-shim-runc-v2, -namespace, moby, -id, 0cfc72a1eeff56fda045ed31b253ceb7b3c9309e7f67a63bcdc9c3927a752571, -address, /var/run/desktop-containerd/containerd.sock",shippingservice,"shippingservice-7ccdfd8767-zlxq5"
"2023-08-23 06:08:08","/usr/bin/containerd-shim-runc-v2, -namespace, moby, -id, 5cd4d2e6ac8d88e7374f7a88c3af531273097380b3912aaf7573badd4f3ecde9, -address, /var/run/desktop-containerd/containerd.sock",shippingservice,"shippingservice-7ccdfd8767-zlxq5"
"2023-08-23 06:08:07","/usr/bin/containerd-shim-runc-v2, -namespace, moby, -id, a8e57fdc9d5a73958d593426de673eb89dfd7524122381fdab47ba80f415bb0d, -address, /var/run/desktop-containerd/containerd.sock",shippingservice,"shippingservice-7ccdfd8767-zlxq5"
"2023-08-23 06:08:07","runc, --root, /var/run/docker/runtime-runc/moby, --log, /var/run/desktop-containerd/daemon/io.containerd.runtime.v2.task/moby/a886b39e38a760305fdc1ae808ee16befd7fe759fe24e5af67948ba37671ceb2/log.json, --log-format, json, create, --bundle, /var/run/desktop-containerd/daemon/io.containerd.runtime.v2.task/moby/a886b39e38a760305fdc1ae808ee16befd7fe759fe24e5af67948ba37671ceb2, --pid-file, /var/run/desktop-containerd/daemon/io.containerd.runtime.v2.task/moby/a886b39e38a760305fdc1ae808ee16befd7fe759fe24e5af67948ba37671ceb2/init.pid, a886b39e38a760305fdc1ae808ee16befd7fe759fe24e5af67948ba37671ceb2",shippingservice,"shippingservice-7ccdfd8767-zlxq5"
"2023-08-23 06:08:07","/usr/bin/containerd-shim-runc-v2, -namespace, moby, -id, 0347a94ce5a3b1936292ef37ea3082250b7c718c5ec90feb4a54946973eeb0e6, -address, /var/run/desktop-containerd/containerd.sock",shippingservice,"shippingservice-7ccdfd8767-zlxq5"
"2023-08-23 06:08:07","/usr/bin/containerd-shim-runc-v2, -namespace, moby, -id, e9514a34477ba02556c07c13c7ac68a9b75c2832e64803fa9157b58841d023ab, -address, /var/run/desktop-containerd/containerd.sock",shippingservice,"shippingservice-7ccdfd8767-zlxq5"
"2023-08-23 06:08:07","runc, init",shippingservice,"shippingservice-7ccdfd8767-zlxq5"
"2023-08-23 06:08:07","runc, init",shippingservice,"shippingservice-7ccdfd8767-zlxq5"
"2023-08-23 06:08:07","/usr/bin/containerd-shim-runc-v2, -namespace, moby, -id, a51e4ad0bd8838a6d41c3d0209459e7721586b09ec342330238cd1452c274a7e, -address, /var/run/desktop-containerd/containerd.sock",shippingservice,"shippingservice-7ccdfd8767-zlxq5"
"2023-08-23 06:08:07","/usr/bin/containerd-shim-runc-v2, -namespace, moby, -id, 7ce0cee11edf09d3ba45a669dcdf5eb73f2a12c892fe5c59d48a617368e4cf88, -address, /var/run/desktop-containerd/containerd.sock",shippingservice,"shippingservice-7ccdfd8767-zlxq5"
"2023-08-23 06:08:07","/usr/bin/containerd-shim-runc-v2, -namespace, moby, -id, a886b39e38a760305fdc1ae808ee16befd7fe759fe24e5af67948ba37671ceb2, -address, /var/run/desktop-containerd/containerd.sock",shippingservice,"shippingservice-7ccdfd8767-zlxq5"
"2023-08-23 06:08:07","runc, init",shippingservice,"shippingservice-7ccdfd8767-zlxq5"
"2023-08-23 06:08:04","runc, --root, /var/run/docker/runtime-runc/moby, --log, /var/run/desktop-containerd/daemon/io.containerd.runtime.v2.task/moby/5cd4d2e6ac8d88e7374f7a88c3af531273097380b3912aaf7573badd4f3ecde9/log.json, --log-format, json, create, --bundle, /var/run/desktop-containerd/daemon/io.containerd.runtime.v2.task/moby/5cd4d2e6ac8d88e7374f7a88c3af531273097380b3912aaf7573badd4f3ecde9, --pid-file, /var/run/desktop-containerd/daemon/io.containerd.runtime.v2.task/moby/5cd4d2e6ac8d88e7374f7a88c3af531273097380b3912aaf7573badd4f3ecde9/init.pid, 5cd4d2e6ac8d88e7374f7a88c3af531273097380b3912aaf7573badd4f3ecde9",checkoutservice,"checkoutservice-6d6f4d7cc7-jkzgt"
"2023-08-23 06:08:03","runc, init",checkoutservice,"checkoutservice-6d6f4d7cc7-jkzgt"
"2023-08-23 06:08:03","runc, --root, /var/run/docker/runtime-runc/moby, --log, /var/run/desktop-containerd/daemon/io.containerd.runtime.v2.task/moby/0cfc72a1eeff56fda045ed31b253ceb7b3c9309e7f67a63bcdc9c3927a752571/log.json, --log-format, json, create, --bundle, /var/run/desktop-containerd/daemon/io.containerd.runtime.v2.task/moby/0cfc72a1eeff56fda045ed31b253ceb7b3c9309e7f67a63bcdc9c3927a752571, --pid-file, /var/run/desktop-containerd/daemon/io.containerd.runtime.v2.task/moby/0cfc72a1eeff56fda045ed31b253ceb7b3c9309e7f67a63bcdc9c3927a752571/init.pid, 0cfc72a1eeff56fda045ed31b253ceb7b3c9309e7f67a63bcdc9c3927a752571",checkoutservice,"checkoutservice-6d6f4d7cc7-jkzgt"
"2023-08-23 06:08:03","runc, --root, /var/run/docker/runtime-runc/moby, --log, /var/run/desktop-containerd/daemon/io.containerd.runtime.v2.task/moby/0347a94ce5a3b1936292ef37ea3082250b7c718c5ec90feb4a54946973eeb0e6/log.json, --log-format, json, create, --bundle, /var/run/desktop-containerd/daemon/io.containerd.runtime.v2.task/moby/0347a94ce5a3b1936292ef37ea3082250b7c718c5ec90feb4a54946973eeb0e6, --pid-file, /var/run/desktop-containerd/daemon/io.containerd.runtime.v2.task/moby/0347a94ce5a3b1936292ef37ea3082250b7c718c5ec90feb4a54946973eeb0e6/init.pid, 0347a94ce5a3b1936292ef37ea3082250b7c718c5ec90feb4a54946973eeb0e6",checkoutservice,"checkoutservice-6d6f4d7cc7-jkzgt"
"2023-08-23 06:08:03","runc, --root, /var/run/docker/runtime-runc/moby, --log, /var/run/desktop-containerd/daemon/io.containerd.runtime.v2.task/moby/a51e4ad0bd8838a6d41c3d0209459e7721586b09ec342330238cd1452c274a7e/log.json, --log-format, json, create, --bundle, /var/run/desktop-containerd/daemon/io.containerd.runtime.v2.task/moby/a51e4ad0bd8838a6d41c3d0209459e7721586b09ec342330238cd1452c274a7e, --pid-file, /var/run/desktop-containerd/daemon/io.containerd.runtime.v2.task/moby/a51e4ad0bd8838a6d41c3d0209459e7721586b09ec342330238cd1452c274a7e/init.pid, a51e4ad0bd8838a6d41c3d0209459e7721586b09ec342330238cd1452c274a7e",checkoutservice,"checkoutservice-6d6f4d7cc7-jkzgt"
"2023-08-23 06:08:02","runc, init",cartservice,"cartservice-6969c94d94-l66mx"
"2023-08-23 06:08:02","runc, --root, /var/run/docker/runtime-runc/moby, --log, /var/run/desktop-containerd/daemon/io.containerd.runtime.v2.task/moby/5cd4d2e6ac8d88e7374f7a88c3af531273097380b3912aaf7573badd4f3ecde9/log.json, --log-format, json, create, --bundle, /var/run/desktop-containerd/daemon/io.containerd.runtime.v2.task/moby/5cd4d2e6ac8d88e7374f7a88c3af531273097380b3912aaf7573badd4f3ecde9, --pid-file, /var/run/desktop-containerd/daemon/io.containerd.runtime.v2.task/moby/5cd4d2e6ac8d88e7374f7a88c3af531273097380b3912aaf7573badd4f3ecde9/init.pid, 5cd4d2e6ac8d88e7374f7a88c3af531273097380b3912aaf7573badd4f3ecde9",cartservice,"cartservice-6969c94d94-l66mx"
"2023-08-23 06:08:02","/usr/bin/containerd-shim-runc-v2, -namespace, moby, -id, 0cfc72a1eeff56fda045ed31b253ceb7b3c9309e7f67a63bcdc9c3927a752571, -address, /var/run/desktop-containerd/containerd.sock",cartservice,"cartservice-6969c94d94-l66mx"
"2023-08-23 06:08:02","/usr/bin/containerd-shim-runc-v2, -namespace, moby, -id, 5cd4d2e6ac8d88e7374f7a88c3af531273097380b3912aaf7573badd4f3ecde9, -address, /var/run/desktop-containerd/containerd.sock",cartservice,"cartservice-6969c94d94-l66mx"
"2023-08-23 06:08:01","runc, --root, /var/run/docker/runtime-runc/moby, --log, /var/run/desktop-containerd/daemon/io.containerd.runtime.v2.task/moby/a51e4ad0bd8838a6d41c3d0209459e7721586b09ec342330238cd1452c274a7e/log.json, --log-format, json, create, --bundle, /var/run/desktop-containerd/daemon/io.containerd.runtime.v2.task/moby/a51e4ad0bd8838a6d41c3d0209459e7721586b09ec342330238cd1452c274a7e, --pid-file, /var/run/desktop-containerd/daemon/io.containerd.runtime.v2.task/moby/a51e4ad0bd8838a6d41c3d0209459e7721586b09ec342330238cd1452c274a7e/init.pid, a51e4ad0bd8838a6d41c3d0209459e7721586b09ec342330238cd1452c274a7e",cartservice,"cartservice-6969c94d94-l66mx"
"2023-08-23 06:08:01","/usr/bin/containerd-shim-runc-v2, -namespace, moby, -id, a51e4ad0bd8838a6d41c3d0209459e7721586b09ec342330238cd1452c274a7e, -address, /var/run/desktop-containerd/containerd.sock",cartservice,"cartservice-6969c94d94-l66mx"
"2023-08-23 06:08:01","runc, init",cartservice,"cartservice-6969c94d94-l66mx"
"2023-08-23 06:08:01","runc, --root, /var/run/docker/runtime-runc/moby, --log, /var/run/desktop-containerd/daemon/io.containerd.runtime.v2.task/moby/0347a94ce5a3b1936292ef37ea3082250b7c718c5ec90feb4a54946973eeb0e6/log.json, --log-format, json, create, --bundle, /var/run/desktop-containerd/daemon/io.containerd.runtime.v2.task/moby/0347a94ce5a3b1936292ef37ea3082250b7c718c5ec90feb4a54946973eeb0e6, --pid-file, /var/run/desktop-containerd/daemon/io.containerd.runtime.v2.task/moby/0347a94ce5a3b1936292ef37ea3082250b7c718c5ec90feb4a54946973eeb0e6/init.pid, 0347a94ce5a3b1936292ef37ea3082250b7c718c5ec90feb4a54946973eeb0e6",cartservice,"cartservice-6969c94d94-l66mx"
"2023-08-23 06:08:01","runc, init",cartservice,"cartservice-6969c94d94-l66mx"
"2023-08-23 06:08:01","/usr/bin/containerd-shim-runc-v2, -namespace, moby, -id, 0347a94ce5a3b1936292ef37ea3082250b7c718c5ec90feb4a54946973eeb0e6, -address, /var/run/desktop-containerd/containerd.sock",cartservice,"cartservice-6969c94d94-l66mx"
"2023-08-23 06:06:53","/usr/bin/containerd-shim-runc-v2, -namespace, moby, -id, 1e030b059b44dbcfd7f83f680d81588a4255b05a100e01c5c155f19012c0c97c, -address, /var/run/desktop-containerd/containerd.sock",checkoutservice,"checkoutservice-6d6f4d7cc7-jkzgt"
"2023-08-23 06:06:53","/usr/bin/containerd-shim-runc-v2, -namespace, moby, -id, 5ae9f8a3d1acbe38aa212a75f665e17942d10c4b36fddb52c1c86e3826f2f394, -address, /var/run/desktop-containerd/containerd.sock",checkoutservice,"checkoutservice-6d6f4d7cc7-jkzgt"
"2023-08-23 06:06:53","/usr/bin/containerd-shim-runc-v2, -namespace, moby, -id, d8ab25d542808bd10844228fe70263f35cc5e025b5609df97642a02fd6c01b1e, -address, /var/run/desktop-containerd/containerd.sock",checkoutservice,"checkoutservice-6d6f4d7cc7-jkzgt"
"2023-08-23 06:06:53","/usr/bin/containerd-shim-runc-v2, -namespace, moby, -id, f758a90b2941c3b94d5b76440d500abab602db9c5de61f38d93935fadca6afb6, -address, /var/run/desktop-containerd/containerd.sock",checkoutservice,"checkoutservice-6d6f4d7cc7-jkzgt"
"2023-08-23 06:06:53","/usr/bin/containerd-shim-runc-v2, -namespace, moby, -id, ef10655d2d46bee2227ccd7d725f30f307c0504abdd78d8586b51a591f27b99b, -address, /var/run/desktop-containerd/containerd.sock",checkoutservice,"checkoutservice-6d6f4d7cc7-jkzgt"
"2023-08-23 06:06:53","/usr/bin/containerd-shim-runc-v2, -namespace, moby, -id, 486f6ac2cee29274c27e6fd82756cdf3af3ea58d2ce8a7045ffe1ec75e613b74, -address, /var/run/desktop-containerd/containerd.sock",checkoutservice,"checkoutservice-6d6f4d7cc7-jkzgt"
"2023-08-23 06:06:52","/usr/bin/containerd-shim-runc-v2, -namespace, moby, -id, 486f6ac2cee29274c27e6fd82756cdf3af3ea58d2ce8a7045ffe1ec75e613b74, -address, /var/run/desktop-containerd/containerd.sock",cartservice,"cartservice-6969c94d94-l66mx"
"2023-08-23 06:06:52","/usr/bin/containerd-shim-runc-v2, -namespace, moby, -id, ef10655d2d46bee2227ccd7d725f30f307c0504abdd78d8586b51a591f27b99b, -address, /var/run/desktop-containerd/containerd.sock",cartservice,"cartservice-6969c94d94-l66mx"
"2023-08-23 06:06:52","runc, --root, /var/run/docker/runtime-runc/moby, --log, /var/run/desktop-containerd/daemon/io.containerd.runtime.v2.task/moby/485166d88b5196973a52ebd0951b827411da6f10c12a973e1c85b42d25f1bdc4/log.json, --log-format, json, create, --bundle, /var/run/desktop-containerd/daemon/io.containerd.runtime.v2.task/moby/485166d88b5196973a52ebd0951b827411da6f10c12a973e1c85b42d25f1bdc4, --pid-file, /var/run/desktop-containerd/daemon/io.containerd.runtime.v2.task/moby/485166d88b5196973a52ebd0951b827411da6f10c12a973e1c85b42d25f1bdc4/init.pid, 485166d88b5196973a52ebd0951b827411da6f10c12a973e1c85b42d25f1bdc4",cartservice,"cartservice-6969c94d94-l66mx"
"2023-08-23 06:06:51","runc, --root, /var/run/docker/runtime-runc/moby, --log, /var/run/desktop-containerd/daemon/io.containerd.runtime.v2.task/moby/e5a79fe133cd624e288d05322791869ad4ec6768e0f6670aae80150adb28b6b6/log.json, --log-format, json, create, --bundle, /var/run/desktop-containerd/daemon/io.containerd.runtime.v2.task/moby/e5a79fe133cd624e288d05322791869ad4ec6768e0f6670aae80150adb28b6b6, --pid-file, /var/run/desktop-containerd/daemon/io.containerd.runtime.v2.task/moby/e5a79fe133cd624e288d05322791869ad4ec6768e0f6670aae80150adb28b6b6/init.pid, e5a79fe133cd624e288d05322791869ad4ec6768e0f6670aae80150adb28b6b6",shippingservice,"shippingservice-7ccdfd8767-zlxq5"
"2023-08-23 06:06:51","runc, --root, /var/run/docker/runtime-runc/moby, --log, /var/run/desktop-containerd/daemon/io.containerd.runtime.v2.task/moby/46223498f82b3c7be2b498fe0234ea3d26106859da4f5fdf4bda141b024a3136/log.json, --log-format, json, create, --bundle, /var/run/desktop-containerd/daemon/io.containerd.runtime.v2.task/moby/46223498f82b3c7be2b498fe0234ea3d26106859da4f5fdf4bda141b024a3136, --pid-file, /var/run/desktop-containerd/daemon/io.containerd.runtime.v2.task/moby/46223498f82b3c7be2b498fe0234ea3d26106859da4f5fdf4bda141b024a3136/init.pid, 46223498f82b3c7be2b498fe0234ea3d26106859da4f5fdf4bda141b024a3136",shippingservice,"shippingservice-7ccdfd8767-zlxq5"
"2023-08-23 06:06:51","runc, --root, /var/run/docker/runtime-runc/moby, --log, /var/run/desktop-containerd/daemon/io.containerd.runtime.v2.task/moby/b9415c45bd5c59dafaea57a6b73a228372c48f946498d200b66ba66eeaf04486/log.json, --log-format, json, create, --bundle, /var/run/desktop-containerd/daemon/io.containerd.runtime.v2.task/moby/b9415c45bd5c59dafaea57a6b73a228372c48f946498d200b66ba66eeaf04486, --pid-file, /var/run/desktop-containerd/daemon/io.containerd.runtime.v2.task/moby/b9415c45bd5c59dafaea57a6b73a228372c48f946498d200b66ba66eeaf04486/init.pid, b9415c45bd5c59dafaea57a6b73a228372c48f946498d200b66ba66eeaf04486",shippingservice,"shippingservice-7ccdfd8767-zlxq5"
"2023-08-23 06:06:50","/usr/bin/containerd-shim-runc-v2, -namespace, moby, -id, e5a79fe133cd624e288d05322791869ad4ec6768e0f6670aae80150adb28b6b6, -address, /var/run/desktop-containerd/containerd.sock",shippingservice,"shippingservice-7ccdfd8767-zlxq5"
"2023-08-23 06:06:50","runc, init",shippingservice,"shippingservice-7ccdfd8767-zlxq5"
"2023-08-23 06:06:50","runc, init",shippingservice,"shippingservice-7ccdfd8767-zlxq5"
"2023-08-23 06:06:50","runc, --root, /var/run/docker/runtime-runc/moby, --log, /var/run/desktop-containerd/daemon/io.containerd.runtime.v2.task/moby/485166d88b5196973a52ebd0951b827411da6f10c12a973e1c85b42d25f1bdc4/log.json, --log-format, json, create, --bundle, /var/run/desktop-containerd/daemon/io.containerd.runtime.v2.task/moby/485166d88b5196973a52ebd0951b827411da6f10c12a973e1c85b42d25f1bdc4, --pid-file, /var/run/desktop-containerd/daemon/io.containerd.runtime.v2.task/moby/485166d88b5196973a52ebd0951b827411da6f10c12a973e1c85b42d25f1bdc4/init.pid, 485166d88b5196973a52ebd0951b827411da6f10c12a973e1c85b42d25f1bdc4",shippingservice,"shippingservice-7ccdfd8767-zlxq5"
"2023-08-23 06:06:50","runc, --root, /var/run/docker/runtime-runc/moby, --log, /var/run/desktop-containerd/daemon/io.containerd.runtime.v2.task/moby/e5a79fe133cd624e288d05322791869ad4ec6768e0f6670aae80150adb28b6b6/log.json, --log-format, json, create, --bundle, /var/run/desktop-containerd/daemon/io.containerd.runtime.v2.task/moby/e5a79fe133cd624e288d05322791869ad4ec6768e0f6670aae80150adb28b6b6, --pid-file, /var/run/desktop-containerd/daemon/io.containerd.runtime.v2.task/moby/e5a79fe133cd624e288d05322791869ad4ec6768e0f6670aae80150adb28b6b6/init.pid, e5a79fe133cd624e288d05322791869ad4ec6768e0f6670aae80150adb28b6b6",shippingservice,"shippingservice-7ccdfd8767-zlxq5"
"2023-08-23 06:06:50","/usr/bin/containerd-shim-runc-v2, -namespace, moby, -id, 485166d88b5196973a52ebd0951b827411da6f10c12a973e1c85b42d25f1bdc4, -address, /var/run/desktop-containerd/containerd.sock",shippingservice,"shippingservice-7ccdfd8767-zlxq5"
"2023-08-23 06:05:54","/usr/bin/containerd-shim-runc-v2, -namespace, moby, -id, d954cd24c449571c994f4c5ce69909b449182dbf1bbd70205ce829d61569fb73, -address, /var/run/desktop-containerd/containerd.sock","redis-cart","redis-cart-6997b66668-xkfsv"
"2023-08-23 06:05:54","/usr/bin/containerd-shim-runc-v2, -namespace, moby, -id, 1f1a16a956a01721067addcdda7bc1df81b5f3843c2fb3c3d515bb566432691a, -address, /var/run/desktop-containerd/containerd.sock","redis-cart","redis-cart-6997b66668-xkfsv"
"2023-08-23 06:05:54","runc, init","redis-cart","redis-cart-6997b66668-xkfsv"
"2023-08-23 06:05:53","/usr/bin/containerd-shim-runc-v2, -namespace, moby, -id, 2c50167b15ecf83385f63e3ae8f02b9e8019aadb384a038c258b3023e3aa8efc, -address, /var/run/desktop-containerd/containerd.sock","redis-cart","redis-cart-6997b66668-xkfsv"
"2023-08-23 06:05:53","runc, init","redis-cart","redis-cart-6997b66668-xkfsv"
"2023-08-23 06:05:53","/usr/bin/containerd-shim-runc-v2, -namespace, moby, -id, 24e260816645b93b0d2d32977310ffe34ab28abbc42703cb065fe1af47b35e9f, -address, /var/run/desktop-containerd/containerd.sock","redis-cart","redis-cart-6997b66668-xkfsv"
"2023-08-23 06:05:53","/usr/bin/containerd-shim-runc-v2, -namespace, moby, -id, fde71c3bdca82e1592a51e0613573b17f52262c12281458088457a4e23d361be, -address, /var/run/desktop-containerd/containerd.sock","redis-cart","redis-cart-6997b66668-xkfsv"
"2023-08-23 06:05:53","runc, init","redis-cart","redis-cart-6997b66668-xkfsv"
"2023-08-23 06:05:52","/usr/bin/containerd-shim-runc-v2, -namespace, moby, -id, 34c2bc3c9c42372e568acaca9d5c2fad174480530de108e296b94ac59769934f, -address, /var/run/desktop-containerd/containerd.sock",currencyservice,"currencyservice-ccbc788bc-7lbhx"
"2023-08-23 06:05:51","/usr/bin/containerd-shim-runc-v2, -namespace, moby, -id, 34c2bc3c9c42372e568acaca9d5c2fad174480530de108e296b94ac59769934f, -address, /var/run/desktop-containerd/containerd.sock",cartservice,"cartservice-6969c94d94-l66mx"
"2023-08-23 06:05:50","runc, --root, /var/run/docker/runtime-runc/moby, --log, /var/run/desktop-containerd/daemon/io.containerd.runtime.v2.task/moby/fde71c3bdca82e1592a51e0613573b17f52262c12281458088457a4e23d361be/log.json, --log-format, json, create, --bundle, /var/run/desktop-containerd/daemon/io.containerd.runtime.v2.task/moby/fde71c3bdca82e1592a51e0613573b17f52262c12281458088457a4e23d361be, --pid-file, /var/run/desktop-containerd/daemon/io.containerd.runtime.v2.task/moby/fde71c3bdca82e1592a51e0613573b17f52262c12281458088457a4e23d361be/init.pid, fde71c3bdca82e1592a51e0613573b17f52262c12281458088457a4e23d361be",cartservice,"cartservice-6969c94d94-l66mx"
"2023-08-23 06:05:50","runc, --root, /var/run/docker/runtime-runc/moby, --log, /var/run/desktop-containerd/daemon/io.containerd.runtime.v2.task/moby/24e260816645b93b0d2d32977310ffe34ab28abbc42703cb065fe1af47b35e9f/log.json, --log-format, json, create, --bundle, /var/run/desktop-containerd/daemon/io.containerd.runtime.v2.task/moby/24e260816645b93b0d2d32977310ffe34ab28abbc42703cb065fe1af47b35e9f, --pid-file, /var/run/desktop-containerd/daemon/io.containerd.runtime.v2.task/moby/24e260816645b93b0d2d32977310ffe34ab28abbc42703cb065fe1af47b35e9f/init.pid, 24e260816645b93b0d2d32977310ffe34ab28abbc42703cb065fe1af47b35e9f",cartservice,"cartservice-6969c94d94-l66mx"
"2023-08-23 06:05:50","runc, --root, /var/run/docker/runtime-runc/moby, --log, /var/run/desktop-containerd/daemon/io.containerd.runtime.v2.task/moby/1f1a16a956a01721067addcdda7bc1df81b5f3843c2fb3c3d515bb566432691a/log.json, --log-format, json, create, --bundle, /var/run/desktop-containerd/daemon/io.containerd.runtime.v2.task/moby/1f1a16a956a01721067addcdda7bc1df81b5f3843c2fb3c3d515bb566432691a, --pid-file, /var/run/desktop-containerd/daemon/io.containerd.runtime.v2.task/moby/1f1a16a956a01721067addcdda7bc1df81b5f3843c2fb3c3d515bb566432691a/init.pid, 1f1a16a956a01721067addcdda7bc1df81b5f3843c2fb3c3d515bb566432691a",cartservice,"cartservice-6969c94d94-l66mx"
"2023-08-23 06:05:48","runc, --root, /var/run/docker/runtime-runc/moby, --log, /var/run/desktop-containerd/daemon/io.containerd.runtime.v2.task/moby/1f1a16a956a01721067addcdda7bc1df81b5f3843c2fb3c3d515bb566432691a/log.json, --log-format, json, create, --bundle, /var/run/desktop-containerd/daemon/io.containerd.runtime.v2.task/moby/1f1a16a956a01721067addcdda7bc1df81b5f3843c2fb3c3d515bb566432691a, --pid-file, /var/run/desktop-containerd/daemon/io.containerd.runtime.v2.task/moby/1f1a16a956a01721067addcdda7bc1df81b5f3843c2fb3c3d515bb566432691a/init.pid, 1f1a16a956a01721067addcdda7bc1df81b5f3843c2fb3c3d515bb566432691a",checkoutservice,"checkoutservice-6d6f4d7cc7-jkzgt"
"2023-08-23 06:05:48","runc, --root, /var/run/docker/runtime-runc/moby, --log, /var/run/desktop-containerd/daemon/io.containerd.runtime.v2.task/moby/24e260816645b93b0d2d32977310ffe34ab28abbc42703cb065fe1af47b35e9f/log.json, --log-format, json, create, --bundle, /var/run/desktop-containerd/daemon/io.containerd.runtime.v2.task/moby/24e260816645b93b0d2d32977310ffe34ab28abbc42703cb065fe1af47b35e9f, --pid-file, /var/run/desktop-containerd/daemon/io.containerd.runtime.v2.task/moby/24e260816645b93b0d2d32977310ffe34ab28abbc42703cb065fe1af47b35e9f/init.pid, 24e260816645b93b0d2d32977310ffe34ab28abbc42703cb065fe1af47b35e9f",checkoutservice,"checkoutservice-6d6f4d7cc7-jkzgt"
"2023-08-23 06:05:48","runc, init",checkoutservice,"checkoutservice-6d6f4d7cc7-jkzgt"
"2023-08-23 06:05:48","/usr/bin/containerd-shim-runc-v2, -namespace, moby, -id, fde71c3bdca82e1592a51e0613573b17f52262c12281458088457a4e23d361be, -address, /var/run/desktop-containerd/containerd.sock",checkoutservice,"checkoutservice-6d6f4d7cc7-jkzgt"
"2023-08-23 06:05:48","/usr/bin/containerd-shim-runc-v2, -namespace, moby, -id, 1f1a16a956a01721067addcdda7bc1df81b5f3843c2fb3c3d515bb566432691a, -address, /var/run/desktop-containerd/containerd.sock",checkoutservice,"checkoutservice-6d6f4d7cc7-jkzgt"
"2023-08-23 06:05:48","runc, --root, /var/run/docker/runtime-runc/moby, --log, /var/run/desktop-containerd/daemon/io.containerd.runtime.v2.task/moby/fde71c3bdca82e1592a51e0613573b17f52262c12281458088457a4e23d361be/log.json, --log-format, json, create, --bundle, /var/run/desktop-containerd/daemon/io.containerd.runtime.v2.task/moby/fde71c3bdca82e1592a51e0613573b17f52262c12281458088457a4e23d361be, --pid-file, /var/run/desktop-containerd/daemon/io.containerd.runtime.v2.task/moby/fde71c3bdca82e1592a51e0613573b17f52262c12281458088457a4e23d361be/init.pid, fde71c3bdca82e1592a51e0613573b17f52262c12281458088457a4e23d361be",checkoutservice,"checkoutservice-6d6f4d7cc7-jkzgt"
"2023-08-23 06:05:48","runc, init",checkoutservice,"checkoutservice-6d6f4d7cc7-jkzgt"
"2023-08-23 06:05:48","/usr/bin/containerd-shim-runc-v2, -namespace, moby, -id, 24e260816645b93b0d2d32977310ffe34ab28abbc42703cb065fe1af47b35e9f, -address, /var/run/desktop-containerd/containerd.sock",checkoutservice,"checkoutservice-6d6f4d7cc7-jkzgt"
"2023-08-23 06:04:57","/usr/bin/containerd-shim-runc-v2, -namespace, moby, -id, b7330ea7915377888f26cf68fba73dfdc77240a7a4991edbbb43bf39f79bcc61, -address, /var/run/desktop-containerd/containerd.sock",emailservice,"emailservice-9f8578d69-r6rx8"
"2023-08-23 06:04:57","/usr/bin/containerd-shim-runc-v2, -namespace, moby, -id, e695d92fb8667d1d30b5f2cd80124141afaf01ef9da3a26e5832459f2c2089e9, -address, /var/run/desktop-containerd/containerd.sock",emailservice,"emailservice-9f8578d69-r6rx8"
"2023-08-23 06:04:57","runc, init",emailservice,"emailservice-9f8578d69-r6rx8"
"2023-08-23 06:04:56","/usr/bin/containerd-shim-runc-v2, -namespace, moby, -id, 0f9c5787622a69d688e673b8d042c4b3ff17f1b46341e069e9133b10b43b6265, -address, /var/run/desktop-containerd/containerd.sock",emailservice,"emailservice-9f8578d69-r6rx8"
"2023-08-23 06:04:56","/usr/bin/containerd-shim-runc-v2, -namespace, moby, -id, 0c3850ec176e9d9f70118102d3685a9d6081a8456b3ef0fee5079ed9db7f9bb8, -address, /var/run/desktop-containerd/containerd.sock",emailservice,"emailservice-9f8578d69-r6rx8"
"2023-08-23 06:04:56","/usr/bin/containerd-shim-runc-v2, -namespace, moby, -id, 6a8d3d09d822cb4ddb5bb9e3f0fa4f4c2079d2c90b43f890512a76d44cd2d0f4, -address, /var/run/desktop-containerd/containerd.sock",emailservice,"emailservice-9f8578d69-r6rx8"
"2023-08-23 06:04:56","/usr/bin/containerd-shim-runc-v2, -namespace, moby, -id, a9ba1d6beab33ea0bf29c07bb53239939dfbc7bb01a05bc8ae8538e6c414b9ce, -address, /var/run/desktop-containerd/containerd.sock",emailservice,"emailservice-9f8578d69-r6rx8"
"2023-08-23 06:04:55","/usr/bin/containerd-shim-runc-v2, -namespace, moby, -id, 0f9c5787622a69d688e673b8d042c4b3ff17f1b46341e069e9133b10b43b6265, -address, /var/run/desktop-containerd/containerd.sock",emailservice,"emailservice-9f8578d69-r6rx8"
"2023-08-23 06:04:55","/usr/bin/containerd-shim-runc-v2, -namespace, moby, -id, 6a8d3d09d822cb4ddb5bb9e3f0fa4f4c2079d2c90b43f890512a76d44cd2d0f4, -address, /var/run/desktop-containerd/containerd.sock",emailservice,"emailservice-9f8578d69-r6rx8"
"2023-08-23 06:04:55","runc, init",emailservice,"emailservice-9f8578d69-r6rx8"
"2023-08-23 06:04:55","/usr/bin/containerd-shim-runc-v2, -namespace, moby, -id, 59a00317aeabf8364fd003c6672c4aa8461bf17fc1bb53ea23e722069fbcc241, -address, /var/run/desktop-containerd/containerd.sock",emailservice,"emailservice-9f8578d69-r6rx8"
"2023-08-23 06:04:55","/usr/bin/containerd-shim-runc-v2, -namespace, moby, -id, 4654f4dae5e0f56be54919692e3b512596fa9ec51e83a3ae260e5c5ea134ff44, -address, /var/run/desktop-containerd/containerd.sock",emailservice,"emailservice-9f8578d69-r6rx8"
"2023-08-23 06:04:55","runc, init",emailservice,"emailservice-9f8578d69-r6rx8"
"2023-08-23 06:04:55","/usr/bin/containerd-shim-runc-v2, -namespace, moby, -id, a9ba1d6beab33ea0bf29c07bb53239939dfbc7bb01a05bc8ae8538e6c414b9ce, -address, /var/run/desktop-containerd/containerd.sock",emailservice,"emailservice-9f8578d69-r6rx8"
"2023-08-23 06:04:55","/usr/bin/containerd-shim-runc-v2, -namespace, moby, -id, 0c3850ec176e9d9f70118102d3685a9d6081a8456b3ef0fee5079ed9db7f9bb8, -address, /var/run/desktop-containerd/containerd.sock",emailservice,"emailservice-9f8578d69-r6rx8"
"2023-08-23 06:04:53","/usr/bin/containerd-shim-runc-v2, -namespace, moby, -id, 739aa4ea08f4b54e0da1596dcc0816958752b2bcde076e84a3855b92e92ca099, -address, /var/run/desktop-containerd/containerd.sock",emailservice,"emailservice-9f8578d69-r6rx8"
"2023-08-23 06:04:51","runc, --root, /var/run/docker/runtime-runc/moby, --log, /var/run/desktop-containerd/daemon/io.containerd.runtime.v2.task/moby/e695d92fb8667d1d30b5f2cd80124141afaf01ef9da3a26e5832459f2c2089e9/log.json, --log-format, json, create, --bundle, /var/run/desktop-containerd/daemon/io.containerd.runtime.v2.task/moby/e695d92fb8667d1d30b5f2cd80124141afaf01ef9da3a26e5832459f2c2089e9, --pid-file, /var/run/desktop-containerd/daemon/io.containerd.runtime.v2.task/moby/e695d92fb8667d1d30b5f2cd80124141afaf01ef9da3a26e5832459f2c2089e9/init.pid, e695d92fb8667d1d30b5f2cd80124141afaf01ef9da3a26e5832459f2c2089e9",currencyservice,"currencyservice-ccbc788bc-7lbhx"
"2023-08-23 06:04:51","runc, --root, /var/run/docker/runtime-runc/moby, --log, /var/run/desktop-containerd/daemon/io.containerd.runtime.v2.task/moby/b7330ea7915377888f26cf68fba73dfdc77240a7a4991edbbb43bf39f79bcc61/log.json, --log-format, json, create, --bundle, /var/run/desktop-containerd/daemon/io.containerd.runtime.v2.task/moby/b7330ea7915377888f26cf68fba73dfdc77240a7a4991edbbb43bf39f79bcc61, --pid-file, /var/run/desktop-containerd/daemon/io.containerd.runtime.v2.task/moby/b7330ea7915377888f26cf68fba73dfdc77240a7a4991edbbb43bf39f79bcc61/init.pid, b7330ea7915377888f26cf68fba73dfdc77240a7a4991edbbb43bf39f79bcc61",currencyservice,"currencyservice-ccbc788bc-7lbhx"
"2023-08-23 06:04:51","runc, --root, /var/run/docker/runtime-runc/moby, --log, /var/run/desktop-containerd/daemon/io.containerd.runtime.v2.task/moby/59a00317aeabf8364fd003c6672c4aa8461bf17fc1bb53ea23e722069fbcc241/log.json, --log-format, json, create, --bundle, /var/run/desktop-containerd/daemon/io.containerd.runtime.v2.task/moby/59a00317aeabf8364fd003c6672c4aa8461bf17fc1bb53ea23e722069fbcc241, --pid-file, /var/run/desktop-containerd/daemon/io.containerd.runtime.v2.task/moby/59a00317aeabf8364fd003c6672c4aa8461bf17fc1bb53ea23e722069fbcc241/init.pid, 59a00317aeabf8364fd003c6672c4aa8461bf17fc1bb53ea23e722069fbcc241",currencyservice,"currencyservice-ccbc788bc-7lbhx"
"2023-08-23 06:04:51","runc, --root, /var/run/docker/runtime-runc/moby, --log, /var/run/desktop-containerd/daemon/io.containerd.runtime.v2.task/moby/4654f4dae5e0f56be54919692e3b512596fa9ec51e83a3ae260e5c5ea134ff44/log.json, --log-format, json, create, --bundle, /var/run/desktop-containerd/daemon/io.containerd.runtime.v2.task/moby/4654f4dae5e0f56be54919692e3b512596fa9ec51e83a3ae260e5c5ea134ff44, --pid-file, /var/run/desktop-containerd/daemon/io.containerd.runtime.v2.task/moby/4654f4dae5e0f56be54919692e3b512596fa9ec51e83a3ae260e5c5ea134ff44/init.pid, 4654f4dae5e0f56be54919692e3b512596fa9ec51e83a3ae260e5c5ea134ff44",currencyservice,"currencyservice-ccbc788bc-7lbhx"
"2023-08-23 06:04:50","runc, --root, /var/run/docker/runtime-runc/moby, --log, /var/run/desktop-containerd/daemon/io.containerd.runtime.v2.task/moby/e695d92fb8667d1d30b5f2cd80124141afaf01ef9da3a26e5832459f2c2089e9/log.json, --log-format, json, create, --bundle, /var/run/desktop-containerd/daemon/io.containerd.runtime.v2.task/moby/e695d92fb8667d1d30b5f2cd80124141afaf01ef9da3a26e5832459f2c2089e9, --pid-file, /var/run/desktop-containerd/daemon/io.containerd.runtime.v2.task/moby/e695d92fb8667d1d30b5f2cd80124141afaf01ef9da3a26e5832459f2c2089e9/init.pid, e695d92fb8667d1d30b5f2cd80124141afaf01ef9da3a26e5832459f2c2089e9",adservice,"adservice-76b448fddf-qfsdp"
"2023-08-23 06:04:50","runc, init",adservice,"adservice-76b448fddf-qfsdp"
"2023-08-23 06:04:50","/usr/bin/containerd-shim-runc-v2, -namespace, moby, -id, b7330ea7915377888f26cf68fba73dfdc77240a7a4991edbbb43bf39f79bcc61, -address, /var/run/desktop-containerd/containerd.sock",adservice,"adservice-76b448fddf-qfsdp"
"2023-08-23 06:04:50","runc, --root, /var/run/docker/runtime-runc/moby, --log, /var/run/desktop-containerd/daemon/io.containerd.runtime.v2.task/moby/b7330ea7915377888f26cf68fba73dfdc77240a7a4991edbbb43bf39f79bcc61/log.json, --log-format, json, create, --bundle, /var/run/desktop-containerd/daemon/io.containerd.runtime.v2.task/moby/b7330ea7915377888f26cf68fba73dfdc77240a7a4991edbbb43bf39f79bcc61, --pid-file, /var/run/desktop-containerd/daemon/io.containerd.runtime.v2.task/moby/b7330ea7915377888f26cf68fba73dfdc77240a7a4991edbbb43bf39f79bcc61/init.pid, b7330ea7915377888f26cf68fba73dfdc77240a7a4991edbbb43bf39f79bcc61",adservice,"adservice-76b448fddf-qfsdp"
"2023-08-23 06:04:50","/usr/bin/containerd-shim-runc-v2, -namespace, moby, -id, e695d92fb8667d1d30b5f2cd80124141afaf01ef9da3a26e5832459f2c2089e9, -address, /var/run/desktop-containerd/containerd.sock",adservice,"adservice-76b448fddf-qfsdp"
"2023-08-23 06:04:50","runc, init",adservice,"adservice-76b448fddf-qfsdp"
"2023-08-23 06:04:49","/usr/bin/containerd-shim-runc-v2, -namespace, moby, -id, 59a00317aeabf8364fd003c6672c4aa8461bf17fc1bb53ea23e722069fbcc241, -address, /var/run/desktop-containerd/containerd.sock",adservice,"adservice-76b448fddf-qfsdp"
"2023-08-23 06:04:49","runc, --root, /var/run/docker/runtime-runc/moby, --log, /var/run/desktop-containerd/daemon/io.containerd.runtime.v2.task/moby/59a00317aeabf8364fd003c6672c4aa8461bf17fc1bb53ea23e722069fbcc241/log.json, --log-format, json, create, --bundle, /var/run/desktop-containerd/daemon/io.containerd.runtime.v2.task/moby/59a00317aeabf8364fd003c6672c4aa8461bf17fc1bb53ea23e722069fbcc241, --pid-file, /var/run/desktop-containerd/daemon/io.containerd.runtime.v2.task/moby/59a00317aeabf8364fd003c6672c4aa8461bf17fc1bb53ea23e722069fbcc241/init.pid, 59a00317aeabf8364fd003c6672c4aa8461bf17fc1bb53ea23e722069fbcc241",adservice,"adservice-76b448fddf-qfsdp"
"2023-08-23 06:04:49","/usr/bin/containerd-shim-runc-v2, -namespace, moby, -id, 4654f4dae5e0f56be54919692e3b512596fa9ec51e83a3ae260e5c5ea134ff44, -address, /var/run/desktop-containerd/containerd.sock",adservice,"adservice-76b448fddf-qfsdp"
"2023-08-23 06:04:49","runc, init",adservice,"adservice-76b448fddf-qfsdp"
"2023-08-23 06:04:49","runc, --root, /var/run/docker/runtime-runc/moby, --log, /var/run/desktop-containerd/daemon/io.containerd.runtime.v2.task/moby/4654f4dae5e0f56be54919692e3b512596fa9ec51e83a3ae260e5c5ea134ff44/log.json, --log-format, json, create, --bundle, /var/run/desktop-containerd/daemon/io.containerd.runtime.v2.task/moby/4654f4dae5e0f56be54919692e3b512596fa9ec51e83a3ae260e5c5ea134ff44, --pid-file, /var/run/desktop-containerd/daemon/io.containerd.runtime.v2.task/moby/4654f4dae5e0f56be54919692e3b512596fa9ec51e83a3ae260e5c5ea134ff44/init.pid, 4654f4dae5e0f56be54919692e3b512596fa9ec51e83a3ae260e5c5ea134ff44",adservice,"adservice-76b448fddf-qfsdp"
"2023-08-23 06:04:38","/usr/bin/containerd-shim-runc-v2, -namespace, moby, -id, d63e02b80a0068f4759bc39b656841b9cd9ca3e93ba427be80e4c95e84177307, -address, /var/run/desktop-containerd/containerd.sock",recommendationservice,"recommendationservice-cc746f6c7-9r7zm"
"2023-08-23 06:03:50","/usr/bin/containerd-shim-runc-v2, -namespace, moby, -id, 5aeca1683db0dce44057c59945180f819770ccfd8509035772d64b04a18bffc6, -address, /var/run/desktop-containerd/containerd.sock",paymentservice,"paymentservice-78549bfd9c-h8tg5"
"2023-08-23 06:03:50","runc, init",paymentservice,"paymentservice-78549bfd9c-h8tg5"
"2023-08-23 06:03:36","/usr/bin/containerd-shim-runc-v2, -namespace, moby, -id, 03a7d29b3ca47c0125a993756afd0840770a6289618122a237a0cbca085165de, -address, /var/run/desktop-containerd/containerd.sock","redis-cart","redis-cart-6997b66668-xkfsv"
"2023-08-23 06:03:36","runc, init","redis-cart","redis-cart-6997b66668-xkfsv"
"2023-08-23 06:03:36","/usr/bin/containerd-shim-runc-v2, -namespace, moby, -id, 275c386d189c4a27159f4464a6a6fed49f48adeb0c2735dd85ae0b0fd5d388ae, -address, /var/run/desktop-containerd/containerd.sock","redis-cart","redis-cart-6997b66668-xkfsv"
"2023-08-23 06:03:36","/usr/bin/containerd-shim-runc-v2, -namespace, moby, -id, 0bb1066582eea2cf11af6c28d2f4a978279e0c73a26888fe4f3ee6f11a722313, -address, /var/run/desktop-containerd/containerd.sock","redis-cart","redis-cart-6997b66668-xkfsv"
"2023-08-23 06:03:36","runc, --root, /var/run/docker/runtime-runc/moby, --log, /var/run/desktop-containerd/daemon/io.containerd.runtime.v2.task/moby/275c386d189c4a27159f4464a6a6fed49f48adeb0c2735dd85ae0b0fd5d388ae/log.json, --log-format, json, create, --bundle, /var/run/desktop-containerd/daemon/io.containerd.runtime.v2.task/moby/275c386d189c4a27159f4464a6a6fed49f48adeb0c2735dd85ae0b0fd5d388ae, --pid-file, /var/run/desktop-containerd/daemon/io.containerd.runtime.v2.task/moby/275c386d189c4a27159f4464a6a6fed49f48adeb0c2735dd85ae0b0fd5d388ae/init.pid, 275c386d189c4a27159f4464a6a6fed49f48adeb0c2735dd85ae0b0fd5d388ae","redis-cart","redis-cart-6997b66668-xkfsv"
"2023-08-23 06:03:36","runc, --root, /var/run/docker/runtime-runc/moby, --log, /var/run/desktop-containerd/daemon/io.containerd.runtime.v2.task/moby/03a7d29b3ca47c0125a993756afd0840770a6289618122a237a0cbca085165de/log.json, --log-format, json, create, --bundle, /var/run/desktop-containerd/daemon/io.containerd.runtime.v2.task/moby/03a7d29b3ca47c0125a993756afd0840770a6289618122a237a0cbca085165de, --pid-file, /var/run/desktop-containerd/daemon/io.containerd.runtime.v2.task/moby/03a7d29b3ca47c0125a993756afd0840770a6289618122a237a0cbca085165de/init.pid, 03a7d29b3ca47c0125a993756afd0840770a6289618122a237a0cbca085165de","redis-cart","redis-cart-6997b66668-xkfsv"
"2023-08-23 06:02:48","runc, --version",cartservice,"cartservice-6969c94d94-l66mx"
"2023-08-23 06:02:13","/usr/bin/containerd-shim-runc-v2, -namespace, moby, -id, 188f32ff89f91f07d96fbfa45f0813eb4063bd04140232f57b13bfbacd22f3d2, -address, /var/run/desktop-containerd/containerd.sock",recommendationservice,"recommendationservice-cc746f6c7-9r7zm"
"2023-08-23 06:02:13","/usr/bin/containerd-shim-runc-v2, -namespace, moby, -id, aac80a9bd052ac7d8001af05078281a3d7b3c48052b2db2ad5a54ddd4e3abd12, -address, /var/run/desktop-containerd/containerd.sock",recommendationservice,"recommendationservice-cc746f6c7-9r7zm"
"2023-08-23 06:02:13","runc, init",recommendationservice,"recommendationservice-cc746f6c7-9r7zm"
"2023-08-23 06:02:13","/usr/bin/containerd-shim-runc-v2, -namespace, moby, -id, 529da246904a8ee8773db3de4d9187f949a0e9665de2ea2649adf82f3c206586, -address, /var/run/desktop-containerd/containerd.sock",recommendationservice,"recommendationservice-cc746f6c7-9r7zm"
"2023-08-23 06:02:12","/usr/bin/containerd-shim-runc-v2, -namespace, moby, -id, 25621db90d06fa1dc3feb39cb80084c11f7b2aeea6d1c9b9c0e3cf5ea0eb0831, -address, /var/run/desktop-containerd/containerd.sock",productcatalogservice,"productcatalogservice-6b5dd45849-52szd"
"2023-08-23 06:02:12","/usr/bin/containerd-shim-runc-v2, -namespace, moby, -id, a38dc2acc390404528610fc5ef86273b134e6848053f182c8fd9fca6683aebe6, -address, /var/run/desktop-containerd/containerd.sock",productcatalogservice,"productcatalogservice-6b5dd45849-52szd"
"2023-08-23 06:02:12","/usr/bin/containerd-shim-runc-v2, -namespace, moby, -id, 91491ffa4967a1297dcca573a5ff7181418d76c7e1bd3074d31f2f82e943fd34, -address, /var/run/desktop-containerd/containerd.sock",productcatalogservice,"productcatalogservice-6b5dd45849-52szd"
"2023-08-23 06:02:02","/usr/bin/containerd-shim-runc-v2, -namespace, moby, -id, 25ac87e12ffcc66b2a8f562cf53b1af57461a01cb4aef48b1bb5c2ba650be1e9, -address, /var/run/desktop-containerd/containerd.sock",currencyservice,"currencyservice-ccbc788bc-7lbhx"
"2023-08-23 06:02:01","/usr/bin/containerd-shim-runc-v2, -namespace, moby, -id, 25ac87e12ffcc66b2a8f562cf53b1af57461a01cb4aef48b1bb5c2ba650be1e9, -address, /var/run/desktop-containerd/containerd.sock",cartservice,"cartservice-6969c94d94-l66mx"
"2023-08-23 06:02:01","/usr/bin/containerd-shim-runc-v2, -namespace, moby, -id, 10ef6285a888b6805db66f72050b2489f677a20deeeba748b435a99f914a4357, -address, /var/run/desktop-containerd/containerd.sock",cartservice,"cartservice-6969c94d94-l66mx"
"2023-08-23 06:02:01","/usr/bin/containerd-shim-runc-v2, -namespace, moby, -id, 38e79ccd24d27588d7003ce6344c243dab6b5e6a9028ab4fdddb0d1e1186b193, -address, /var/run/desktop-containerd/containerd.sock",cartservice,"cartservice-6969c94d94-l66mx"
"2023-08-23 06:01:08","runc, --version",shippingservice,"shippingservice-7ccdfd8767-zlxq5"
"2023-08-23 06:00:56","/usr/bin/containerd-shim-runc-v2, -namespace, moby, -id, a92756d9c8827b7c5ee22c743969a28955e4e38c570a7d575da6768d6b1ea479, -address, /var/run/desktop-containerd/containerd.sock",loadgenerator,"loadgenerator-7f8f5d8fb6-5mm4r"
"2023-08-23 06:00:56","/usr/bin/containerd-shim-runc-v2, -namespace, moby, -id, 3593ef93335ab61b425b47c31f24ffc6c21501ffd471b73b21dc69cd8fd52c6b, -address, /var/run/desktop-containerd/containerd.sock",loadgenerator,"loadgenerator-7f8f5d8fb6-5mm4r"
"2023-08-23 06:00:54","/usr/bin/containerd-shim-runc-v2, -namespace, moby, -id, e2e069834c40cc63d3152c1853f896a117a456e635dd4a82956b7dd0ea73e7dc, -address, /var/run/desktop-containerd/containerd.sock",frontend,"frontend-846c85c54c-9rg78"
"2023-08-23 06:00:54","/usr/bin/containerd-shim-runc-v2, -namespace, moby, -id, 3593ef93335ab61b425b47c31f24ffc6c21501ffd471b73b21dc69cd8fd52c6b, -address, /var/run/desktop-containerd/containerd.sock",frontend,"frontend-846c85c54c-9rg78"
"2023-08-23 06:00:07","/usr/bin/containerd-shim-runc-v2, -namespace, moby, -id, 0d33f80eebb11426c79842ae9b7d3bbbf01b9dbf323872e31ecb0e20a321543f, -address, /var/run/desktop-containerd/containerd.sock","redis-cart","redis-cart-6997b66668-xkfsv"
"2023-08-23 06:00:07","runc, init","redis-cart","redis-cart-6997b66668-xkfsv"
"2023-08-23 06:00:07","/usr/bin/containerd-shim-runc-v2, -namespace, moby, -id, c7ed4d81a4dd4e6bba81ab66d68abb7f2f176e5ab2407704c542255942422ab4, -address, /var/run/desktop-containerd/containerd.sock","redis-cart","redis-cart-6997b66668-xkfsv"
"2023-08-23 06:00:06","/usr/bin/containerd-shim-runc-v2, -namespace, moby, -id, ba68b0586fba3281fa93fd8e6b9ccaaffbd820c2a69ea0e1bde16a490f0464b2, -address, /var/run/desktop-containerd/containerd.sock",currencyservice,"currencyservice-ccbc788bc-7lbhx"
"2023-08-23 06:00:06","/usr/bin/containerd-shim-runc-v2, -namespace, moby, -id, 321be2b971d47636447d77bfa1f80e51d363f24e10de0ef1cd2c9b64cab5782b, -address, /var/run/desktop-containerd/containerd.sock",currencyservice,"currencyservice-ccbc788bc-7lbhx"
"2023-08-23 06:00:06","runc, init",currencyservice,"currencyservice-ccbc788bc-7lbhx"
"2023-08-23 06:00:05","/usr/bin/containerd-shim-runc-v2, -namespace, moby, -id, 7770ec2c37cc0224ece180e8402123af20f9843e20650f12f8c533440b8ceb3d, -address, /var/run/desktop-containerd/containerd.sock",currencyservice,"currencyservice-ccbc788bc-7lbhx"
"2023-08-23 06:00:05","/usr/bin/containerd-shim-runc-v2, -namespace, moby, -id, 3ba7e41a3aa1fb3354b461f51529522f001fc56ceaf1b0b7a53deefd0f23d7c5, -address, /var/run/desktop-containerd/containerd.sock",currencyservice,"currencyservice-ccbc788bc-7lbhx"
"2023-08-23 06:00:05","runc, init",currencyservice,"currencyservice-ccbc788bc-7lbhx"
"2023-08-23 06:00:05","/usr/bin/containerd-shim-runc-v2, -namespace, moby, -id, 50376ad26e9c8eb5a3af76c0dcd5dd99eb6414b53cb2aadf572ee037730fd6da, -address, /var/run/desktop-containerd/containerd.sock",currencyservice,"currencyservice-ccbc788bc-7lbhx"
"2023-08-23 06:00:05","/usr/bin/containerd-shim-runc-v2, -namespace, moby, -id, bcf5e80036cdc0cc86a6735ddbe7538bd4822efc6dbc15ea391fbeeaf5242972, -address, /var/run/desktop-containerd/containerd.sock",currencyservice,"currencyservice-ccbc788bc-7lbhx"
"2023-08-23 05:59:58","/usr/bin/containerd-shim-runc-v2, -namespace, moby, -id, 3ba7e41a3aa1fb3354b461f51529522f001fc56ceaf1b0b7a53deefd0f23d7c5, -address, /var/run/desktop-containerd/containerd.sock",loadgenerator,"loadgenerator-7f8f5d8fb6-5mm4r"
"2023-08-23 05:59:58","/usr/bin/containerd-shim-runc-v2, -namespace, moby, -id, 50376ad26e9c8eb5a3af76c0dcd5dd99eb6414b53cb2aadf572ee037730fd6da, -address, /var/run/desktop-containerd/containerd.sock",loadgenerator,"loadgenerator-7f8f5d8fb6-5mm4r"
"2023-08-23 05:59:58","/usr/bin/containerd-shim-runc-v2, -namespace, moby, -id, c7ed4d81a4dd4e6bba81ab66d68abb7f2f176e5ab2407704c542255942422ab4, -address, /var/run/desktop-containerd/containerd.sock",loadgenerator,"loadgenerator-7f8f5d8fb6-5mm4r"
"2023-08-23 05:59:58","/usr/bin/containerd-shim-runc-v2, -namespace, moby, -id, 7770ec2c37cc0224ece180e8402123af20f9843e20650f12f8c533440b8ceb3d, -address, /var/run/desktop-containerd/containerd.sock",loadgenerator,"loadgenerator-7f8f5d8fb6-5mm4r"
"2023-08-23 05:59:57","/usr/bin/containerd-shim-runc-v2, -namespace, moby, -id, b587e0934ec356324a4b3251668e5df9467e956ec871d8d1bdcb17d9d50ae030, -address, /var/run/desktop-containerd/containerd.sock",frontend,"frontend-846c85c54c-9rg78"
"2023-08-23 05:59:57","/usr/bin/containerd-shim-runc-v2, -namespace, moby, -id, 558fff2f3a709950a015c0245a9a2ae9ea0c6eeb8926b110dd9123dba17c3bc5, -address, /var/run/desktop-containerd/containerd.sock",frontend,"frontend-846c85c54c-9rg78"
"2023-08-23 05:59:56","/usr/bin/containerd-shim-runc-v2, -namespace, moby, -id, 558fff2f3a709950a015c0245a9a2ae9ea0c6eeb8926b110dd9123dba17c3bc5, -address, /var/run/desktop-containerd/containerd.sock",frontend,"frontend-846c85c54c-9rg78"
"2023-08-23 05:59:56","/usr/bin/containerd-shim-runc-v2, -namespace, moby, -id, 6c2003c771b64bf0745e68265ecdf6c87b464dbfc0ad85baac067c5e5c984030, -address, /var/run/desktop-containerd/containerd.sock",frontend,"frontend-846c85c54c-9rg78"
"2023-08-23 05:58:52","runc, --root, /var/run/docker/runtime-runc/moby, --log, /var/run/desktop-containerd/daemon/io.containerd.runtime.v2.task/moby/0f0e1c7555f061d156dd7c26ca8cbebaaebce7df4e55078b19fcccc3b18ce9f3/log.json, --log-format, json, create, --bundle, /var/run/desktop-containerd/daemon/io.containerd.runtime.v2.task/moby/0f0e1c7555f061d156dd7c26ca8cbebaaebce7df4e55078b19fcccc3b18ce9f3, --pid-file, /var/run/desktop-containerd/daemon/io.containerd.runtime.v2.task/moby/0f0e1c7555f061d156dd7c26ca8cbebaaebce7df4e55078b19fcccc3b18ce9f3/init.pid, 0f0e1c7555f061d156dd7c26ca8cbebaaebce7df4e55078b19fcccc3b18ce9f3",loadgenerator,"loadgenerator-7f8f5d8fb6-5mm4r"
"2023-08-23 05:58:52","runc, --root, /var/run/docker/runtime-runc/moby, --log, /var/run/desktop-containerd/daemon/io.containerd.runtime.v2.task/moby/afc6fdec68ba2b00034379a6141fa2b96bfa47e36691e1ffe95fc88095a43432/log.json, --log-format, json, create, --bundle, /var/run/desktop-containerd/daemon/io.containerd.runtime.v2.task/moby/afc6fdec68ba2b00034379a6141fa2b96bfa47e36691e1ffe95fc88095a43432, --pid-file, /var/run/desktop-containerd/daemon/io.containerd.runtime.v2.task/moby/afc6fdec68ba2b00034379a6141fa2b96bfa47e36691e1ffe95fc88095a43432/init.pid, afc6fdec68ba2b00034379a6141fa2b96bfa47e36691e1ffe95fc88095a43432",loadgenerator,"loadgenerator-7f8f5d8fb6-5mm4r"
"2023-08-23 05:58:52","runc, --root, /var/run/docker/runtime-runc/moby, --log, /var/run/desktop-containerd/daemon/io.containerd.runtime.v2.task/moby/f49dddc0efb60253c06b19ecda51da5cea3c18f94154c675318ec3cc7521b7f8/log.json, --log-format, json, create, --bundle, /var/run/desktop-containerd/daemon/io.containerd.runtime.v2.task/moby/f49dddc0efb60253c06b19ecda51da5cea3c18f94154c675318ec3cc7521b7f8, --pid-file, /var/run/desktop-containerd/daemon/io.containerd.runtime.v2.task/moby/f49dddc0efb60253c06b19ecda51da5cea3c18f94154c675318ec3cc7521b7f8/init.pid, f49dddc0efb60253c06b19ecda51da5cea3c18f94154c675318ec3cc7521b7f8",loadgenerator,"loadgenerator-7f8f5d8fb6-5mm4r"
"2023-08-23 05:58:51","runc, --root, /var/run/docker/runtime-runc/moby, --log, /var/run/desktop-containerd/daemon/io.containerd.runtime.v2.task/moby/580f3987d71a3f215e22187b9a597cb10e071a58b975a98436fb56cf2dd9800e/log.json, --log-format, json, create, --bundle, /var/run/desktop-containerd/daemon/io.containerd.runtime.v2.task/moby/580f3987d71a3f215e22187b9a597cb10e071a58b975a98436fb56cf2dd9800e, --pid-file, /var/run/desktop-containerd/daemon/io.containerd.runtime.v2.task/moby/580f3987d71a3f215e22187b9a597cb10e071a58b975a98436fb56cf2dd9800e/init.pid, 580f3987d71a3f215e22187b9a597cb10e071a58b975a98436fb56cf2dd9800e",frontend,"frontend-846c85c54c-9rg78"
"2023-08-23 05:58:50","/usr/bin/containerd-shim-runc-v2, -namespace, moby, -id, 0f0e1c7555f061d156dd7c26ca8cbebaaebce7df4e55078b19fcccc3b18ce9f3, -address, /var/run/desktop-containerd/containerd.sock",frontend,"frontend-846c85c54c-9rg78"
"2023-08-23 05:58:50","runc, init",frontend,"frontend-846c85c54c-9rg78"
"2023-08-23 05:58:50","runc, --root, /var/run/docker/runtime-runc/moby, --log, /var/run/desktop-containerd/daemon/io.containerd.runtime.v2.task/moby/0f0e1c7555f061d156dd7c26ca8cbebaaebce7df4e55078b19fcccc3b18ce9f3/log.json, --log-format, json, create, --bundle, /var/run/desktop-containerd/daemon/io.containerd.runtime.v2.task/moby/0f0e1c7555f061d156dd7c26ca8cbebaaebce7df4e55078b19fcccc3b18ce9f3, --pid-file, /var/run/desktop-containerd/daemon/io.containerd.runtime.v2.task/moby/0f0e1c7555f061d156dd7c26ca8cbebaaebce7df4e55078b19fcccc3b18ce9f3/init.pid, 0f0e1c7555f061d156dd7c26ca8cbebaaebce7df4e55078b19fcccc3b18ce9f3",frontend,"frontend-846c85c54c-9rg78"
"2023-08-23 05:58:50","runc, --root, /var/run/docker/runtime-runc/moby, --log, /var/run/desktop-containerd/daemon/io.containerd.runtime.v2.task/moby/f49dddc0efb60253c06b19ecda51da5cea3c18f94154c675318ec3cc7521b7f8/log.json, --log-format, json, create, --bundle, /var/run/desktop-containerd/daemon/io.containerd.runtime.v2.task/moby/f49dddc0efb60253c06b19ecda51da5cea3c18f94154c675318ec3cc7521b7f8, --pid-file, /var/run/desktop-containerd/daemon/io.containerd.runtime.v2.task/moby/f49dddc0efb60253c06b19ecda51da5cea3c18f94154c675318ec3cc7521b7f8/init.pid, f49dddc0efb60253c06b19ecda51da5cea3c18f94154c675318ec3cc7521b7f8",frontend,"frontend-846c85c54c-9rg78"
"2023-08-23 05:58:50","/usr/bin/containerd-shim-runc-v2, -namespace, moby, -id, f49dddc0efb60253c06b19ecda51da5cea3c18f94154c675318ec3cc7521b7f8, -address, /var/run/desktop-containerd/containerd.sock",frontend,"frontend-846c85c54c-9rg78"
"2023-08-23 05:58:50","runc, --root, /var/run/docker/runtime-runc/moby, --log, /var/run/desktop-containerd/daemon/io.containerd.runtime.v2.task/moby/afc6fdec68ba2b00034379a6141fa2b96bfa47e36691e1ffe95fc88095a43432/log.json, --log-format, json, create, --bundle, /var/run/desktop-containerd/daemon/io.containerd.runtime.v2.task/moby/afc6fdec68ba2b00034379a6141fa2b96bfa47e36691e1ffe95fc88095a43432, --pid-file, /var/run/desktop-containerd/daemon/io.containerd.runtime.v2.task/moby/afc6fdec68ba2b00034379a6141fa2b96bfa47e36691e1ffe95fc88095a43432/init.pid, afc6fdec68ba2b00034379a6141fa2b96bfa47e36691e1ffe95fc88095a43432",frontend,"frontend-846c85c54c-9rg78"
"2023-08-23 05:58:50","runc, init",frontend,"frontend-846c85c54c-9rg78"
"2023-08-23 05:58:50","runc, init",frontend,"frontend-846c85c54c-9rg78"
"2023-08-23 05:58:50","/usr/bin/containerd-shim-runc-v2, -namespace, moby, -id, afc6fdec68ba2b00034379a6141fa2b96bfa47e36691e1ffe95fc88095a43432, -address, /var/run/desktop-containerd/containerd.sock",frontend,"frontend-846c85c54c-9rg78"
