,timestamp,adservice-76b448fddf-mt4pz_cpu,adservice-76b448fddf-mt4pz_memory,cartservice-6969c94d94-bm86p_cpu,cartservice-6969c94d94-bm86p_memory,checkoutservice-6d6f4d7cc7-6vtw5_cpu,checkoutservice-6d6f4d7cc7-6vtw5_memory,currencyservice-ccbc788bc-75kbw_cpu,currencyservice-ccbc788bc-75kbw_memory,emailservice-9f8578d69-blc6d_cpu,emailservice-9f8578d69-blc6d_memory,frontend-846c85c54c-chcfv_cpu,frontend-846c85c54c-chcfv_memory,loadgenerator-7f8f5d8fb6-gxnfl_cpu,loadgenerator-7f8f5d8fb6-gxnfl_memory,paymentservice-78549bfd9c-dmwzb_cpu,paymentservice-78549bfd9c-dmwzb_memory,productcatalogservice-6b5dd45849-8cd8z_cpu,productcatalogservice-6b5dd45849-8cd8z_memory,recommendationservice-cc746f6c7-8bv54_cpu,recommendationservice-cc746f6c7-8bv54_memory,redis-cart-6997b66668-g888c_cpu,redis-cart-6997b66668-g888c_memory,shippingservice-7ccdfd8767-rk992_cpu,shippingservice-7ccdfd8767-rk992_memory
0,2023-08-23 08:20:45,22.024603019015583,1.44974488623305,18.92658088488267,0.0,10.382871536523952,0.3378988813199175,39.20140466845691,1.3109583560647389,7.586651583710365,0.0,84.46382617140097,-0.1858234808908441,20.33119351822999,0.0,6.749025194960983,0.6081343731253749,45.840297697496034,0.0,22.858941664010214,0.0,8.075504357168464,0.0,7.867231243001131,0.0
1,2023-08-23 08:20:50,26.632386003343644,1.5787859696315436,18.92658088488267,0.0,10.382871536523952,0.23379399809737958,39.20140466845691,1.3109583560647389,8.418911101112098,0.0,87.48563919654593,0.0,20.33119351822999,0.0,6.749025194960983,0.6081343731253749,46.29212940608392,0.0,22.858941664010214,0.0,8.075504357168464,0.0,7.867231243001131,0.0
2,2023-08-23 08:20:55,26.632386003343644,1.6156968301753143,18.92658088488267,0.0,10.382871536523952,0.23379399809737958,36.565638704201376,0.17548588120740016,8.418911101112098,0.0,87.48563919654593,0.0,22.86224513068464,0.0,6.749025194960983,0.4400663035392921,46.29212940608392,0.0,22.858941664010214,0.0,8.075504357168464,0.0,9.800145985401436,0.0
3,2023-08-23 08:21:00,21.02234946435148,1.737750160702807,24.130149294995935,0.0,11.48182494704905,0.3109812492810307,36.565638704201376,0.17548588120740016,8.418911101112098,0.0,87.48563919654593,0.0,22.86224513068464,0.0,7.81697919342411,1.0416234266632418,46.29212940608392,0.0,22.858941664010214,0.0,8.772310387469073,0.0,9.800145985401436,0.0
4,2023-08-23 08:21:05,21.02234946435148,1.6128180107877113,24.130149294995935,0.0,11.48182494704905,0.21965440658685878,36.565638704201376,0.17548588120740016,8.418911101112098,0.0,87.48563919654593,0.0,22.86224513068464,0.0,7.81697919342411,1.0416234266632418,39.01551625055884,-0.17971281687644033,21.098683876213208,0.0,8.772310387469073,0.0,9.800145985401436,0.0
5,2023-08-23 08:21:10,21.02234946435148,1.9019391823227454,17.371492604213294,-0.33744650582727365,11.48182494704905,0.21965440658685878,36.565638704201376,0.7250465566449181,8.087701771912279,0.15519902020820578,78.43760120609745,0.0,17.07447924471753,0.15804809603616948,7.81697919342411,1.0416234266632418,39.01551625055884,-0.17971281687644033,21.098683876213208,0.0,8.772310387469073,0.0,6.2301504022385386,0.0
6,2023-08-23 08:21:15,21.02234946435148,1.5941473078145765,17.371492604213294,-0.40392867815519473,11.48182494704905,0.21965440658685878,36.565638704201376,0.6543051310142703,8.087701771912279,0.15519902020820578,78.43760120609745,0.0,17.07447924471753,0.15804809603616948,4.956685499058394,0.6593829017439734,39.01551625055884,-0.17971281687644033,21.098683876213208,0.0,8.772310387469073,0.0,6.2301504022385386,0.0
7,2023-08-23 08:21:20,25.78364772595778,1.8942316606478735,17.371492604213294,-0.40392867815519473,11.48182494704905,0.3405507813841662,36.565638704201376,0.5835637053836223,8.087701771912279,0.23455807496529385,84.31564191801996,0.36668987656553775,17.07447924471753,0.2299492472142675,4.956685499058394,0.6593829017439734,39.01551625055884,-0.21031690365819605,21.098683876213208,0.0,8.772310387469073,0.0,5.8368945868946325,0.0
8,2023-08-23 08:21:25,25.78364772595778,1.9625333831973073,17.371492604213294,-0.3259480027891224,11.48182494704905,0.30186281985230984,36.565638704201376,0.5128222797529745,8.087701771912279,0.23455807496529385,84.31564191801996,0.36668987656553775,19.87022748436875,0.16122457905095125,4.956685499058394,0.6593829017439734,46.51218587521662,0.15998421872842403,21.57289208324396,0.0,8.772310387469073,0.0,5.8368945868946325,0.0
9,2023-08-23 08:21:30,25.78364772595778,1.9625333831973073,21.75506722857715,0.1780283174185051,6.435422616992567,0.49321386580174337,31.430848393574344,0.8813388393827429,7.164535293525277,0.1489782872258349,84.31564191801996,0.36668987656553775,19.87022748436875,0.16122457905095125,4.956685499058394,0.0,46.51218587521662,0.23765802197802197,21.57289208324396,0.0,7.172764631802216,0.0,5.8368945868946325,0.0
10,2023-08-23 08:21:35,25.78364772595778,1.6225184922091784,21.75506722857715,0.1780283174185051,6.435422616992567,0.49321386580174337,31.430848393574344,0.881338839382743,7.164535293525277,0.20858722769476096,74.54427573233028,0.0,19.87022748436875,0.22558958139534885,5.955762755762731,0.6963183554163656,46.51218587521662,0.23765802197802197,16.01426863292146,0.0,7.172764631802216,0.0,6.247742037711897,0.0
11,2023-08-23 08:21:40,20.872286541244357,1.538006658519112,18.715771230502693,0.7248779964605566,6.435422616992567,0.5090913656194093,31.430848393574344,1.7812048192771084,7.164535293525277,0.20858722769476096,74.54427573233028,0.0,19.87022748436875,0.23911590697674417,5.955762755762731,0.8683401589978319,31.28089459304905,0.16264399165730786,16.01426863292146,0.0,7.072494997691232,0.0,6.247742037711897,0.0
12,2023-08-23 08:21:45,20.872286541244357,1.538006658519112,18.715771230502693,0.9777542015287055,6.435422616992567,0.5090913656194093,31.430848393574344,1.7812048192771084,7.164535293525277,0.20858722769476096,74.54427573233028,0.0,16.480652605592308,0.1725071788654202,5.955762755762731,0.8683401589978319,31.28089459304905,0.16264399165730786,16.01426863292146,0.0,7.072494997691232,0.0,6.247742037711897,0.0
13,2023-08-23 08:21:50,21.04032777828916,1.3661670632330336,17.432360007392223,0.15508327755999618,8.075322154526324,0.3217774956356133,33.20857467935455,2.3756288079987504,7.164535293525277,0.0,73.15961800818525,-0.1696955905503767,16.480652605592308,0.1725071788654202,4.733932548520539,0.8121287376579681,31.28089459304905,0.47423208490483293,16.01426863292146,0.0,7.072494997691232,0.0,6.247742037711897,0.0
14,2023-08-23 08:21:55,21.04032777828916,1.3661670632330336,17.432360007392223,0.15508327755999618,8.075322154526324,0.3217774956356133,33.20857467935455,2.16509272652048,7.164535293525277,0.0,73.15961800818525,-0.20712756991444262,16.480652605592308,0.0,4.733932548520539,0.8121287376579681,31.28089459304905,0.47423208490483293,18.270859110226468,0.16292498694202256,7.072494997691232,0.0,6.247742037711897,0.0
15,2023-08-23 08:22:00,21.04032777828916,1.0738627561322784,17.432360007392223,0.1971336898395722,7.271465004250477,0.0,33.20857467935455,2.4447120893669836,7.182229788467131,0.0,73.15961800818525,-0.20712756991444262,16.99764084704817,0.0,4.733932548520539,1.272089594378392,41.67176529588767,0.14979000055408828,18.270859110226468,0.16292498694202256,7.989419007310504,0.0,7.2051835021373485,0.0
16,2023-08-23 08:22:05,21.04032777828916,0.8758648360422391,17.432360007392223,0.16336030802139037,7.271465004250477,0.0,26.42516968325785,1.76376420142641,7.182229788467131,0.0,73.15961800818525,-0.16587408688545524,16.99764084704817,0.0,4.733932548520539,1.041549857263858,41.67176529588767,-0.22730681913730763,18.270859110226468,0.21910422817498554,7.989419007310504,0.0,7.2051835021373485,0.0
17,2023-08-23 08:22:10,21.04032777828916,0.7863762730312157,17.916089260240444,0.1659975315897737,7.271465004250477,0.0,26.42516968325785,2.190966068727037,7.182229788467131,0.0,73.15961800818525,-0.20514585901218285,16.99764084704817,0.0,5.5958889924407185,1.1089949405168877,34.53694292415948,-0.17664786216810785,17.92871162203849,0.17863612334801762,7.44307770614184,0.0,7.2051835021373485,0.0
18,2023-08-23 08:22:15,19.818457007281637,1.3354811087732137,17.916089260240444,0.19860123420511314,7.271465004250477,0.0,26.42516968325785,2.190966068727037,6.608792765308366,0.0,67.25044789800421,0.15356509884117248,17.50420472669289,0.0,5.5958889924407185,0.628063203161262,34.53694292415948,-0.17664786216810785,17.92871162203849,0.17863612334801762,7.44307770614184,0.0,7.0257832320490525,0.0
19,2023-08-23 08:22:20,19.818457007281637,1.6079123120061178,17.916089260240444,0.19860123420511314,6.986893336989338,-0.31867971236590825,26.42516968325785,2.1909660687270374,6.608792765308366,0.0,67.25044789800421,0.2138283062645012,17.50420472669289,0.0,5.5958889924407185,0.7630383240293546,33.7249366018598,-0.1404561749883099,17.92871162203849,0.17863612334801762,7.41359109548921,0.0,7.0257832320490525,0.0
20,2023-08-23 08:22:25,19.818457007281637,1.6079123120061178,17.916089260240444,0.16317739406406112,6.986893336989338,-0.31867971236590825,27.958860252921514,1.7454482845203292,6.608792765308366,0.0,67.25044789800421,0.2138283062645012,17.50420472669289,0.0,5.193677533406138,0.7932549541266457,33.7249366018598,-0.19308794819294317,17.246273622571152,0.16937284631288768,7.41359109548921,0.0,7.0257832320490525,0.0
21,2023-08-23 08:22:30,29.212946832972847,2.123143098795763,15.30318758815238,-0.6733849507005709,6.986893336989338,-0.5013804828289697,27.958860252921514,0.8907037148897614,6.608792765308366,0.0,70.37782351699401,-0.14259230606934384,14.666645893057352,0.0,5.193677533406138,0.7932549541266457,36.24078646547782,0.0,17.246273622571152,0.16937284631288768,7.41359109548921,0.0,7.0257832320490525,0.0
22,2023-08-23 08:22:35,29.212946832972847,2.123143098795763,15.30318758815238,-0.6733849507005709,6.986893336989338,-0.5013804828289697,27.958860252921514,0.8907037148897614,6.608792765308366,0.0,70.37782351699401,0.0,14.666645893057352,0.0,5.193677533406138,0.841578332944198,36.24078646547782,0.0,17.246273622571152,0.0,7.41359109548921,0.0,7.081622886312919,0.0
23,2023-08-23 08:22:40,15.972092374241496,1.3738136645962733,17.49713292788866,0.0,5.167935222672043,-0.318817517100401,27.958860252921514,0.8907037148897614,6.851744634861804,0.0,70.37782351699401,0.0,14.666645893057352,0.0,5.6263106881663525,1.1377777777777778,36.24078646547782,0.20181393072097462,18.26920994042973,0.17664016727288567,7.621430190389823,0.17468483048540753,7.081622886312919,0.0
24,2023-08-23 08:22:45,15.972092374241496,1.3738136645962733,17.49713292788866,0.0,5.167935222672043,-0.318817517100401,25.42158345940498,1.5859430054576809,6.851744634861804,0.0,70.37782351699401,0.0,14.666645893057352,0.0,5.6263106881663525,1.1377777777777778,36.24078646547782,0.2037105511410128,18.26920994042973,0.17664016727288567,7.621430190389823,0.20439739906245274,7.081622886312919,0.0
25,2023-08-23 08:22:50,15.972092374241496,0.8734744275554316,17.49713292788866,-0.2303277052847614,5.167935222672043,-0.4412448313384113,25.42158345940498,1.8923730263669598,6.851744634861804,0.0,63.6131849724815,0.0,16.037393703891567,0.0,5.6263106881663525,1.325956444967628,35.91651994414413,0.0,18.26920994042973,0.17664016727288567,7.621430190389823,0.17587033539996974,5.597831550226128,0.0
26,2023-08-23 08:22:55,18.550229951135307,0.6506974828169014,13.972952354532428,-0.18578091354744125,3.300192870030478,-0.30700811992504684,25.42158345940498,1.8923730263669598,6.1676758567379135,0.0,63.6131849724815,0.0,16.037393703891567,0.0,5.4011868368998295,-0.686349730244367,35.91651994414413,0.0,18.26920994042973,0.256266944734098,6.982364659011029,0.1429189722623621,5.597831550226128,0.0
27,2023-08-23 08:23:00,18.550229951135307,0.7615098591549295,13.972952354532428,-0.18578091354744125,3.300192870030478,0.0,25.42158345940498,1.8923730263669598,6.1676758567379135,0.0,63.6131849724815,0.0,16.037393703891567,0.0,5.4011868368998295,-0.686349730244367,35.91651994414413,0.0,16.659005879208785,0.16726642742234873,6.982364659011029,0.18039236620846122,5.597831550226128,0.0
28,2023-08-23 08:23:05,21.81888997078865,0.7523684064048092,17.193342635040878,-0.1510594546267322,3.300192870030478,0.0,25.42158345940498,2.216571158850227,6.1676758567379135,0.0,63.6131849724815,0.0,16.33488275287898,0.0,5.4011868368998295,-0.686349730244367,35.13749922123248,0.14669054208041676,16.659005879208785,0.16726642742234873,6.982364659011029,0.18039236620846122,5.597831550226128,0.0
29,2023-08-23 08:23:10,21.81888997078865,0.7523684064048092,17.193342635040878,0.0,3.300192870030478,0.0,26.160079408049015,1.1942896812874724,6.1676758567379135,0.0,76.369892473118,-0.148186153593159,16.33488275287898,0.0,6.9885843391402656,-1.0849363447860696,35.13749922123248,0.18662309869526195,18.02171087837336,0.17426416553858054,7.309054521195938,0.1583845327604726,6.899788102744343,0.0
30,2023-08-23 08:23:15,21.81888997078865,-0.20507965407373693,17.193342635040878,0.0,10.549511629161941,-2.5950302094901088,26.160079408049015,1.1942896812874724,6.933412112260062,0.0,76.369892473118,0.22665884128448058,16.33488275287898,0.0,6.9885843391402656,-1.0849363447860696,35.13749922123248,0.18662309869526195,18.02171087837336,0.17426416553858054,7.309054521195938,0.1583845327604726,6.899788102744343,0.0
31,2023-08-23 08:23:20,21.81888997078865,-0.17540804612350175,18.214214588000807,-0.15587015433107188,10.549511629161941,-3.984260779100682,26.160079408049015,1.1942896812874724,6.933412112260062,0.0,76.369892473118,0.22665884128448058,19.588181148748205,0.0,6.9885843391402656,-1.0849363447860696,35.13749922123248,0.0,18.02171087837336,0.17426416553858054,7.083450014001721,0.0,6.899788102744343,0.0
32,2023-08-23 08:23:25,14.549904132935776,-0.1390569596378725,18.214214588000807,-0.15587015433107188,10.549511629161941,-3.984260779100682,26.160079408049015,0.0,6.933412112260062,0.0,81.50642305133321,0.14660303687635576,19.588181148748205,0.0,6.9885843391402656,-2.178697391200526,35.13749922123248,0.0,20.28955493636556,0.37547535822588485,7.083450014001721,0.0,6.899788102744343,0.0
33,2023-08-23 08:23:30,14.549904132935776,0.18436609152288072,18.214214588000807,-0.20014510994299253,4.791689410480352,-10.042933008526187,26.160079408049015,0.0,7.668622942884799,0.0,81.50642305133321,-0.21008392912651538,16.978230662343666,0.0,4.992180259499508,-1.2780333293936885,38.02647623820254,-0.20276720754056554,20.28955493636556,0.37547535822588485,7.083450014001721,0.0,6.376197961563826,0.0
34,2023-08-23 08:23:35,14.549904132935776,0.18436609152288072,18.214214588000807,-0.1634568434145258,4.791689410480352,-10.04293300852619,26.160079408049015,0.0,7.668622942884799,0.0,81.50642305133321,-0.21008392912651538,16.978230662343666,0.0,4.992180259499508,-1.2780333293936885,38.02647623820254,-0.20276720754056554,20.28955493636556,0.37547535822588485,7.32926163504843,0.0,6.376197961563826,0.0
35,2023-08-23 08:23:40,14.549904132935776,0.2696797792039371,16.6914186963331,0.0,14.829210487335173,-1.5633386879136413,26.160079408049015,0.0,7.668622942884799,0.0,60.46520438683971,-0.1511692669015266,16.978230662343666,0.0,4.992180259499508,0.2379508846052284,38.02647623820254,-0.20276720754056554,14.680988342253963,0.34106780349508736,7.32926163504843,0.0,5.866878450949249,0.0
36,2023-08-23 08:23:45,15.949714800360157,0.324020855390639,16.6914186963331,0.0,14.829210487335173,-1.5633386879136413,34.59727548860181,2.239460006749916,6.719139379889873,0.0,60.46520438683971,-0.1511692669015266,16.978230662343666,0.0,5.121184562041777,0.15694093970121528,35.86244598664396,0.1467330064590834,14.680988342253963,0.4055141378534463,7.32926163504843,0.0,5.866878450949249,0.0
37,2023-08-23 08:23:50,15.949714800360157,0.324020855390639,16.6914186963331,0.0,14.829210487335173,-1.5633386879136413,34.59727548860181,2.239460006749916,6.719139379889873,0.0,60.46520438683971,0.0,17.886223251709687,0.1793352939875727,5.121184562041777,0.15694093970121528,35.86244598664396,0.0,14.680988342253963,0.4055141378534463,7.32926163504843,0.0,5.866878450949249,0.0
38,2023-08-23 08:23:55,15.949714800360157,0.20922759403539548,21.36456330478368,0.15672257865038264,16.897237948190174,2.570045569620253,34.59727548860181,2.2394600067499155,6.719139379889873,0.0,60.46520438683971,0.0,17.886223251709687,0.1793352939875727,5.121184562041777,0.23266718306222567,35.86244598664396,0.0,21.29402674591379,0.42816837955793324,8.660362632084535,0.19299145705922946,10.061780419896149,0.17542514762821484
39,2023-08-23 08:24:00,15.949714800360157,0.20922759403539548,21.36456330478368,0.15672257865038264,16.897237948190174,3.055334538878842,34.59727548860181,2.2394600067499155,8.627367012378688,0.0,79.50279676817917,0.3200884082566997,17.08885984972237,0.1411258635390746,5.121184562041777,0.23266718306222567,41.21924556312851,0.0,21.29402674591379,0.5562087648309444,8.660362632084535,0.19299145705922946,10.061780419896149,0.17542514762821484
40,2023-08-23 08:24:05,16.438713785418646,0.8354017305315203,21.36456330478368,0.45460089686098654,16.897237948190174,3.055334538878842,29.715048244713774,3.7375793536494033,8.627367012378688,0.0,79.50279676817917,0.3200884082566997,17.08885984972237,0.19698525661266425,7.204724409448811,0.15260287891617272,41.21924556312851,0.4206476849765726,21.29402674591379,0.5562087648309444,8.660362632084535,0.19299145705922946,7.040378955114058,0.14202546276027528
41,2023-08-23 08:24:10,16.438713785418646,0.8354017305315203,21.36456330478368,0.45460089686098654,4.84390346569378,2.24988348437211,29.715048244713774,3.944319343050708,8.627367012378688,0.0,62.559213074122766,0.36825500612995504,17.08885984972237,0.19698525661266425,7.204724409448811,0.0,41.21924556312851,0.5390010966005383,21.29402674591379,0.22469727731092434,7.76151938389247,0.1739166237776634,7.040378955114058,0.18345537167620782
42,2023-08-23 08:24:15,16.438713785418646,0.8354017305315203,16.89094940536173,0.4381932137454074,4.84390346569378,12.140222256051148,29.715048244713774,4.464623182098132,8.627367012378688,0.0,62.559213074122766,0.36825500612995504,17.08885984972237,0.1670626489519322,7.204724409448811,0.0,32.171901946292145,0.7002162792203587,18.389215583324606,0.16380690769541506,7.76151938389247,0.1739166237776634,7.040378955114058,0.2169514739714301
43,2023-08-23 08:24:20,16.438713785418646,0.8354017305315203,16.89094940536173,0.43829978112249035,4.84390346569378,10.482070232912164,43.0422088645219,2.9244197819946276,8.627367012378688,0.0,62.559213074122766,0.36825500612995504,18.29766949152541,0.33573770491803273,7.204724409448811,0.0,32.171901946292145,0.7002162792203587,18.389215583324606,0.16380690769541506,8.175658958987485,0.19088379975051192,7.040378955114058,0.17756152329998395
44,2023-08-23 08:24:25,15.133194588969934,0.8522124730730835,16.89094940536173,0.43829978112249035,12.084207004238255,8.626841976772575,43.0422088645219,3.7478346763711987,8.627367012378688,0.0,62.559213074122766,0.47623404323988827,18.29766949152541,0.3357377049180328,6.803792999092045,-0.8735074586676719,32.171901946292145,0.7002162792203587,18.389215583324606,0.22609015639374422,8.175658958987485,0.19088379975051192,7.914191594495492,0.14429977047488568
45,2023-08-23 08:24:30,15.133194588969934,0.8522124730730836,17.211881444970494,0.15469576164498533,12.084207004238255,1.6647824103640179,43.0422088645219,3.7478346763711987,7.038428844655355,0.0,62.559213074122766,0.4296259952415434,18.29766949152541,0.2273626083499006,6.803792999092045,-1.276708820905704,47.64622373651336,0.1666511866844755,21.123073397123672,0.3041812317155502,8.175658958987485,0.19088379975051192,7.914191594495492,0.18868549625424597
46,2023-08-23 08:24:35,15.133194588969934,0.8522124730730836,17.211881444970494,0.15469576164498533,12.084207004238255,1.6647824103640179,43.0422088645219,3.7478346763711987,7.038428844655355,0.0,62.559213074122766,0.3830179472431985,16.631663326653236,0.17962524916943523,6.803792999092045,-1.276708820905704,47.64622373651336,0.1666511866844755,21.123073397123672,0.3041812317155502,7.37016366714741,0.0,7.914191594495492,0.18868549625424597
47,2023-08-23 08:24:40,16.967935518032586,0.7364364455260338,17.211881444970494,0.0,12.084207004238255,0.5039507860560493,24.6526435474702,3.0052916326984365,7.038428844655355,0.0,83.63039320561428,0.3706617915904936,16.631663326653236,0.17962524916943523,5.018837934891392,-0.8831142810475309,47.64622373651336,0.1666511866844755,21.123073397123672,0.222200060275624,7.37016366714741,0.0,6.14482613866928,0.0
48,2023-08-23 08:24:45,16.967935518032586,0.44786039705110864,17.211881444970494,0.0,3.375846254640794,0.32117856718545795,24.6526435474702,1.1757828810020876,5.938172375417393,0.0,83.63039320561428,0.3706617915904936,16.631663326653236,0.17962524916943523,5.018837934891392,-1.321828701817293,47.64622373651336,0.23961708916858718,21.123073397123672,0.222200060275624,7.37016366714741,0.0,6.14482613866928,0.0
49,2023-08-23 08:24:50,16.967935518032586,0.44786039705110864,18.066622028791567,0.15248810754912098,3.375846254640794,0.32117856718545795,24.6526435474702,1.1757828810020876,5.938172375417393,0.0,83.63039320561428,0.37066179159049356,18.02010080047441,0.16294790138835868,5.018837934891392,-1.321828701817293,38.72811456330331,0.1512848828533055,19.43641276811344,0.14946150160333196,8.530573248407665,0.0,6.14482613866928,0.0
50,2023-08-23 08:24:55,14.5667094095379,0.46260485986994715,18.066622028791567,0.0,10.283106766457866,-1.9723756637347492,32.414985270413,1.5453953009775336,5.938172375417393,0.0,83.63039320561428,0.37066179159049356,18.02010080047441,0.16294790138835868,5.902485795454549,-0.47806653174306873,38.72811456330331,0.15128488285330546,19.43641276811344,0.23029532030895047,8.530573248407665,0.0,7.525724085365893,0.0
51,2023-08-23 08:25:00,14.5667094095379,0.46260485986994715,18.066622028791567,0.0,10.283106766457866,-1.9723756637347492,32.414985270413,1.5453953009775336,6.888647008377801,0.0,67.90402799950881,0.3441213535589265,18.02010080047441,0.0,5.902485795454549,-0.47806653174306873,38.72811456330331,-0.2170095258482286,19.43641276811344,0.23029532030895047,8.530573248407665,0.0,7.525724085365893,0.0
52,2023-08-23 08:25:05,14.5667094095379,0.48601186552406067,16.90922485586145,0.0,10.283106766457866,-1.9723756637347492,32.414985270413,1.9547595072308512,6.888647008377801,0.0,67.90402799950881,0.3441213535589265,18.02010080047441,0.0,5.902485795454549,0.6557705954227959,41.26243112713415,-0.15574443569604207,16.84462122840976,0.16494295185991176,8.530573248407665,0.0,7.525724085365893,0.0
53,2023-08-23 08:25:10,14.5667094095379,0.4860118655240606,16.90922485586145,0.0,10.283106766457866,-3.614808022922636,28.760777473211956,1.3139318333704613,5.617614715585362,0.0,77.47880522267943,0.0,16.697327532628893,0.0,5.087625229293116,1.4341115359961094,41.26243112713415,-0.15574443569604207,16.84462122840976,0.16494295185991176,8.530573248407665,0.0,6.493639242264318,0.16882634580956746
54,2023-08-23 08:25:15,17.133938483641295,0.4997276480374637,16.90922485586145,0.2418609089824645,4.127279683713812,-1.8943956510659985,28.760777473211956,1.3139318333704613,5.617614715585362,0.0,77.47880522267943,0.0,16.697327532628893,0.0,5.087625229293116,1.4341115359961094,41.26243112713415,0.0,14.203858927724054,0.0,7.049838819138106,0.1468605472357532,6.493639242264318,0.16882634580956746
55,2023-08-23 08:25:20,17.133938483641295,0.4997276480374637,14.66444873721123,0.17070618198657098,4.127279683713812,-1.8943956510659985,28.760777473211956,1.0802637362637362,5.617614715585362,0.0,77.47880522267943,0.0,16.697327532628893,0.0,5.087625229293116,1.4341115359961096,33.00812539987215,0.48570139540454754,14.203858927724054,0.0,7.049838819138106,0.20648945921173237,6.493639242264318,0.16882634580956746
56,2023-08-23 08:25:25,17.133938483641295,0.5118384348374881,14.66444873721123,0.17070618198657098,16.142889272059357,-1.7841175706517869,30.281380972338642,1.3209137179852604,7.072781442860194,0.0,77.47880522267943,0.0,15.462302713750567,0.0,5.087625229293116,1.90712508643024,33.00812539987215,0.4857013954045475,14.203858927724054,0.0,8.011699271192953,0.3263351038145823,6.493639242264318,0.24033427174396207
57,2023-08-23 08:25:30,16.299025974025923,0.34445020174134633,14.66444873721123,0.0,16.142889272059357,-2.1182685503977208,30.281380972338642,1.3209137179852604,7.072781442860194,0.0,80.89820661783273,0.17159469352347503,15.462302713750567,0.0,5.210475541936171,1.7678263144127648,33.00812539987215,0.6441826303122219,14.203858927724054,0.0,8.011699271192953,0.3263351038145823,6.351080167912375,0.15221907318080294
58,2023-08-23 08:25:35,16.299025974025923,0.34445020174134633,20.750072017053608,0.8638036809815951,15.213029989658715,-1.537397634212921,30.281380972338642,1.3209137179852601,7.710607700633985,0.0,80.89820661783273,0.17159469352347503,15.462302713750567,0.0,5.210475541936171,1.7678263144127648,33.00812539987215,0.8021575286011012,19.546106965882654,0.0,8.011699271192953,0.47700741089283616,6.351080167912375,0.15221907318080294
59,2023-08-23 08:25:40,23.998525834745795,0.7326178861788618,20.750072017053608,0.8638036809815951,15.213029989658715,-1.537397634212921,39.15329318049361,1.9579633519229376,7.710607700633985,0.0,82.06756369882616,0.16607552913932846,15.462302713750567,0.0,5.709744243486647,2.0116553543644438,38.91931593948695,0.5008798764796706,19.546106965882654,0.0,7.755099372384894,0.4935139959432048,6.351080167912375,0.21606713733848412
60,2023-08-23 08:25:45,23.998525834745795,0.7326178861788618,20.750072017053608,0.8638036809815951,15.213029989658715,0.8180019163850925,39.15329318049361,1.9579633519229376,7.710607700633985,0.0,82.06756369882616,0.19563103049015823,19.046723300970697,0.0,5.709744243486647,2.0116553543644438,38.91931593948695,0.5008798764796706,19.546106965882654,0.0,7.755099372384894,0.4935139959432048,6.351080167912375,0.21606713733848412
61,2023-08-23 08:25:50,23.998525834745795,0.7326178861788618,20.750072017053608,1.2941341673581415,15.213029989658715,0.6931975462201827,31.97236989891434,1.7767080473199943,6.292564444096297,0.0,82.06756369882616,0.19563103049015823,19.046723300970697,0.0,5.709744243486647,2.0116553543644438,38.91931593948695,0.7182570703194189,19.546106965882654,0.0,6.679519718859947,0.4999765409252669,7.308936371148602,0.2977432678010904
62,2023-08-23 08:25:55,23.998525834745795,0.8399295750336592,20.750072017053608,0.9898077334524799,7.038043815552718,0.5201333018034872,31.97236989891434,2.466973348620633,6.292564444096297,0.0,82.06756369882616,0.16087174372829022,19.046723300970697,0.0,4.2160344363733575,1.0803596722985724,38.91931593948695,0.7182570703194189,15.404832399281009,0.0,6.679519718859947,0.5563466476868327,7.308936371148602,0.22234016887816646
63,2023-08-23 08:26:00,23.998525834745795,0.6502699772844963,17.68541666666664,1.0349392933970176,7.038043815552718,0.6069056349622092,31.97236989891434,2.466973348620633,7.618612548512151,0.0,74.72704253010197,-0.16342730478589423,16.6771576898118,0.0,4.2160344363733575,1.0803596722985724,36.69425506051463,0.46084364049625914,15.404832399281009,0.0,6.679519718859947,0.67644128113879,7.308936371148602,0.22234016887816646
64,2023-08-23 08:26:05,23.998525834745795,0.5802758460316912,17.68541666666664,1.3888142476209113,11.087984424253694,0.47823567567567565,31.97236989891434,2.0845856268806893,7.618612548512151,0.0,74.72704253010197,-0.16342730478589423,16.6771576898118,0.0,4.2160344363733575,1.0803596722985724,36.69425506051463,0.0,15.404832399281009,0.0,6.679519718859947,0.5480264199288256,6.973076923076946,0.15810355583281346
65,2023-08-23 08:26:10,23.998525834745795,0.5102817147788864,17.68541666666664,1.3888142476209115,11.087984424253694,0.47823567567567565,33.655946458185234,2.073989940048849,7.618612548512151,0.0,74.64948102773496,0.0,16.6771576898118,0.0,4.2160344363733575,0.811008,36.69425506051463,0.0,18.263350242731637,0.0,6.679519718859947,0.4916563131672598,6.973076923076946,0.20712893747245137
66,2023-08-23 08:26:15,25.434745250294387,1.0815843520782393,17.68541666666664,1.3888142476209113,11.087984424253694,0.565983590792839,33.655946458185234,2.4010302716305234,6.813610044889745,0.0,74.64948102773496,0.0,16.6771576898118,0.0,5.415698256862368,-0.5134803621552033,35.53597779733316,-0.15614925488081943,18.263350242731637,0.0,7.20839166598039,0.3255360655079677,5.948623288724818,0.1811741578053793
67,2023-08-23 08:26:20,25.434745250294387,1.0815843520782393,17.68541666666664,0.6896326530612245,11.087984424253694,0.5119682455242967,37.66211838617843,2.3984858044164037,6.813610044889745,0.0,74.64948102773496,0.0,17.355571405058445,0.0,5.415698256862368,-0.5134803621552033,35.53597779733316,-0.24069804713005286,18.263350242731637,0.0,7.20839166598039,0.3255360655079677,5.948623288724818,0.1811741578053793
68,2023-08-23 08:26:25,25.434745250294387,1.0815843520782393,17.68541666666664,0.4981101714285714,11.087984424253694,0.4307421605264136,37.66211838617843,1.6049235640429427,6.813610044889745,0.0,74.64948102773496,0.0,17.355571405058445,0.0,5.415698256862368,-0.5134803621552033,31.923611111111153,0.0,18.263350242731637,0.0,7.20839166598039,0.2348705473501303,5.948623288724818,0.1811741578053793
69,2023-08-23 08:26:30,16.483473714783646,1.5006932850857355,16.463910673933302,0.45382078639110657,6.252095316351643,0.31655887117234915,37.66211838617843,1.6049235640429427,6.813610044889745,0.0,61.072591311425604,0.0,17.355571405058445,0.0,5.175404611635329,-0.9572239598701683,31.923611111111153,0.0,15.866474834671026,0.14214245653393157,7.5123998473864715,0.34050928938805497,5.948623288724818,0.0
70,2023-08-23 08:26:35,16.483473714783646,1.5006932850857355,16.463910673933302,0.2695095041871594,6.252095316351643,0.0,21.153944444444406,0.8328566049361585,6.813610044889745,0.0,61.072591311425604,0.0,10.869629233034523,0.0,5.175404611635329,-0.9572239598701683,25.500617639792335,0.0,15.866474834671026,0.21262859839546955,7.5123998473864715,0.34050928938805497,5.948623288724818,0.0
71,2023-08-23 08:26:40,16.483473714783646,1.7889993201277954,16.349167610912705,0.19511800793937206,17.49082262019768,-1.836257126978573,21.153944444444406,0.719760378070156,6.861217707797633,0.0,61.072591311425604,0.5163682669043678,10.869629233034523,0.0,5.175404611635329,-1.3529201768287598,25.500617639792335,0.0,15.866474834671026,0.21262859839546955,7.5123998473864715,0.21689925383113584,5.948623288724818,0.0
72,2023-08-23 08:26:45,16.483473714783646,2.024552035782748,16.349167610912705,0.19511800793937206,17.49082262019768,-1.836257126978573,26.73251337902556,1.309908474211263,6.861217707797633,0.0,65.77432698175905,0.35139756060573235,17.306666666666484,0.0,5.175404611635329,-1.3529201768287598,25.500617639792335,0.0,15.866474834671026,0.21262859839546955,6.9796841054547825,0.14902208665613173,6.007736452128426,0.0
73,2023-08-23 08:26:50,14.305389221557045,0.7090634547023295,16.349167610912705,0.1951180079393721,17.49082262019768,-1.8362571269785728,26.73251337902556,1.0652232374478603,6.861217707797633,0.0,65.77432698175905,0.35139756060573235,17.306666666666484,0.0,4.790606892345261,-0.9293090409075284,25.500617639792335,0.0,15.983706956320953,0.29251866546438227,6.9796841054547825,0.20467617945314578,6.007736452128426,0.0
74,2023-08-23 08:26:55,14.305389221557045,0.8746850733390854,15.106773986751,0.14585425508956193,17.49082262019768,-2.3602635129772205,26.73251337902556,1.2529090066429784,5.4513478818998475,0.0,65.77432698175905,0.35139756060573235,17.306666666666484,0.0,4.790606892345261,0.2503265633681091,36.537844297746474,0.0,15.983706956320953,0.43700083519681016,6.9796841054547825,0.22710251340589332,6.007736452128426,0.0
75,2023-08-23 08:27:00,14.305389221557045,0.8746850733390854,15.106773986751,0.0,5.475712719298209,-0.8683634027517534,33.581044695745675,1.2516279877307712,5.4513478818998475,0.0,65.77432698175905,0.0,17.306666666666484,0.0,4.790606892345261,0.2503265633681091,36.537844297746474,0.20306166904529407,15.983706956320953,0.43700083519681016,8.428915662650526,-0.5160068715403704,6.007736452128426,0.0
76,2023-08-23 08:27:05,15.299548174379975,0.606746717540119,19.05412414254665,0.0,5.475712719298209,-1.2140493215130768,33.581044695745675,1.2516279877307712,7.909405808686435,0.0,65.77432698175905,0.0,17.306666666666484,0.0,4.790606892345261,0.20138563417494906,36.70966159882299,0.1554459203036053,18.214154466243812,0.300440097799511,8.428915662650526,-0.5160068715403704,7.658271528636163,-0.1727460168697282
77,2023-08-23 08:27:10,15.299548174379975,0.606746717540119,19.05412414254665,0.0,5.475712719298209,-1.5351761996403446,33.581044695745675,0.9735990396158464,7.909405808686435,0.0,65.77432698175905,0.0,17.306666666666484,0.0,4.790606892345261,0.18052508722760663,36.70966159882299,0.1554459203036053,18.214154466243812,0.23728254191170015,8.428915662650526,-0.5160068715403704,7.658271528636163,-0.1727460168697282
78,2023-08-23 08:27:15,15.299548174379975,-0.44744034647320075,19.05412414254665,0.0,5.475712719298209,-1.2817761781872101,40.35885139135573,-3.4634779637854463,7.909405808686435,0.0,80.79139025093725,-0.3818035449473907,20.162224143764902,0.0,5.985318892900074,-0.3925023593466424,36.70966159882299,0.0,18.214154466243812,0.23728254191170015,8.428915662650526,-0.9528379251600776,7.658271528636163,-0.30034780716934484
79,2023-08-23 08:27:20,20.55754431474305,-0.16961017232725445,19.05412414254665,0.0,7.602514506769849,-7.582023644898039,40.35885139135573,-4.601180069067588,7.0168995581034,0.0,80.79139025093725,-0.3818035449473907,20.162224143764902,0.0,5.985318892900074,-0.3925023593466424,36.70966159882299,0.0,20.61521234903623,0.17373034574354138,7.523253912000501,-0.619243705499456,7.658271528636163,-0.33515621260815825
80,2023-08-23 08:27:25,20.55754431474305,-0.16961017232725445,20.01303450309633,-0.745124124878264,7.602514506769849,-7.582023644898039,40.35885139135573,-4.601180069067588,7.0168995581034,0.0,80.79139025093725,-0.3818035449473907,20.162224143764902,0.0,4.290135554466842,-0.15138937111496895,40.190286022665944,0.167785501489573,20.61521234903623,0.17373034574354138,7.523253912000501,-0.619243705499456,7.658271528636163,-0.31807224721878863
81,2023-08-23 08:27:30,20.55754431474305,0.23830718705937085,20.01303450309633,-0.9441743503772003,7.602514506769849,-7.920418096394448,40.35885139135573,-3.90675974819931,7.0168995581034,0.0,68.20878741895402,-0.38405455320358006,15.607655502392188,0.0,4.290135554466842,-0.21815364751452548,40.190286022665944,0.167785501489573,16.36299454774202,0.0,7.523253912000501,-0.9175336576535807,6.233806818181822,-0.18408570909751226
82,2023-08-23 08:27:35,19.04652489626538,3.778280922431866,20.01303450309633,-0.9441743503772003,4.153600096565865,-5.510475805711138,40.35885139135573,-5.908368791729399,6.0520668299006655,0.0,68.20878741895402,-0.38405455320358006,15.607655502392188,0.0,4.290135554466842,-0.21815364751452548,40.190286022665944,0.2636224158106878,16.36299454774202,0.0,7.523253912000501,-0.9175336576535807,6.233806818181822,-0.18408570909751226
83,2023-08-23 08:27:40,19.04652489626538,3.778280922431866,16.134491563055107,-0.34566137453383056,4.153600096565865,-9.405587739886787,40.35885139135573,-5.27524222342668,6.0520668299006655,0.0,68.1330376940133,-0.2981044274135744,15.11792940481479,0.0,4.290135554466842,-0.21815364751452548,34.98215911159645,0.0,16.36299454774202,0.0,6.753158799150927,-0.5883051031881324,6.233806818181822,-0.18408570909751226
84,2023-08-23 08:27:45,19.04652489626538,3.778280922431866,16.134491563055107,-0.34566137453383056,4.153600096565865,-9.405587739886787,25.735006255059332,-5.889138603975674,6.0520668299006655,0.0,68.1330376940133,0.0,15.11792940481479,0.0,5.252287234042495,-0.4346548520794626,34.98215911159645,0.0,16.36299454774202,0.0,6.753158799150927,0.0,6.053545485990947,0.0
85,2023-08-23 08:27:50,14.675097557450561,1.6335232638811181,16.134491563055107,-0.34566137453383056,4.153600096565865,-9.405587739886787,25.735006255059332,-5.889138603975674,6.0520668299006655,0.0,68.1330376940133,0.0,15.11792940481479,0.0,5.252287234042495,-0.20750852386780905,46.97285497342448,0.0,16.36299454774202,0.0,6.753158799150927,0.0,6.053545485990947,0.0
86,2023-08-23 08:27:55,14.675097557450561,1.6335232638811181,17.796189922198852,-0.9986963303505458,5.753428637842865,-6.831394717630983,34.27820401046228,-4.380827541503115,6.712729888009786,0.0,68.1330376940133,0.0,15.11792940481479,0.0,5.252287234042495,-0.26122785544031435,46.97285497342448,0.0,17.448490733996998,0.3148139665780331,7.429625315472628,0.0,6.763647151898697,0.0
87,2023-08-23 08:28:00,14.675097557450561,1.6335232638811181,17.796189922198852,-0.9986963303505458,5.753428637842865,-0.7203197442046363,34.27820401046228,0.0,6.712729888009786,0.0,80.41051830924766,-0.17990017967658217,16.215718803463012,0.0,5.252287234042495,-0.21293335566578625,46.97285497342448,0.0,17.448490733996998,0.3148139665780331,7.429625315472628,0.0,6.763647151898697,0.0
88,2023-08-23 08:28:05,14.675097557450561,1.9590748233588986,17.796189922198852,-0.25528282287764803,5.753428637842865,-0.7203197442046363,34.27820401046228,0.0,6.712729888009786,0.0,80.41051830924766,-0.17990017967658217,16.215718803463012,0.0,5.252287234042495,-0.19116436771242673,42.936800111982095,0.0,17.448490733996998,0.4156883649410558,7.429625315472628,0.0,8.38156113701314,0.0
89,2023-08-23 08:28:10,18.069172000826082,0.3090142884358925,18.376485257444543,0.0,4.035997462733957,-0.15390606319385142,41.534670763298905,-0.1467967491447499,6.874032162001221,0.0,80.41051830924766,-0.17990017967658217,16.215718803463012,0.0,4.988551518168307,0.0,42.936800111982095,0.0,17.448490733996998,0.4156883649410558,7.572883287046947,0.0,8.38156113701314,0.0
90,2023-08-23 08:28:15,18.069172000826082,0.3090142884358925,18.376485257444543,0.0,4.035997462733957,-0.15390606319385142,41.534670763298905,0.19575860059139977,6.874032162001221,0.0,101.80900409276937,0.35851203501094087,16.215718803463012,0.0,4.988551518168307,-0.1805570274061046,42.936800111982095,0.0,17.448490733996998,0.4156883649410558,7.572883287046947,0.0,8.38156113701314,0.0
91,2023-08-23 08:28:20,18.069172000826082,-4.639913279132791,18.376485257444543,0.0,4.035997462733957,-0.2244942700548082,41.534670763298905,0.21983640884962058,6.874032162001221,0.0,101.80900409276937,0.35851203501094087,21.64099186805648,0.0,6.304533939023287,-0.14388758782201405,41.086675208199765,-0.42749881397923145,17.448490733996998,0.6563146394756009,7.572883287046947,0.0,8.38156113701314,0.0
92,2023-08-23 08:28:25,18.069172000826082,-4.639913279132791,18.376485257444543,-0.7157396569175157,4.035997462733957,-0.2244942700548082,25.295525563460046,0.31867792122477384,6.684818701022682,0.0,63.829708722618406,0.13987719903414972,21.64099186805648,0.0,6.304533939023287,0.21590033010329038,41.086675208199765,-0.40115150615818373,17.448490733996998,0.45459633503277497,7.316770186335391,0.0,8.38156113701314,0.0
93,2023-08-23 08:28:30,18.015216633755465,-2.251549139367018,19.373911641406018,-0.5289987606809732,4.035997462733957,-0.18163270154459393,25.295525563460046,0.3762505219206681,6.684818701022682,0.0,63.829708722618406,0.17706438442896755,21.64099186805648,0.0,6.304533939023287,0.21590033010329038,41.086675208199765,-0.40115150615818373,19.301692444219015,0.0,7.316770186335391,0.0,5.908892550207029,0.0
94,2023-08-23 08:28:35,18.015216633755465,-0.22164744465701008,19.373911641406018,-0.5289987606809732,4.035997462733957,0.6283547199492546,25.295525563460046,0.3762505219206681,6.684818701022682,0.0,63.829708722618406,0.17706438442896755,15.311390532544367,0.0,6.304533939023287,0.21590033010329038,41.086675208199765,-0.34113255497848344,19.301692444219015,0.0,7.316770186335391,0.0,5.908892550207029,0.0
95,2023-08-23 08:28:40,17.843218255138645,-0.867258378424621,19.373911641406018,0.2515533498759305,6.072273279001201,7.982195045337464,38.91716224725355,-0.28256641638938734,6.684818701022682,0.0,63.829708722618406,0.4055039999999999,15.311390532544367,0.0,5.125325123414176,0.2875761927557045,35.31845916795075,-0.3516718340090627,19.301692444219015,0.0,7.112246616879183,0.0,5.908892550207029,0.0
96,2023-08-23 08:28:45,17.843218255138645,-0.867258378424621,19.373911641406018,0.20190929627791565,6.072273279001201,7.982195045337464,38.91716224725355,-0.706253020704069,6.684818701022682,0.0,85.54673771328152,0.1800719392512989,15.311390532544367,0.0,5.125325123414176,0.20221420220563957,35.31845916795075,-0.3516718340090627,19.301692444219015,0.0,7.112246616879183,0.0,5.865940112157515,0.0
97,2023-08-23 08:28:50,17.843218255138645,0.24033719364615663,19.373911641406018,0.1809465171215881,6.072273279001201,7.982195045337464,38.91716224725355,-0.706253020704069,6.684818701022682,0.0,85.54673771328152,0.1800719392512989,15.311390532544367,0.0,5.125325123414176,0.2245294633824209,35.31845916795075,-0.7642607193340663,17.03495893223823,0.0,7.112246616879183,0.0,5.865940112157515,0.0
98,2023-08-23 08:28:55,13.895594567737911,0.19091525423728814,16.418541760565788,0.1709220426141752,4.33790438669601,8.875283817861732,39.544469525959485,0.0,6.973126545892108,0.0,85.54673771328152,0.1800719392512989,16.793505412156517,-0.4573009548154274,4.800841414717668,0.5490914014895057,29.381764069263888,-0.5218953645509342,17.03495893223823,0.0,7.112246616879183,0.0,5.865940112157515,0.0
99,2023-08-23 08:29:00,13.895594567737911,0.19091525423728814,16.418541760565788,0.1709220426141752,4.33790438669601,8.875283817861732,39.544469525959485,0.0,6.973126545892108,0.0,92.31604064903756,-0.6731893170640604,16.793505412156517,-0.680718482457613,4.800841414717668,0.5490914014895057,29.381764069263888,-0.5218953645509342,17.03495893223823,0.0,7.656634746922035,0.0,5.865940112157515,0.0
100,2023-08-23 08:29:05,32.16562107904612,2.609173936905055,16.418541760565788,0.1709220426141752,4.33790438669601,8.875283817861732,39.544469525959485,0.0,6.973126545892108,0.0,92.31604064903756,-0.6731893170640604,16.793505412156517,-0.680718482457613,5.714242262945683,0.4234217991333253,52.54764389499894,0.0,20.192363797805616,0.0,7.656634746922035,0.0,7.9020887728459694,0.0
101,2023-08-23 08:29:10,32.16562107904612,2.302375133368891,18.267961850936175,0.0,9.15490375802006,0.5701150478416478,39.078012358393266,-0.3577923854060969,6.262532778034924,0.0,92.31604064903756,-0.6731893170640604,16.793505412156517,-0.680718482457613,5.714242262945683,0.5287573347242143,52.54764389499894,0.0,20.192363797805616,0.0,7.656634746922035,0.0,7.9020887728459694,0.0
102,2023-08-23 08:29:15,32.16562107904612,2.3646185118603147,18.267961850936175,0.0,9.15490375802006,0.6441607713096195,39.078012358393266,-0.3577923854060969,6.262532778034924,0.0,69.34490467614688,-0.15730928135001457,19.673486430062535,-0.44315762631598116,5.714242262945683,0.5287573347242143,35.002043074827704,0.0,20.192363797805616,0.0,7.656634746922035,0.0,5.440085975282078,0.0
103,2023-08-23 08:29:20,37.44505585208835,1.0552933303591345,18.267961850936175,0.0,4.187912403174988,0.6852670026163483,39.078012358393266,-0.3577923854060969,7.334609744174735,0.0,69.34490467614688,-0.15730928135001457,19.673486430062535,-0.676328459442931,5.013580719204282,0.5250273393744519,35.002043074827704,0.0,17.318225321301565,0.0,7.3750326183392545,0.0,5.440085975282078,0.0
104,2023-08-23 08:29:25,37.44505585208835,1.0552933303591345,23.07086025161509,-0.14054867164618823,4.187912403174988,0.8573249821612622,39.078012358393266,0.5225398666280081,7.334609744174735,0.0,69.34490467614688,0.0,19.551755553998266,-0.4842513384949147,5.013580719204282,0.6465477930429699,35.002043074827704,0.0,17.318225321301565,0.0,7.3750326183392545,0.0,5.440085975282078,0.0
105,2023-08-23 08:29:30,37.44505585208835,2.044761053427766,23.07086025161509,-0.4053447584199585,4.187912403174988,0.8573249821612622,39.57775919732471,0.5091606152558333,7.334609744174735,0.0,69.34490467614688,0.0,19.551755553998266,-0.4842513384949147,5.013580719204282,0.5544344881613563,35.002043074827704,0.0,17.318225321301565,0.0,7.3750326183392545,0.0,5.440085975282078,0.0
106,2023-08-23 08:29:35,15.305937726285581,1.6943359041766046,16.92000733877628,-0.32421033434772767,4.187912403174988,0.6786227340045985,39.57775919732471,0.5091606152558333,7.334609744174735,0.0,104.32042775236742,0.0,19.551755553998266,0.0,6.176317718398132,-0.46221816938333526,51.70046337158002,-0.14199313677428393,17.318225321301565,0.0,7.3750326183392545,0.0,5.440085975282078,0.0
107,2023-08-23 08:29:40,15.305937726285581,2.2983412053655767,16.92000733877628,-0.40794145016473427,17.455799373040747,1.66721608040201,39.57775919732471,0.0,6.715671062839388,0.0,104.32042775236742,0.0,19.551755553998266,0.0,6.176317718398132,-1.050147614854716,51.70046337158002,-0.19158272701502407,19.13773625896155,0.0,7.7468266085060495,0.0,8.728417120116925,0.14969875959834614
108,2023-08-23 08:29:45,29.41618094823821,1.9582651980906034,16.92000733877628,-0.40794145016473427,17.455799373040747,1.66721608040201,38.65769207072858,-0.5015406814949186,6.715671062839388,0.0,76.21959017584673,0.35736670485590905,17.36417389345649,0.0,6.176317718398132,-0.9035236712073341,51.70046337158002,-0.19158272701502407,19.13773625896155,0.0,7.7468266085060495,0.0,8.728417120116925,0.22658918194009836
109,2023-08-23 08:29:50,29.41618094823821,1.9582651980906034,15.674963686781993,-0.2954115140146065,17.455799373040747,1.66721608040201,38.65769207072858,-0.5015406814949186,6.715671062839388,0.0,76.21959017584673,0.35736670485590905,17.36417389345649,0.0,5.148171905067314,-0.5659314050451832,51.70046337158002,-0.15863156231692338,19.13773625896155,0.0,7.7468266085060495,0.0,8.728417120116925,0.22658918194009836
110,2023-08-23 08:29:55,29.41618094823821,-0.5595988775932655,15.674963686781993,-0.19901060070671375,7.715460196510873,1.274082319673235,38.65769207072858,-0.49189264594389687,6.5964912280702075,0.0,76.21959017584673,0.35736670485590905,17.36417389345649,0.0,5.148171905067314,-0.7344257544542799,42.26363226678665,0.0,18.915673441267796,0.0,7.245842371655746,0.0,8.728417120116925,0.22658918194009836
111,2023-08-23 08:30:00,29.41618094823821,-0.5595988775932655,19.78514016859422,0.6366589472857872,7.715460196510873,1.274082319673235,36.96796200923033,0.0,6.5964912280702075,0.0,89.37544996400337,0.3756840764331211,17.694369456228358,0.0,5.148171905067314,-0.7344257544542799,42.26363226678665,0.0,18.915673441267796,0.0,7.245842371655746,0.0,7.546702598261087,0.2924711949368002
112,2023-08-23 08:30:05,15.799458661417312,-1.170820721349342,19.78514016859422,0.6366589472857872,5.40544616673656,1.0049131750836386,36.96796200923033,0.0,6.5964912280702075,0.0,89.37544996400337,0.3756840764331211,17.694369456228358,0.0,5.229081033470387,-0.34263841652759885,36.0259889164917,0.0,16.025926585887305,0.0,7.245842371655746,0.0,7.546702598261087,0.3662014313774185
113,2023-08-23 08:30:10,15.799458661417312,-1.170820721349342,19.78514016859422,1.118662583795415,5.40544616673656,1.0570092970718568,36.96796200923033,-0.2600885126034251,6.866817301484749,0.0,89.37544996400337,0.3756840764331211,17.694369456228358,0.0,5.229081033470387,-0.34263841652759885,36.0259889164917,0.0,16.025926585887305,0.0,7.121989906272526,0.0,7.546702598261087,0.3662014313774185
114,2023-08-23 08:30:15,15.799458661417312,-1.170820721349342,19.78514016859422,0.933943424646197,5.40544616673656,1.0570092970718568,36.96796200923033,-0.21904437791033285,6.866817301484749,0.0,89.37544996400337,0.4055039999999999,15.152036718301677,0.0,5.229081033470387,-0.34263841652759885,36.0259889164917,0.2219755923382725,16.025926585887305,0.0,7.121989906272526,0.0,7.546702598261087,0.3148616464127726
115,2023-08-23 08:30:20,14.290782876976381,-1.2367774824626379,19.78514016859422,0.840721542663246,11.355817536338616,-1.9390508069336518,29.013274804315667,-0.4857304851267718,6.866817301484749,0.0,66.69420016185583,0.3511845324441943,15.152036718301677,0.0,5.229081033470387,1.0033502412470616,30.535692861427666,0.37055170995819336,16.661886415524954,0.0,7.121989906272526,0.0,7.546702598261087,0.41236995983118924
116,2023-08-23 08:30:25,14.290782876976381,-1.2367774824626379,15.690432492818367,0.32175196381813853,11.355817536338616,-1.9390508069336518,29.013274804315667,-0.4857304851267718,6.866817301484749,0.0,66.69420016185583,0.3511845324441943,15.152036718301677,0.0,5.229081033470387,0.7625796283558084,30.535692861427666,0.37055170995819336,16.661886415524954,0.0,6.963149865039375,0.0,7.546702598261087,0.2991159867798851
117,2023-08-23 08:30:30,14.290782876976381,-1.2367774824626379,15.690432492818367,0.32175196381813853,11.355817536338616,-1.9390508069336518,29.013274804315667,0.0,7.066259424357504,0.0,77.09151193633936,0.42315668643581406,15.152036718301677,0.0,5.316853260405113,0.8730842932500807,30.535692861427666,0.37055170995819336,16.661886415524954,0.0,6.963149865039375,0.0,6.841587046896629,0.17222875830873455
118,2023-08-23 08:30:35,14.290782876976381,-1.8856814020402828,15.690432492818367,0.4599376169681846,11.355817536338616,-1.5875278268977884,29.923996940407587,0.33623880597014927,7.066259424357504,0.0,77.09151193633936,0.5563105064593575,15.152036718301677,0.0,5.316853260405113,1.095187165775401,32.48447576623899,0.17008776294313005,15.495033112582833,0.0,6.963149865039375,0.0,6.841587046896629,0.17222875830873455
119,2023-08-23 08:30:40,12.990434022083885,0.30777708202880405,16.128655773719764,0.0,3.8887121573618337,-1.241565008201203,29.923996940407587,0.33623880597014927,6.129479661174723,0.0,77.09151193633936,0.5563105064593575,15.799428789032723,0.0,5.316853260405113,1.095187165775401,32.48447576623899,0.20879128800556088,15.495033112582833,0.0,6.963149865039375,0.0,6.841587046896629,0.0
120,2023-08-23 08:30:45,12.990434022083885,2.225292907120318,16.128655773719764,0.0,3.8887121573618337,-1.241565008201203,29.923996940407587,0.0,6.129479661174723,0.0,77.09151193633936,0.22731163384151448,15.799428789032723,0.0,5.316853260405113,1.095187165775401,32.48447576623899,0.20879128800556088,15.495033112582833,0.0,6.778873917228052,0.0,6.841587046896629,0.0
