"@timestamp","process.args","kubernetes.labels.app","kubernetes.pod.name"
"2023-08-23 06:48:36","runc, init",productcatalogservice,"productcatalogservice-6b5dd45849-52szd"
"2023-08-23 06:48:36","/usr/bin/containerd-shim-runc-v2, -namespace, moby, -id, 3be619e92bc741520f05798f27362f6e0851d820ba2bf34b742d89b45847144e, -address, /var/run/desktop-containerd/containerd.sock",productcatalogservice,"productcatalogservice-6b5dd45849-52szd"
"2023-08-23 06:48:36","runc, init",productcatalogservice,"productcatalogservice-6b5dd45849-52szd"
"2023-08-23 06:48:36","/usr/bin/containerd-shim-runc-v2, -namespace, moby, -id, 978ff4ab192b063e3dad2c303bb932ab21b2c071ba07ff58452759f8b7170024, -address, /var/run/desktop-containerd/containerd.sock",productcatalogservice,"productcatalogservice-6b5dd45849-52szd"
"2023-08-23 06:48:36","runc, init",productcatalogservice,"productcatalogservice-6b5dd45849-52szd"
"2023-08-23 06:48:36","/usr/bin/containerd-shim-runc-v2, -namespace, moby, -id, d5eba87bfda872753644615b6bfbf0949f41cd9ff7fbe5860e95085cdfb27f88, -address, /var/run/desktop-containerd/containerd.sock",productcatalogservice,"productcatalogservice-6b5dd45849-52szd"
"2023-08-23 06:48:36","runc, init",productcatalogservice,"productcatalogservice-6b5dd45849-52szd"
"2023-08-23 06:48:36","/usr/bin/containerd-shim-runc-v2, -namespace, moby, -id, 55d7341b5d3223002e61759213b0fa0b593d14afea17875c7fb54394449e10ac, -address, /var/run/desktop-containerd/containerd.sock",productcatalogservice,"productcatalogservice-6b5dd45849-52szd"
"2023-08-23 06:48:32","/usr/bin/containerd-shim-runc-v2, -namespace, moby, -id, 4c6c396a3ad82cd1d507221195dcbe0d8afe19feb2481ead6c3bbd39d98f0b34, -address, /var/run/desktop-containerd/containerd.sock",paymentservice,"paymentservice-78549bfd9c-h8tg5"
"2023-08-23 06:48:32","/usr/bin/containerd-shim-runc-v2, -namespace, moby, -id, 2b9b29788a3ba7302687be8b51b4d88ac49b116b9629a60b1da202830c62080c, -address, /var/run/desktop-containerd/containerd.sock",paymentservice,"paymentservice-78549bfd9c-h8tg5"
"2023-08-23 06:48:28","/usr/bin/containerd-shim-runc-v2, -namespace, moby, -id, d5eba87bfda872753644615b6bfbf0949f41cd9ff7fbe5860e95085cdfb27f88, -address, /var/run/desktop-containerd/containerd.sock",loadgenerator,"loadgenerator-7f8f5d8fb6-5mm4r"
"2023-08-23 06:48:16","runc, --version","redis-cart","redis-cart-6997b66668-xkfsv"
"2023-08-23 06:48:16","runc, --version","redis-cart","redis-cart-6997b66668-xkfsv"
"2023-08-23 06:47:40","/usr/bin/containerd-shim-runc-v2, -namespace, moby, -id, 4365063c21308f0ec35b8266739f4ae89dc9f60acbae2a7b4b2c70cb27c36e16, -address, /var/run/desktop-containerd/containerd.sock",adservice,"adservice-76b448fddf-qfsdp"
"2023-08-23 06:47:40","/usr/bin/containerd-shim-runc-v2, -namespace, moby, -id, 8c9dcda5df5d5dca1a1ccefd29e2ecc25c184238d3dde2913d07a9b063d288ba, -address, /var/run/desktop-containerd/containerd.sock",adservice,"adservice-76b448fddf-qfsdp"
"2023-08-23 06:47:40","runc, init",adservice,"adservice-76b448fddf-qfsdp"
"2023-08-23 06:47:40","/usr/bin/containerd-shim-runc-v2, -namespace, moby, -id, e3dba62e0c92eb1d6e0b56e0d61eb1b2d5ef6268d1e3369b7e8c78ae801e1758, -address, /var/run/desktop-containerd/containerd.sock",adservice,"adservice-76b448fddf-qfsdp"
"2023-08-23 06:47:40","runc, init",adservice,"adservice-76b448fddf-qfsdp"
"2023-08-23 06:47:34","runc, --root, /var/run/docker/runtime-runc/moby, --log, /var/run/desktop-containerd/daemon/io.containerd.runtime.v2.task/moby/8c9dcda5df5d5dca1a1ccefd29e2ecc25c184238d3dde2913d07a9b063d288ba/log.json, --log-format, json, create, --bundle, /var/run/desktop-containerd/daemon/io.containerd.runtime.v2.task/moby/8c9dcda5df5d5dca1a1ccefd29e2ecc25c184238d3dde2913d07a9b063d288ba, --pid-file, /var/run/desktop-containerd/daemon/io.containerd.runtime.v2.task/moby/8c9dcda5df5d5dca1a1ccefd29e2ecc25c184238d3dde2913d07a9b063d288ba/init.pid, 8c9dcda5df5d5dca1a1ccefd29e2ecc25c184238d3dde2913d07a9b063d288ba",currencyservice,"currencyservice-ccbc788bc-7lbhx"
"2023-08-23 06:47:34","runc, init",currencyservice,"currencyservice-ccbc788bc-7lbhx"
"2023-08-23 06:47:34","runc, --root, /var/run/docker/runtime-runc/moby, --log, /var/run/desktop-containerd/daemon/io.containerd.runtime.v2.task/moby/e3dba62e0c92eb1d6e0b56e0d61eb1b2d5ef6268d1e3369b7e8c78ae801e1758/log.json, --log-format, json, create, --bundle, /var/run/desktop-containerd/daemon/io.containerd.runtime.v2.task/moby/e3dba62e0c92eb1d6e0b56e0d61eb1b2d5ef6268d1e3369b7e8c78ae801e1758, --pid-file, /var/run/desktop-containerd/daemon/io.containerd.runtime.v2.task/moby/e3dba62e0c92eb1d6e0b56e0d61eb1b2d5ef6268d1e3369b7e8c78ae801e1758/init.pid, e3dba62e0c92eb1d6e0b56e0d61eb1b2d5ef6268d1e3369b7e8c78ae801e1758",currencyservice,"currencyservice-ccbc788bc-7lbhx"
"2023-08-23 06:47:34","runc, --root, /var/run/docker/runtime-runc/moby, --log, /var/run/desktop-containerd/daemon/io.containerd.runtime.v2.task/moby/4365063c21308f0ec35b8266739f4ae89dc9f60acbae2a7b4b2c70cb27c36e16/log.json, --log-format, json, create, --bundle, /var/run/desktop-containerd/daemon/io.containerd.runtime.v2.task/moby/4365063c21308f0ec35b8266739f4ae89dc9f60acbae2a7b4b2c70cb27c36e16, --pid-file, /var/run/desktop-containerd/daemon/io.containerd.runtime.v2.task/moby/4365063c21308f0ec35b8266739f4ae89dc9f60acbae2a7b4b2c70cb27c36e16/init.pid, 4365063c21308f0ec35b8266739f4ae89dc9f60acbae2a7b4b2c70cb27c36e16",currencyservice,"currencyservice-ccbc788bc-7lbhx"
"2023-08-23 06:47:34","runc, init",currencyservice,"currencyservice-ccbc788bc-7lbhx"
"2023-08-23 06:47:34","/usr/bin/containerd-shim-runc-v2, -namespace, moby, -id, 4365063c21308f0ec35b8266739f4ae89dc9f60acbae2a7b4b2c70cb27c36e16, -address, /var/run/desktop-containerd/containerd.sock","redis-cart","redis-cart-6997b66668-xkfsv"
"2023-08-23 06:47:34","runc, init","redis-cart","redis-cart-6997b66668-xkfsv"
"2023-08-23 06:47:33","/usr/bin/containerd-shim-runc-v2, -namespace, moby, -id, e3dba62e0c92eb1d6e0b56e0d61eb1b2d5ef6268d1e3369b7e8c78ae801e1758, -address, /var/run/desktop-containerd/containerd.sock",currencyservice,"currencyservice-ccbc788bc-7lbhx"
"2023-08-23 06:47:33","runc, init",currencyservice,"currencyservice-ccbc788bc-7lbhx"
"2023-08-23 06:47:33","/usr/bin/containerd-shim-runc-v2, -namespace, moby, -id, 81d7e7421f96e71093f573dbd3db8b6e968274e44de95023d93237a99f7737d8, -address, /var/run/desktop-containerd/containerd.sock",currencyservice,"currencyservice-ccbc788bc-7lbhx"
"2023-08-23 06:47:33","runc, --root, /var/run/docker/runtime-runc/moby, --log, /var/run/desktop-containerd/daemon/io.containerd.runtime.v2.task/moby/81d7e7421f96e71093f573dbd3db8b6e968274e44de95023d93237a99f7737d8/log.json, --log-format, json, create, --bundle, /var/run/desktop-containerd/daemon/io.containerd.runtime.v2.task/moby/81d7e7421f96e71093f573dbd3db8b6e968274e44de95023d93237a99f7737d8, --pid-file, /var/run/desktop-containerd/daemon/io.containerd.runtime.v2.task/moby/81d7e7421f96e71093f573dbd3db8b6e968274e44de95023d93237a99f7737d8/init.pid, 81d7e7421f96e71093f573dbd3db8b6e968274e44de95023d93237a99f7737d8",currencyservice,"currencyservice-ccbc788bc-7lbhx"
"2023-08-23 06:47:33","/usr/bin/containerd-shim-runc-v2, -namespace, moby, -id, 8c9dcda5df5d5dca1a1ccefd29e2ecc25c184238d3dde2913d07a9b063d288ba, -address, /var/run/desktop-containerd/containerd.sock",currencyservice,"currencyservice-ccbc788bc-7lbhx"
"2023-08-23 06:46:32","/usr/bin/containerd-shim-runc-v2, -namespace, moby, -id, 131e63e7ad79c99bdffb7c9de8f0287a69796a37d709c18d9e25034da2bd9dc0, -address, /var/run/desktop-containerd/containerd.sock",paymentservice,"paymentservice-78549bfd9c-h8tg5"
"2023-08-23 06:46:32","/usr/bin/containerd-shim-runc-v2, -namespace, moby, -id, 26975565a5ca30ab9734b61fd78dc504a4916789ecda362158e2f4e8477ec615, -address, /var/run/desktop-containerd/containerd.sock",paymentservice,"paymentservice-78549bfd9c-h8tg5"
"2023-08-23 06:46:32","/usr/bin/containerd-shim-runc-v2, -namespace, moby, -id, 5175dd7317f81ef782c9dc44665c89cb553e810d0dbc6526c0182d5cc2303093, -address, /var/run/desktop-containerd/containerd.sock",paymentservice,"paymentservice-78549bfd9c-h8tg5"
"2023-08-23 06:46:32","runc, init",paymentservice,"paymentservice-78549bfd9c-h8tg5"
"2023-08-23 06:46:32","/usr/bin/containerd-shim-runc-v2, -namespace, moby, -id, 1ce5c57808098dba108473e9774f2090e5a0af1aa91835ba01497c2dcfaecbed, -address, /var/run/desktop-containerd/containerd.sock",paymentservice,"paymentservice-78549bfd9c-h8tg5"
"2023-08-23 06:46:32","/usr/bin/containerd-shim-runc-v2, -namespace, moby, -id, 066f97c53376c9390811060f7d1c8eb58ae41423f2b6a5a87646df95874fa6bf, -address, /var/run/desktop-containerd/containerd.sock",paymentservice,"paymentservice-78549bfd9c-h8tg5"
"2023-08-23 06:46:28","/usr/bin/containerd-shim-runc-v2, -namespace, moby, -id, 066f97c53376c9390811060f7d1c8eb58ae41423f2b6a5a87646df95874fa6bf, -address, /var/run/desktop-containerd/containerd.sock",loadgenerator,"loadgenerator-7f8f5d8fb6-5mm4r"
"2023-08-23 06:46:28","/usr/bin/containerd-shim-runc-v2, -namespace, moby, -id, 1ce5c57808098dba108473e9774f2090e5a0af1aa91835ba01497c2dcfaecbed, -address, /var/run/desktop-containerd/containerd.sock",loadgenerator,"loadgenerator-7f8f5d8fb6-5mm4r"
"2023-08-23 06:46:28","/usr/bin/containerd-shim-runc-v2, -namespace, moby, -id, 131e63e7ad79c99bdffb7c9de8f0287a69796a37d709c18d9e25034da2bd9dc0, -address, /var/run/desktop-containerd/containerd.sock",loadgenerator,"loadgenerator-7f8f5d8fb6-5mm4r"
"2023-08-23 06:46:22","/usr/bin/containerd-shim-runc-v2, -namespace, moby, -id, 94ef1eb53d37279990f1986525f2e0b633bc49d34ff75e699676b811992bc24e, -address, /var/run/desktop-containerd/containerd.sock",frontend,"frontend-846c85c54c-9rg78"
"2023-08-23 06:45:44","/usr/bin/containerd-shim-runc-v2, -namespace, moby, -id, 9846a9ae3fd74152875c09fb867ae005893cbf278f5f2181bce4266c6031f1e0, -address, /var/run/desktop-containerd/containerd.sock",emailservice,"emailservice-9f8578d69-r6rx8"
"2023-08-23 06:45:39","/usr/bin/containerd-shim-runc-v2, -namespace, moby, -id, 4e003d0e276e6287de39c69cdc23d4f7ac7aea15145cd7997d1b5e478bdaeb9e, -address, /var/run/desktop-containerd/containerd.sock",currencyservice,"currencyservice-ccbc788bc-7lbhx"
"2023-08-23 06:45:37","/usr/bin/containerd-shim-runc-v2, -namespace, moby, -id, 1f322a86592a9fa4807f8542c09abba96e7a66edce840452cb2342ae89e6ce15, -address, /var/run/desktop-containerd/containerd.sock",adservice,"adservice-76b448fddf-qfsdp"
"2023-08-23 06:45:37","/usr/bin/containerd-shim-runc-v2, -namespace, moby, -id, 4e003d0e276e6287de39c69cdc23d4f7ac7aea15145cd7997d1b5e478bdaeb9e, -address, /var/run/desktop-containerd/containerd.sock",adservice,"adservice-76b448fddf-qfsdp"
"2023-08-23 06:45:37","/usr/bin/containerd-shim-runc-v2, -namespace, moby, -id, 9846a9ae3fd74152875c09fb867ae005893cbf278f5f2181bce4266c6031f1e0, -address, /var/run/desktop-containerd/containerd.sock",adservice,"adservice-76b448fddf-qfsdp"
"2023-08-23 06:45:37","/usr/bin/containerd-shim-runc-v2, -namespace, moby, -id, 00e1c4e2b481622c0553375dbafa01aaeac9bec071b238d8ccd8782699948f8b, -address, /var/run/desktop-containerd/containerd.sock",adservice,"adservice-76b448fddf-qfsdp"
"2023-08-23 06:45:34","/usr/bin/containerd-shim-runc-v2, -namespace, moby, -id, 71648efcb0ea0ed1bcd418b7a7d1098ed4bd2cb4670227553cd74b6d82244c6e, -address, /var/run/desktop-containerd/containerd.sock",adservice,"adservice-76b448fddf-qfsdp"
"2023-08-23 06:45:34","runc, init",adservice,"adservice-76b448fddf-qfsdp"
"2023-08-23 06:45:34","runc, init",adservice,"adservice-76b448fddf-qfsdp"
"2023-08-23 06:45:34","/usr/bin/containerd-shim-runc-v2, -namespace, moby, -id, c4c0a1fcf9b77b556a59851967274480751c0f616715290c14d554b688bc84e8, -address, /var/run/desktop-containerd/containerd.sock",adservice,"adservice-76b448fddf-qfsdp"
"2023-08-23 06:45:32","/usr/bin/containerd-shim-runc-v2, -namespace, moby, -id, de5ed50519db27f763a14085bb17bac0b10757a67bd681111f26c222272b11f4, -address, /var/run/desktop-containerd/containerd.sock",checkoutservice,"checkoutservice-6d6f4d7cc7-jkzgt"
"2023-08-23 06:45:32","/usr/bin/containerd-shim-runc-v2, -namespace, moby, -id, 1db2dd1b0f1e65c15febd94ab3e0b285fdfc1d459401349fad9af1f8b308e63f, -address, /var/run/desktop-containerd/containerd.sock",checkoutservice,"checkoutservice-6d6f4d7cc7-jkzgt"
"2023-08-23 06:45:30","/usr/bin/containerd-shim-runc-v2, -namespace, moby, -id, 1db2dd1b0f1e65c15febd94ab3e0b285fdfc1d459401349fad9af1f8b308e63f, -address, /var/run/desktop-containerd/containerd.sock",checkoutservice,"checkoutservice-6d6f4d7cc7-jkzgt"
"2023-08-23 06:45:30","runc, --root, /var/run/docker/runtime-runc/moby, --log, /var/run/desktop-containerd/daemon/io.containerd.runtime.v2.task/moby/c4c0a1fcf9b77b556a59851967274480751c0f616715290c14d554b688bc84e8/log.json, --log-format, json, create, --bundle, /var/run/desktop-containerd/daemon/io.containerd.runtime.v2.task/moby/c4c0a1fcf9b77b556a59851967274480751c0f616715290c14d554b688bc84e8, --pid-file, /var/run/desktop-containerd/daemon/io.containerd.runtime.v2.task/moby/c4c0a1fcf9b77b556a59851967274480751c0f616715290c14d554b688bc84e8/init.pid, c4c0a1fcf9b77b556a59851967274480751c0f616715290c14d554b688bc84e8",checkoutservice,"checkoutservice-6d6f4d7cc7-jkzgt"
"2023-08-23 06:45:29","runc, --root, /var/run/docker/runtime-runc/moby, --log, /var/run/desktop-containerd/daemon/io.containerd.runtime.v2.task/moby/c4c0a1fcf9b77b556a59851967274480751c0f616715290c14d554b688bc84e8/log.json, --log-format, json, create, --bundle, /var/run/desktop-containerd/daemon/io.containerd.runtime.v2.task/moby/c4c0a1fcf9b77b556a59851967274480751c0f616715290c14d554b688bc84e8, --pid-file, /var/run/desktop-containerd/daemon/io.containerd.runtime.v2.task/moby/c4c0a1fcf9b77b556a59851967274480751c0f616715290c14d554b688bc84e8/init.pid, c4c0a1fcf9b77b556a59851967274480751c0f616715290c14d554b688bc84e8",cartservice,"cartservice-6969c94d94-l66mx"
"2023-08-23 06:45:29","runc, init",cartservice,"cartservice-6969c94d94-l66mx"
"2023-08-23 06:45:28","/usr/bin/containerd-shim-runc-v2, -namespace, moby, -id, af50e026b1c6e0da2a820c057a25f19a9fc39266360fb06a90b36a6bfcad0200, -address, /var/run/desktop-containerd/containerd.sock",cartservice,"cartservice-6969c94d94-l66mx"
"2023-08-23 06:45:28","runc, init",cartservice,"cartservice-6969c94d94-l66mx"
"2023-08-23 06:45:28","runc, init",cartservice,"cartservice-6969c94d94-l66mx"
"2023-08-23 06:45:28","/usr/bin/containerd-shim-runc-v2, -namespace, moby, -id, 71648efcb0ea0ed1bcd418b7a7d1098ed4bd2cb4670227553cd74b6d82244c6e, -address, /var/run/desktop-containerd/containerd.sock",cartservice,"cartservice-6969c94d94-l66mx"
"2023-08-23 06:45:28","/usr/bin/containerd-shim-runc-v2, -namespace, moby, -id, c4c0a1fcf9b77b556a59851967274480751c0f616715290c14d554b688bc84e8, -address, /var/run/desktop-containerd/containerd.sock",cartservice,"cartservice-6969c94d94-l66mx"
"2023-08-23 06:45:27","runc, init",shippingservice,"shippingservice-7ccdfd8767-zlxq5"
"2023-08-23 06:45:27","/usr/bin/containerd-shim-runc-v2, -namespace, moby, -id, 3af805a4a44d6d2940e85bd5b04ce524ee98099f2af9d70e59d726aabf5761dd, -address, /var/run/desktop-containerd/containerd.sock",shippingservice,"shippingservice-7ccdfd8767-zlxq5"
"2023-08-23 06:45:27","runc, --root, /var/run/docker/runtime-runc/moby, --log, /var/run/desktop-containerd/daemon/io.containerd.runtime.v2.task/moby/3af805a4a44d6d2940e85bd5b04ce524ee98099f2af9d70e59d726aabf5761dd/log.json, --log-format, json, create, --bundle, /var/run/desktop-containerd/daemon/io.containerd.runtime.v2.task/moby/3af805a4a44d6d2940e85bd5b04ce524ee98099f2af9d70e59d726aabf5761dd, --pid-file, /var/run/desktop-containerd/daemon/io.containerd.runtime.v2.task/moby/3af805a4a44d6d2940e85bd5b04ce524ee98099f2af9d70e59d726aabf5761dd/init.pid, 3af805a4a44d6d2940e85bd5b04ce524ee98099f2af9d70e59d726aabf5761dd",shippingservice,"shippingservice-7ccdfd8767-zlxq5"
"2023-08-23 06:44:30","runc, init",cartservice,"cartservice-6969c94d94-l66mx"
"2023-08-23 06:44:30","/usr/bin/containerd-shim-runc-v2, -namespace, moby, -id, 7720e2e1405a67b098395f3fbdd577cd922522728b33b1e6203b3fb99aa1a737, -address, /var/run/desktop-containerd/containerd.sock",cartservice,"cartservice-6969c94d94-l66mx"
"2023-08-23 06:44:30","/usr/bin/containerd-shim-runc-v2, -namespace, moby, -id, 231d74346841728c39289ff3b678d7e03abd676d96842094c0e0ad2782fc991f, -address, /var/run/desktop-containerd/containerd.sock",cartservice,"cartservice-6969c94d94-l66mx"
"2023-08-23 06:44:30","runc, init",cartservice,"cartservice-6969c94d94-l66mx"
"2023-08-23 06:44:28","/usr/bin/containerd-shim-runc-v2, -namespace, moby, -id, 3d8f6da107c53dfa0a6434e7b5ce271680377e977fd8db489cc0e5338ac75c49, -address, /var/run/desktop-containerd/containerd.sock",shippingservice,"shippingservice-7ccdfd8767-zlxq5"
"2023-08-23 06:44:28","/usr/bin/containerd-shim-runc-v2, -namespace, moby, -id, 2a29d06dd7b0a7128f1dc0b48dee385815cbcf0f8ac68d64e25d3c9d53a516ba, -address, /var/run/desktop-containerd/containerd.sock",shippingservice,"shippingservice-7ccdfd8767-zlxq5"
"2023-08-23 06:44:28","/usr/bin/containerd-shim-runc-v2, -namespace, moby, -id, 62ec6cd405f6fa305703ff0a89e832ca915d113a3b200294381771cd0701422c, -address, /var/run/desktop-containerd/containerd.sock",shippingservice,"shippingservice-7ccdfd8767-zlxq5"
"2023-08-23 06:44:28","/usr/bin/containerd-shim-runc-v2, -namespace, moby, -id, d68e49f2071782d2ccd96490d3f2325e80e987ca8a77294e77f6b70cb04a3988, -address, /var/run/desktop-containerd/containerd.sock",shippingservice,"shippingservice-7ccdfd8767-zlxq5"
"2023-08-23 06:44:25","runc, --root, /var/run/docker/runtime-runc/moby, --log, /var/run/desktop-containerd/daemon/io.containerd.runtime.v2.task/moby/2d61ced437477b95aee949289ea4d369c8dcc405485b1eaf10698e777e66416a/log.json, --log-format, json, create, --bundle, /var/run/desktop-containerd/daemon/io.containerd.runtime.v2.task/moby/2d61ced437477b95aee949289ea4d369c8dcc405485b1eaf10698e777e66416a, --pid-file, /var/run/desktop-containerd/daemon/io.containerd.runtime.v2.task/moby/2d61ced437477b95aee949289ea4d369c8dcc405485b1eaf10698e777e66416a/init.pid, 2d61ced437477b95aee949289ea4d369c8dcc405485b1eaf10698e777e66416a",productcatalogservice,"productcatalogservice-6b5dd45849-52szd"
"2023-08-23 06:44:25","runc, --root, /var/run/docker/runtime-runc/moby, --log, /var/run/desktop-containerd/daemon/io.containerd.runtime.v2.task/moby/d1b7267015b26d4356a63093cff43914c9a64e27c52f188a33f831a01ceb27ad/log.json, --log-format, json, create, --bundle, /var/run/desktop-containerd/daemon/io.containerd.runtime.v2.task/moby/d1b7267015b26d4356a63093cff43914c9a64e27c52f188a33f831a01ceb27ad, --pid-file, /var/run/desktop-containerd/daemon/io.containerd.runtime.v2.task/moby/d1b7267015b26d4356a63093cff43914c9a64e27c52f188a33f831a01ceb27ad/init.pid, d1b7267015b26d4356a63093cff43914c9a64e27c52f188a33f831a01ceb27ad",productcatalogservice,"productcatalogservice-6b5dd45849-52szd"
"2023-08-23 06:44:25","runc, --root, /var/run/docker/runtime-runc/moby, --log, /var/run/desktop-containerd/daemon/io.containerd.runtime.v2.task/moby/231d74346841728c39289ff3b678d7e03abd676d96842094c0e0ad2782fc991f/log.json, --log-format, json, create, --bundle, /var/run/desktop-containerd/daemon/io.containerd.runtime.v2.task/moby/231d74346841728c39289ff3b678d7e03abd676d96842094c0e0ad2782fc991f, --pid-file, /var/run/desktop-containerd/daemon/io.containerd.runtime.v2.task/moby/231d74346841728c39289ff3b678d7e03abd676d96842094c0e0ad2782fc991f/init.pid, 231d74346841728c39289ff3b678d7e03abd676d96842094c0e0ad2782fc991f",productcatalogservice,"productcatalogservice-6b5dd45849-52szd"
"2023-08-23 06:44:25","runc, --root, /var/run/docker/runtime-runc/moby, --log, /var/run/desktop-containerd/daemon/io.containerd.runtime.v2.task/moby/7720e2e1405a67b098395f3fbdd577cd922522728b33b1e6203b3fb99aa1a737/log.json, --log-format, json, create, --bundle, /var/run/desktop-containerd/daemon/io.containerd.runtime.v2.task/moby/7720e2e1405a67b098395f3fbdd577cd922522728b33b1e6203b3fb99aa1a737, --pid-file, /var/run/desktop-containerd/daemon/io.containerd.runtime.v2.task/moby/7720e2e1405a67b098395f3fbdd577cd922522728b33b1e6203b3fb99aa1a737/init.pid, 7720e2e1405a67b098395f3fbdd577cd922522728b33b1e6203b3fb99aa1a737",productcatalogservice,"productcatalogservice-6b5dd45849-52szd"
"2023-08-23 06:43:32","/usr/bin/containerd-shim-runc-v2, -namespace, moby, -id, 224fa9fe773dc6da16480084b3581641cc61f34506e7fda3ed7321092d7e1aaa, -address, /var/run/desktop-containerd/containerd.sock","redis-cart","redis-cart-6997b66668-xkfsv"
"2023-08-23 06:43:32","/usr/bin/containerd-shim-runc-v2, -namespace, moby, -id, e915300e24904d9431d75b2c0fad6e4d194313a80022ebf78cbb750e7c833a7d, -address, /var/run/desktop-containerd/containerd.sock","redis-cart","redis-cart-6997b66668-xkfsv"
"2023-08-23 06:43:32","/usr/bin/containerd-shim-runc-v2, -namespace, moby, -id, d9f96a3936f814c863338288fbfb39c66a7314cbde4c1f5ab35ce3c7deb2373f, -address, /var/run/desktop-containerd/containerd.sock","redis-cart","redis-cart-6997b66668-xkfsv"
"2023-08-23 06:43:32","runc, init","redis-cart","redis-cart-6997b66668-xkfsv"
"2023-08-23 06:43:24","/usr/bin/containerd-shim-runc-v2, -namespace, moby, -id, e915300e24904d9431d75b2c0fad6e4d194313a80022ebf78cbb750e7c833a7d, -address, /var/run/desktop-containerd/containerd.sock",shippingservice,"shippingservice-7ccdfd8767-zlxq5"
"2023-08-23 06:43:18","runc, --root, /var/run/docker/runtime-runc/moby, --log, /var/run/desktop-containerd/daemon/io.containerd.runtime.v2.task/moby/86bb867fc5e537a659e06d0fe79d978460b2a497baaa51082d80fe6b2a14bbee/log.json, --log-format, json, create, --bundle, /var/run/desktop-containerd/daemon/io.containerd.runtime.v2.task/moby/86bb867fc5e537a659e06d0fe79d978460b2a497baaa51082d80fe6b2a14bbee, --pid-file, /var/run/desktop-containerd/daemon/io.containerd.runtime.v2.task/moby/86bb867fc5e537a659e06d0fe79d978460b2a497baaa51082d80fe6b2a14bbee/init.pid, 86bb867fc5e537a659e06d0fe79d978460b2a497baaa51082d80fe6b2a14bbee",recommendationservice,"recommendationservice-cc746f6c7-9r7zm"
"2023-08-23 06:43:16","/usr/bin/containerd-shim-runc-v2, -namespace, moby, -id, 86bb867fc5e537a659e06d0fe79d978460b2a497baaa51082d80fe6b2a14bbee, -address, /var/run/desktop-containerd/containerd.sock",productcatalogservice,"productcatalogservice-6b5dd45849-52szd"
"2023-08-23 06:43:16","runc, --root, /var/run/docker/runtime-runc/moby, --log, /var/run/desktop-containerd/daemon/io.containerd.runtime.v2.task/moby/86bb867fc5e537a659e06d0fe79d978460b2a497baaa51082d80fe6b2a14bbee/log.json, --log-format, json, create, --bundle, /var/run/desktop-containerd/daemon/io.containerd.runtime.v2.task/moby/86bb867fc5e537a659e06d0fe79d978460b2a497baaa51082d80fe6b2a14bbee, --pid-file, /var/run/desktop-containerd/daemon/io.containerd.runtime.v2.task/moby/86bb867fc5e537a659e06d0fe79d978460b2a497baaa51082d80fe6b2a14bbee/init.pid, 86bb867fc5e537a659e06d0fe79d978460b2a497baaa51082d80fe6b2a14bbee",productcatalogservice,"productcatalogservice-6b5dd45849-52szd"
"2023-08-23 06:43:16","runc, init",productcatalogservice,"productcatalogservice-6b5dd45849-52szd"
"2023-08-23 06:43:16","runc, init",productcatalogservice,"productcatalogservice-6b5dd45849-52szd"
"2023-08-23 06:43:16","runc, --root, /var/run/docker/runtime-runc/moby, --log, /var/run/desktop-containerd/daemon/io.containerd.runtime.v2.task/moby/1ab90b8d5319f3ddea97e806f8a484faa0cec8921c9fd7a39db780c0d0dd1555/log.json, --log-format, json, create, --bundle, /var/run/desktop-containerd/daemon/io.containerd.runtime.v2.task/moby/1ab90b8d5319f3ddea97e806f8a484faa0cec8921c9fd7a39db780c0d0dd1555, --pid-file, /var/run/desktop-containerd/daemon/io.containerd.runtime.v2.task/moby/1ab90b8d5319f3ddea97e806f8a484faa0cec8921c9fd7a39db780c0d0dd1555/init.pid, 1ab90b8d5319f3ddea97e806f8a484faa0cec8921c9fd7a39db780c0d0dd1555",productcatalogservice,"productcatalogservice-6b5dd45849-52szd"
"2023-08-23 06:43:16","runc, init",productcatalogservice,"productcatalogservice-6b5dd45849-52szd"
"2023-08-23 06:43:16","runc, --root, /var/run/docker/runtime-runc/moby, --log, /var/run/desktop-containerd/daemon/io.containerd.runtime.v2.task/moby/d9f96a3936f814c863338288fbfb39c66a7314cbde4c1f5ab35ce3c7deb2373f/log.json, --log-format, json, create, --bundle, /var/run/desktop-containerd/daemon/io.containerd.runtime.v2.task/moby/d9f96a3936f814c863338288fbfb39c66a7314cbde4c1f5ab35ce3c7deb2373f, --pid-file, /var/run/desktop-containerd/daemon/io.containerd.runtime.v2.task/moby/d9f96a3936f814c863338288fbfb39c66a7314cbde4c1f5ab35ce3c7deb2373f/init.pid, d9f96a3936f814c863338288fbfb39c66a7314cbde4c1f5ab35ce3c7deb2373f",productcatalogservice,"productcatalogservice-6b5dd45849-52szd"
"2023-08-23 06:42:21","runc, --root, /var/run/docker/runtime-runc/moby, --log, /var/run/desktop-containerd/daemon/io.containerd.runtime.v2.task/moby/b722d8383b79d6b98ee1a3baaf3fb73aa58ba06186d17a2ed020e7264f0afe19/log.json, --log-format, json, create, --bundle, /var/run/desktop-containerd/daemon/io.containerd.runtime.v2.task/moby/b722d8383b79d6b98ee1a3baaf3fb73aa58ba06186d17a2ed020e7264f0afe19, --pid-file, /var/run/desktop-containerd/daemon/io.containerd.runtime.v2.task/moby/b722d8383b79d6b98ee1a3baaf3fb73aa58ba06186d17a2ed020e7264f0afe19/init.pid, b722d8383b79d6b98ee1a3baaf3fb73aa58ba06186d17a2ed020e7264f0afe19",loadgenerator,"loadgenerator-7f8f5d8fb6-5mm4r"
"2023-08-23 06:42:21","runc, --root, /var/run/docker/runtime-runc/moby, --log, /var/run/desktop-containerd/daemon/io.containerd.runtime.v2.task/moby/0983fe9d26b616dbb79fed66c9b99a4eb8fb1b90d66e54cc08ea8955288c3543/log.json, --log-format, json, create, --bundle, /var/run/desktop-containerd/daemon/io.containerd.runtime.v2.task/moby/0983fe9d26b616dbb79fed66c9b99a4eb8fb1b90d66e54cc08ea8955288c3543, --pid-file, /var/run/desktop-containerd/daemon/io.containerd.runtime.v2.task/moby/0983fe9d26b616dbb79fed66c9b99a4eb8fb1b90d66e54cc08ea8955288c3543/init.pid, 0983fe9d26b616dbb79fed66c9b99a4eb8fb1b90d66e54cc08ea8955288c3543",loadgenerator,"loadgenerator-7f8f5d8fb6-5mm4r"
"2023-08-23 06:42:20","runc, --root, /var/run/docker/runtime-runc/moby, --log, /var/run/desktop-containerd/daemon/io.containerd.runtime.v2.task/moby/0983fe9d26b616dbb79fed66c9b99a4eb8fb1b90d66e54cc08ea8955288c3543/log.json, --log-format, json, create, --bundle, /var/run/desktop-containerd/daemon/io.containerd.runtime.v2.task/moby/0983fe9d26b616dbb79fed66c9b99a4eb8fb1b90d66e54cc08ea8955288c3543, --pid-file, /var/run/desktop-containerd/daemon/io.containerd.runtime.v2.task/moby/0983fe9d26b616dbb79fed66c9b99a4eb8fb1b90d66e54cc08ea8955288c3543/init.pid, 0983fe9d26b616dbb79fed66c9b99a4eb8fb1b90d66e54cc08ea8955288c3543",frontend,"frontend-846c85c54c-9rg78"
"2023-08-23 06:42:20","/usr/bin/containerd-shim-runc-v2, -namespace, moby, -id, b722d8383b79d6b98ee1a3baaf3fb73aa58ba06186d17a2ed020e7264f0afe19, -address, /var/run/desktop-containerd/containerd.sock",frontend,"frontend-846c85c54c-9rg78"
"2023-08-23 06:42:20","runc, init",frontend,"frontend-846c85c54c-9rg78"
"2023-08-23 06:42:20","runc, --root, /var/run/docker/runtime-runc/moby, --log, /var/run/desktop-containerd/daemon/io.containerd.runtime.v2.task/moby/b722d8383b79d6b98ee1a3baaf3fb73aa58ba06186d17a2ed020e7264f0afe19/log.json, --log-format, json, create, --bundle, /var/run/desktop-containerd/daemon/io.containerd.runtime.v2.task/moby/b722d8383b79d6b98ee1a3baaf3fb73aa58ba06186d17a2ed020e7264f0afe19, --pid-file, /var/run/desktop-containerd/daemon/io.containerd.runtime.v2.task/moby/b722d8383b79d6b98ee1a3baaf3fb73aa58ba06186d17a2ed020e7264f0afe19/init.pid, b722d8383b79d6b98ee1a3baaf3fb73aa58ba06186d17a2ed020e7264f0afe19",frontend,"frontend-846c85c54c-9rg78"
"2023-08-23 06:42:20","runc, init",frontend,"frontend-846c85c54c-9rg78"
"2023-08-23 06:42:19","/usr/bin/containerd-shim-runc-v2, -namespace, moby, -id, 0983fe9d26b616dbb79fed66c9b99a4eb8fb1b90d66e54cc08ea8955288c3543, -address, /var/run/desktop-containerd/containerd.sock",frontend,"frontend-846c85c54c-9rg78"
"2023-08-23 06:41:12","/usr/bin/containerd-shim-runc-v2, -namespace, moby, -id, 1df5a4ad83df44dfe42046d674e6de0389b3b22f1ac1e4fc75ccb494b70a348a, -address, /var/run/desktop-containerd/containerd.sock",cartservice,"cartservice-6969c94d94-l66mx"
"2023-08-23 06:41:12","/usr/bin/containerd-shim-runc-v2, -namespace, moby, -id, 796979f992ce271153c169efd01f448feffa3ca96bb15435a9ac718339ae3903, -address, /var/run/desktop-containerd/containerd.sock",cartservice,"cartservice-6969c94d94-l66mx"
"2023-08-23 06:41:12","/usr/bin/containerd-shim-runc-v2, -namespace, moby, -id, 211a379111dc841ed2d77ad316b3cb47677fe025db0ed0a5e449ef45d69894e5, -address, /var/run/desktop-containerd/containerd.sock",cartservice,"cartservice-6969c94d94-l66mx"
"2023-08-23 06:41:12","/usr/bin/containerd-shim-runc-v2, -namespace, moby, -id, 2f1ad40c32fecd7afe6ef576d80ffea85fea7ac22384525b0c73535c42c72a89, -address, /var/run/desktop-containerd/containerd.sock",cartservice,"cartservice-6969c94d94-l66mx"
"2023-08-23 06:41:09","runc, --root, /var/run/docker/runtime-runc/moby, --log, /var/run/desktop-containerd/daemon/io.containerd.runtime.v2.task/moby/e23ee516a55039cf72cb7bcfe9cfdde1e4606d68960f3e202ce481d84e6f9c20/log.json, --log-format, json, create, --bundle, /var/run/desktop-containerd/daemon/io.containerd.runtime.v2.task/moby/e23ee516a55039cf72cb7bcfe9cfdde1e4606d68960f3e202ce481d84e6f9c20, --pid-file, /var/run/desktop-containerd/daemon/io.containerd.runtime.v2.task/moby/e23ee516a55039cf72cb7bcfe9cfdde1e4606d68960f3e202ce481d84e6f9c20/init.pid, e23ee516a55039cf72cb7bcfe9cfdde1e4606d68960f3e202ce481d84e6f9c20",shippingservice,"shippingservice-7ccdfd8767-zlxq5"
"2023-08-23 06:41:09","runc, init",shippingservice,"shippingservice-7ccdfd8767-zlxq5"
"2023-08-23 06:41:09","/usr/bin/containerd-shim-runc-v2, -namespace, moby, -id, e23ee516a55039cf72cb7bcfe9cfdde1e4606d68960f3e202ce481d84e6f9c20, -address, /var/run/desktop-containerd/containerd.sock",shippingservice,"shippingservice-7ccdfd8767-zlxq5"
"2023-08-23 06:40:12","runc, init",checkoutservice,"checkoutservice-6d6f4d7cc7-jkzgt"
"2023-08-23 06:40:12","/usr/bin/containerd-shim-runc-v2, -namespace, moby, -id, b2664d56b2d9cf6dba347986c2019c7d1ff8387f80d578d3b6a93025bbc76bc5, -address, /var/run/desktop-containerd/containerd.sock",checkoutservice,"checkoutservice-6d6f4d7cc7-jkzgt"
"2023-08-23 06:40:12","/usr/bin/containerd-shim-runc-v2, -namespace, moby, -id, 1e49344cc2d83b4830c52b3ba69d556efc66940a7ae9bf076213190890872696, -address, /var/run/desktop-containerd/containerd.sock",checkoutservice,"checkoutservice-6d6f4d7cc7-jkzgt"
"2023-08-23 06:40:12","runc, init",checkoutservice,"checkoutservice-6d6f4d7cc7-jkzgt"
"2023-08-23 06:40:12","runc, init",checkoutservice,"checkoutservice-6d6f4d7cc7-jkzgt"
"2023-08-23 06:40:12","/usr/bin/containerd-shim-runc-v2, -namespace, moby, -id, 3754efdf6f3f71f3f060862a12f6bba6486989be89477d649e7b382ee4e94cd3, -address, /var/run/desktop-containerd/containerd.sock",checkoutservice,"checkoutservice-6d6f4d7cc7-jkzgt"
"2023-08-23 06:40:12","/usr/bin/containerd-shim-runc-v2, -namespace, moby, -id, 0db3a3d7b7c972d711f7cff861d7b272f5771107306399416a29766f70b56d68, -address, /var/run/desktop-containerd/containerd.sock",checkoutservice,"checkoutservice-6d6f4d7cc7-jkzgt"
"2023-08-23 06:40:08","/usr/bin/containerd-shim-runc-v2, -namespace, moby, -id, 858fa015e9eac43ac5e2e10dacecfd11c0c68ae7e5114417141e19d7bc97a0bb, -address, /var/run/desktop-containerd/containerd.sock",checkoutservice,"checkoutservice-6d6f4d7cc7-jkzgt"
"2023-08-23 06:40:08","/usr/bin/containerd-shim-runc-v2, -namespace, moby, -id, 4546e475caebe784375f0f1de0546b64c1c16672546c7e0e7f0927aca3a1037c, -address, /var/run/desktop-containerd/containerd.sock",checkoutservice,"checkoutservice-6d6f4d7cc7-jkzgt"
"2023-08-23 06:40:08","runc, init",checkoutservice,"checkoutservice-6d6f4d7cc7-jkzgt"
"2023-08-23 06:40:06","runc, --root, /var/run/docker/runtime-runc/moby, --log, /var/run/desktop-containerd/daemon/io.containerd.runtime.v2.task/moby/0db3a3d7b7c972d711f7cff861d7b272f5771107306399416a29766f70b56d68/log.json, --log-format, json, create, --bundle, /var/run/desktop-containerd/daemon/io.containerd.runtime.v2.task/moby/0db3a3d7b7c972d711f7cff861d7b272f5771107306399416a29766f70b56d68, --pid-file, /var/run/desktop-containerd/daemon/io.containerd.runtime.v2.task/moby/0db3a3d7b7c972d711f7cff861d7b272f5771107306399416a29766f70b56d68/init.pid, 0db3a3d7b7c972d711f7cff861d7b272f5771107306399416a29766f70b56d68",cartservice,"cartservice-6969c94d94-l66mx"
"2023-08-23 06:40:06","runc, --root, /var/run/docker/runtime-runc/moby, --log, /var/run/desktop-containerd/daemon/io.containerd.runtime.v2.task/moby/b2664d56b2d9cf6dba347986c2019c7d1ff8387f80d578d3b6a93025bbc76bc5/log.json, --log-format, json, create, --bundle, /var/run/desktop-containerd/daemon/io.containerd.runtime.v2.task/moby/b2664d56b2d9cf6dba347986c2019c7d1ff8387f80d578d3b6a93025bbc76bc5, --pid-file, /var/run/desktop-containerd/daemon/io.containerd.runtime.v2.task/moby/b2664d56b2d9cf6dba347986c2019c7d1ff8387f80d578d3b6a93025bbc76bc5/init.pid, b2664d56b2d9cf6dba347986c2019c7d1ff8387f80d578d3b6a93025bbc76bc5",cartservice,"cartservice-6969c94d94-l66mx"
"2023-08-23 06:40:06","runc, --root, /var/run/docker/runtime-runc/moby, --log, /var/run/desktop-containerd/daemon/io.containerd.runtime.v2.task/moby/3754efdf6f3f71f3f060862a12f6bba6486989be89477d649e7b382ee4e94cd3/log.json, --log-format, json, create, --bundle, /var/run/desktop-containerd/daemon/io.containerd.runtime.v2.task/moby/3754efdf6f3f71f3f060862a12f6bba6486989be89477d649e7b382ee4e94cd3, --pid-file, /var/run/desktop-containerd/daemon/io.containerd.runtime.v2.task/moby/3754efdf6f3f71f3f060862a12f6bba6486989be89477d649e7b382ee4e94cd3/init.pid, 3754efdf6f3f71f3f060862a12f6bba6486989be89477d649e7b382ee4e94cd3",cartservice,"cartservice-6969c94d94-l66mx"
"2023-08-23 06:40:06","runc, --root, /var/run/docker/runtime-runc/moby, --log, /var/run/desktop-containerd/daemon/io.containerd.runtime.v2.task/moby/1e49344cc2d83b4830c52b3ba69d556efc66940a7ae9bf076213190890872696/log.json, --log-format, json, create, --bundle, /var/run/desktop-containerd/daemon/io.containerd.runtime.v2.task/moby/1e49344cc2d83b4830c52b3ba69d556efc66940a7ae9bf076213190890872696, --pid-file, /var/run/desktop-containerd/daemon/io.containerd.runtime.v2.task/moby/1e49344cc2d83b4830c52b3ba69d556efc66940a7ae9bf076213190890872696/init.pid, 1e49344cc2d83b4830c52b3ba69d556efc66940a7ae9bf076213190890872696",cartservice,"cartservice-6969c94d94-l66mx"
"2023-08-23 06:40:05","runc, --version",shippingservice,"shippingservice-7ccdfd8767-zlxq5"
"2023-08-23 06:39:47","runc, --version",productcatalogservice,"productcatalogservice-6b5dd45849-52szd"
"2023-08-23 06:39:08","/usr/bin/containerd-shim-runc-v2, -namespace, moby, -id, 1846233e02146f94b49121ae3cd419c44795d5ef145e4a27816d25ee14920577, -address, /var/run/desktop-containerd/containerd.sock",currencyservice,"currencyservice-ccbc788bc-7lbhx"
"2023-08-23 06:39:08","/usr/bin/containerd-shim-runc-v2, -namespace, moby, -id, f5f1f6b8c5c42f4e18a7ddd2af3817ca11fa772bc9d0d051af2d2892c7638df6, -address, /var/run/desktop-containerd/containerd.sock",currencyservice,"currencyservice-ccbc788bc-7lbhx"
"2023-08-23 06:39:05","/usr/bin/containerd-shim-runc-v2, -namespace, moby, -id, a2325c0db2a57a845d844b34cf0a3af62b3ffcb97eb1b233fcd24f72fe74a45b, -address, /var/run/desktop-containerd/containerd.sock",currencyservice,"currencyservice-ccbc788bc-7lbhx"
"2023-08-23 06:39:05","runc, init",currencyservice,"currencyservice-ccbc788bc-7lbhx"
"2023-08-23 06:39:05","runc, --root, /var/run/docker/runtime-runc/moby, --log, /var/run/desktop-containerd/daemon/io.containerd.runtime.v2.task/moby/b03792c3bc0196454fee4e8fd4a4f7ae17b1526c458b14c12cccd375c8d16514/log.json, --log-format, json, create, --bundle, /var/run/desktop-containerd/daemon/io.containerd.runtime.v2.task/moby/b03792c3bc0196454fee4e8fd4a4f7ae17b1526c458b14c12cccd375c8d16514, --pid-file, /var/run/desktop-containerd/daemon/io.containerd.runtime.v2.task/moby/b03792c3bc0196454fee4e8fd4a4f7ae17b1526c458b14c12cccd375c8d16514/init.pid, b03792c3bc0196454fee4e8fd4a4f7ae17b1526c458b14c12cccd375c8d16514",currencyservice,"currencyservice-ccbc788bc-7lbhx"
"2023-08-23 06:39:05","runc, init",adservice,"adservice-76b448fddf-qfsdp"
"2023-08-23 06:39:05","runc, --root, /var/run/docker/runtime-runc/moby, --log, /var/run/desktop-containerd/daemon/io.containerd.runtime.v2.task/moby/b03792c3bc0196454fee4e8fd4a4f7ae17b1526c458b14c12cccd375c8d16514/log.json, --log-format, json, create, --bundle, /var/run/desktop-containerd/daemon/io.containerd.runtime.v2.task/moby/b03792c3bc0196454fee4e8fd4a4f7ae17b1526c458b14c12cccd375c8d16514, --pid-file, /var/run/desktop-containerd/daemon/io.containerd.runtime.v2.task/moby/b03792c3bc0196454fee4e8fd4a4f7ae17b1526c458b14c12cccd375c8d16514/init.pid, b03792c3bc0196454fee4e8fd4a4f7ae17b1526c458b14c12cccd375c8d16514",adservice,"adservice-76b448fddf-qfsdp"
"2023-08-23 06:39:05","/usr/bin/containerd-shim-runc-v2, -namespace, moby, -id, 4d5a2d632d80809c974f3f2435fb7b46f75698dfffee6df17605aeff98389f82, -address, /var/run/desktop-containerd/containerd.sock",adservice,"adservice-76b448fddf-qfsdp"
"2023-08-23 06:39:05","/usr/bin/containerd-shim-runc-v2, -namespace, moby, -id, b03792c3bc0196454fee4e8fd4a4f7ae17b1526c458b14c12cccd375c8d16514, -address, /var/run/desktop-containerd/containerd.sock",adservice,"adservice-76b448fddf-qfsdp"
"2023-08-23 06:39:05","/usr/bin/containerd-shim-runc-v2, -namespace, moby, -id, 720d8d5d0ea140f74c87985dc8fa432f26cd083cb7490abf0268c96dbd0e25ea, -address, /var/run/desktop-containerd/containerd.sock",adservice,"adservice-76b448fddf-qfsdp"
"2023-08-23 06:39:05","/usr/bin/containerd-shim-runc-v2, -namespace, moby, -id, 6254bbd0d13342520e408f48ce77d8ce7f948c9d5b131c572c03b38f56861930, -address, /var/run/desktop-containerd/containerd.sock",adservice,"adservice-76b448fddf-qfsdp"
"2023-08-23 06:39:00","/usr/bin/containerd-shim-runc-v2, -namespace, moby, -id, c009627a1e144796767e4eab092b894200b761c883d2f3c57b28747efd6b6330, -address, /var/run/desktop-containerd/containerd.sock",checkoutservice,"checkoutservice-6d6f4d7cc7-jkzgt"
"2023-08-23 06:39:00","/usr/bin/containerd-shim-runc-v2, -namespace, moby, -id, 9140bd7a365188194d917f75b8fda520f4949d0074a35ea5fd0affe8b93daa65, -address, /var/run/desktop-containerd/containerd.sock",checkoutservice,"checkoutservice-6d6f4d7cc7-jkzgt"
"2023-08-23 06:39:00","/usr/bin/containerd-shim-runc-v2, -namespace, moby, -id, b5f78f294e5d299c542d8afe80cf82222663200d06a8ac800eb502a426485cde, -address, /var/run/desktop-containerd/containerd.sock",checkoutservice,"checkoutservice-6d6f4d7cc7-jkzgt"
"2023-08-23 06:38:59","runc, --root, /var/run/docker/runtime-runc/moby, --log, /var/run/desktop-containerd/daemon/io.containerd.runtime.v2.task/moby/81ffbabb04af60ab4df9512d611c0b0dbb1931f31049c4b10a87f44278626ea1/log.json, --log-format, json, create, --bundle, /var/run/desktop-containerd/daemon/io.containerd.runtime.v2.task/moby/81ffbabb04af60ab4df9512d611c0b0dbb1931f31049c4b10a87f44278626ea1, --pid-file, /var/run/desktop-containerd/daemon/io.containerd.runtime.v2.task/moby/81ffbabb04af60ab4df9512d611c0b0dbb1931f31049c4b10a87f44278626ea1/init.pid, 81ffbabb04af60ab4df9512d611c0b0dbb1931f31049c4b10a87f44278626ea1",checkoutservice,"checkoutservice-6d6f4d7cc7-jkzgt"
"2023-08-23 06:38:58","runc, init",cartservice,"cartservice-6969c94d94-l66mx"
"2023-08-23 06:38:58","/usr/bin/containerd-shim-runc-v2, -namespace, moby, -id, 81ffbabb04af60ab4df9512d611c0b0dbb1931f31049c4b10a87f44278626ea1, -address, /var/run/desktop-containerd/containerd.sock",cartservice,"cartservice-6969c94d94-l66mx"
"2023-08-23 06:38:58","runc, --root, /var/run/docker/runtime-runc/moby, --log, /var/run/desktop-containerd/daemon/io.containerd.runtime.v2.task/moby/81ffbabb04af60ab4df9512d611c0b0dbb1931f31049c4b10a87f44278626ea1/log.json, --log-format, json, create, --bundle, /var/run/desktop-containerd/daemon/io.containerd.runtime.v2.task/moby/81ffbabb04af60ab4df9512d611c0b0dbb1931f31049c4b10a87f44278626ea1, --pid-file, /var/run/desktop-containerd/daemon/io.containerd.runtime.v2.task/moby/81ffbabb04af60ab4df9512d611c0b0dbb1931f31049c4b10a87f44278626ea1/init.pid, 81ffbabb04af60ab4df9512d611c0b0dbb1931f31049c4b10a87f44278626ea1",cartservice,"cartservice-6969c94d94-l66mx"
"2023-08-23 06:38:58","runc, --root, /var/run/docker/runtime-runc/moby, --log, /var/run/desktop-containerd/daemon/io.containerd.runtime.v2.task/moby/375a9193e78840bc45fe8b1645f1bec1cec99371680bd06e563934c7d765d1f7/log.json, --log-format, json, create, --bundle, /var/run/desktop-containerd/daemon/io.containerd.runtime.v2.task/moby/375a9193e78840bc45fe8b1645f1bec1cec99371680bd06e563934c7d765d1f7, --pid-file, /var/run/desktop-containerd/daemon/io.containerd.runtime.v2.task/moby/375a9193e78840bc45fe8b1645f1bec1cec99371680bd06e563934c7d765d1f7/init.pid, 375a9193e78840bc45fe8b1645f1bec1cec99371680bd06e563934c7d765d1f7",cartservice,"cartservice-6969c94d94-l66mx"
"2023-08-23 06:38:58","runc, --root, /var/run/docker/runtime-runc/moby, --log, /var/run/desktop-containerd/daemon/io.containerd.runtime.v2.task/moby/a2325c0db2a57a845d844b34cf0a3af62b3ffcb97eb1b233fcd24f72fe74a45b/log.json, --log-format, json, create, --bundle, /var/run/desktop-containerd/daemon/io.containerd.runtime.v2.task/moby/a2325c0db2a57a845d844b34cf0a3af62b3ffcb97eb1b233fcd24f72fe74a45b, --pid-file, /var/run/desktop-containerd/daemon/io.containerd.runtime.v2.task/moby/a2325c0db2a57a845d844b34cf0a3af62b3ffcb97eb1b233fcd24f72fe74a45b/init.pid, a2325c0db2a57a845d844b34cf0a3af62b3ffcb97eb1b233fcd24f72fe74a45b",cartservice,"cartservice-6969c94d94-l66mx"
"2023-08-23 06:38:51","/usr/bin/containerd-shim-runc-v2, -namespace, moby, -id, 2043f071d510435072cfcf64b52cf8815e6ba646017523f35a538a21e59547a7, -address, /var/run/desktop-containerd/containerd.sock",currencyservice,"currencyservice-ccbc788bc-7lbhx"
"2023-08-23 06:38:32","runc, --version",loadgenerator,"loadgenerator-7f8f5d8fb6-5mm4r"
"2023-08-23 06:38:31","runc, --version",frontend,"frontend-846c85c54c-9rg78"
"2023-08-23 06:37:46","runc, --version",currencyservice,"currencyservice-ccbc788bc-7lbhx"
"2023-08-23 06:37:46","runc, --version",currencyservice,"currencyservice-ccbc788bc-7lbhx"
"2023-08-23 06:37:19","/usr/bin/containerd-shim-runc-v2, -namespace, moby, -id, 1e8214583071e0561344aca5674b8e007e0aacf507d168a78d19c8ce110a691e, -address, /var/run/desktop-containerd/containerd.sock",productcatalogservice,"productcatalogservice-6b5dd45849-52szd"
"2023-08-23 06:37:19","/usr/bin/containerd-shim-runc-v2, -namespace, moby, -id, 3d91c145f82ce1c603e447c6267db2d65e5041f95e0a42de228590bd5420cf09, -address, /var/run/desktop-containerd/containerd.sock",productcatalogservice,"productcatalogservice-6b5dd45849-52szd"
"2023-08-23 06:37:16","/usr/bin/containerd-shim-runc-v2, -namespace, moby, -id, 3d91c145f82ce1c603e447c6267db2d65e5041f95e0a42de228590bd5420cf09, -address, /var/run/desktop-containerd/containerd.sock",paymentservice,"paymentservice-78549bfd9c-h8tg5"
"2023-08-23 06:37:16","/usr/bin/containerd-shim-runc-v2, -namespace, moby, -id, 1e8214583071e0561344aca5674b8e007e0aacf507d168a78d19c8ce110a691e, -address, /var/run/desktop-containerd/containerd.sock",paymentservice,"paymentservice-78549bfd9c-h8tg5"
"2023-08-23 06:37:16","/usr/bin/containerd-shim-runc-v2, -namespace, moby, -id, 9e7df7cb434cb953f09ca83086f7c6933e8d21a3a5e1e80d65d257f6475c6f08, -address, /var/run/desktop-containerd/containerd.sock",paymentservice,"paymentservice-78549bfd9c-h8tg5"
"2023-08-23 06:37:16","/usr/bin/containerd-shim-runc-v2, -namespace, moby, -id, f3ad15bafc80146fc9bab6a6f5c211c057a7fcc040dd42f4f8adf97050b11da4, -address, /var/run/desktop-containerd/containerd.sock",paymentservice,"paymentservice-78549bfd9c-h8tg5"
"2023-08-23 06:37:16","/usr/bin/containerd-shim-runc-v2, -namespace, moby, -id, dd1c43c7a8aa05da2a5007e2a591b0d5f8edf7ff8cdd8aa474ac8987517e3719, -address, /var/run/desktop-containerd/containerd.sock",paymentservice,"paymentservice-78549bfd9c-h8tg5"
"2023-08-23 06:36:02","runc, --root, /var/run/docker/runtime-runc/moby, --log, /var/run/desktop-containerd/daemon/io.containerd.runtime.v2.task/moby/458e741d40fb0a96823e3ec887c1b33b3a92013e065d6d597b0931cba5b839a4/log.json, --log-format, json, create, --bundle, /var/run/desktop-containerd/daemon/io.containerd.runtime.v2.task/moby/458e741d40fb0a96823e3ec887c1b33b3a92013e065d6d597b0931cba5b839a4, --pid-file, /var/run/desktop-containerd/daemon/io.containerd.runtime.v2.task/moby/458e741d40fb0a96823e3ec887c1b33b3a92013e065d6d597b0931cba5b839a4/init.pid, 458e741d40fb0a96823e3ec887c1b33b3a92013e065d6d597b0931cba5b839a4",productcatalogservice,"productcatalogservice-6b5dd45849-52szd"
"2023-08-23 06:36:01","runc, init",productcatalogservice,"productcatalogservice-6b5dd45849-52szd"
"2023-08-23 06:36:01","/usr/bin/containerd-shim-runc-v2, -namespace, moby, -id, 458e741d40fb0a96823e3ec887c1b33b3a92013e065d6d597b0931cba5b839a4, -address, /var/run/desktop-containerd/containerd.sock",productcatalogservice,"productcatalogservice-6b5dd45849-52szd"
"2023-08-23 06:36:01","runc, --root, /var/run/docker/runtime-runc/moby, --log, /var/run/desktop-containerd/daemon/io.containerd.runtime.v2.task/moby/458e741d40fb0a96823e3ec887c1b33b3a92013e065d6d597b0931cba5b839a4/log.json, --log-format, json, create, --bundle, /var/run/desktop-containerd/daemon/io.containerd.runtime.v2.task/moby/458e741d40fb0a96823e3ec887c1b33b3a92013e065d6d597b0931cba5b839a4, --pid-file, /var/run/desktop-containerd/daemon/io.containerd.runtime.v2.task/moby/458e741d40fb0a96823e3ec887c1b33b3a92013e065d6d597b0931cba5b839a4/init.pid, 458e741d40fb0a96823e3ec887c1b33b3a92013e065d6d597b0931cba5b839a4",productcatalogservice,"productcatalogservice-6b5dd45849-52szd"
"2023-08-23 06:36:01","runc, --root, /var/run/docker/runtime-runc/moby, --log, /var/run/desktop-containerd/daemon/io.containerd.runtime.v2.task/moby/9632319ff8ad9a81e22d19e5bb5af1493464fa761e850a81c5e5adc8e756de49/log.json, --log-format, json, create, --bundle, /var/run/desktop-containerd/daemon/io.containerd.runtime.v2.task/moby/9632319ff8ad9a81e22d19e5bb5af1493464fa761e850a81c5e5adc8e756de49, --pid-file, /var/run/desktop-containerd/daemon/io.containerd.runtime.v2.task/moby/9632319ff8ad9a81e22d19e5bb5af1493464fa761e850a81c5e5adc8e756de49/init.pid, 9632319ff8ad9a81e22d19e5bb5af1493464fa761e850a81c5e5adc8e756de49",productcatalogservice,"productcatalogservice-6b5dd45849-52szd"
"2023-08-23 06:36:01","runc, --root, /var/run/docker/runtime-runc/moby, --log, /var/run/desktop-containerd/daemon/io.containerd.runtime.v2.task/moby/6155327510a8c7916466e81058fefb954b51aacde56bd7a996f9af5d6c3e5714/log.json, --log-format, json, create, --bundle, /var/run/desktop-containerd/daemon/io.containerd.runtime.v2.task/moby/6155327510a8c7916466e81058fefb954b51aacde56bd7a996f9af5d6c3e5714, --pid-file, /var/run/desktop-containerd/daemon/io.containerd.runtime.v2.task/moby/6155327510a8c7916466e81058fefb954b51aacde56bd7a996f9af5d6c3e5714/init.pid, 6155327510a8c7916466e81058fefb954b51aacde56bd7a996f9af5d6c3e5714",productcatalogservice,"productcatalogservice-6b5dd45849-52szd"
"2023-08-23 06:35:14","/usr/bin/containerd-shim-runc-v2, -namespace, moby, -id, f9d5b0966560ef625c444111efbdfec53090caf394f39cc83fe3c4683bb0c359, -address, /var/run/desktop-containerd/containerd.sock",recommendationservice,"recommendationservice-cc746f6c7-9r7zm"
"2023-08-23 06:35:08","/usr/bin/containerd-shim-runc-v2, -namespace, moby, -id, f9d5b0966560ef625c444111efbdfec53090caf394f39cc83fe3c4683bb0c359, -address, /var/run/desktop-containerd/containerd.sock",loadgenerator,"loadgenerator-7f8f5d8fb6-5mm4r"
"2023-08-23 06:35:06","/usr/bin/containerd-shim-runc-v2, -namespace, moby, -id, 4b42cd021d143f11dc703ead6ef4155629a29149d9df051c539b6a12d3658a8e, -address, /var/run/desktop-containerd/containerd.sock",loadgenerator,"loadgenerator-7f8f5d8fb6-5mm4r"
"2023-08-23 06:35:06","/usr/bin/containerd-shim-runc-v2, -namespace, moby, -id, d2f9b4379399d52af0ba7cca534f87b60d926a09a1c88f04a7209188fe02b1e6, -address, /var/run/desktop-containerd/containerd.sock",loadgenerator,"loadgenerator-7f8f5d8fb6-5mm4r"
"2023-08-23 06:35:06","/usr/bin/containerd-shim-runc-v2, -namespace, moby, -id, fd4cae4f8857286951a637b73d8a0c43abed9f3c25851c9ff64917c62940a915, -address, /var/run/desktop-containerd/containerd.sock",loadgenerator,"loadgenerator-7f8f5d8fb6-5mm4r"
"2023-08-23 06:34:58","/usr/bin/containerd-shim-runc-v2, -namespace, moby, -id, fd4cae4f8857286951a637b73d8a0c43abed9f3c25851c9ff64917c62940a915, -address, /var/run/desktop-containerd/containerd.sock","redis-cart","redis-cart-6997b66668-xkfsv"
"2023-08-23 06:34:58","/usr/bin/containerd-shim-runc-v2, -namespace, moby, -id, d2f9b4379399d52af0ba7cca534f87b60d926a09a1c88f04a7209188fe02b1e6, -address, /var/run/desktop-containerd/containerd.sock","redis-cart","redis-cart-6997b66668-xkfsv"
"2023-08-23 06:34:58","/usr/bin/containerd-shim-runc-v2, -namespace, moby, -id, c5db09b6e400fa82e0fc0a284816d8af8381fa9cf01ea4213b97a609174dd58f, -address, /var/run/desktop-containerd/containerd.sock","redis-cart","redis-cart-6997b66668-xkfsv"
"2023-08-23 06:34:49","runc, --version",shippingservice,"shippingservice-7ccdfd8767-zlxq5"
"2023-08-23 06:34:11","/usr/bin/containerd-shim-runc-v2, -namespace, moby, -id, 57264993e8e186d176d5f4338ae147b9951de8b287b0e73a7f8dc877de6d210a, -address, /var/run/desktop-containerd/containerd.sock",currencyservice,"currencyservice-ccbc788bc-7lbhx"
"2023-08-23 06:34:05","/usr/bin/containerd-shim-runc-v2, -namespace, moby, -id, 57264993e8e186d176d5f4338ae147b9951de8b287b0e73a7f8dc877de6d210a, -address, /var/run/desktop-containerd/containerd.sock",checkoutservice,"checkoutservice-6d6f4d7cc7-jkzgt"
"2023-08-23 06:34:05","runc, init",checkoutservice,"checkoutservice-6d6f4d7cc7-jkzgt"
"2023-08-23 06:34:05","runc, init",checkoutservice,"checkoutservice-6d6f4d7cc7-jkzgt"
"2023-08-23 06:34:05","runc, init",checkoutservice,"checkoutservice-6d6f4d7cc7-jkzgt"
"2023-08-23 06:34:05","/usr/bin/containerd-shim-runc-v2, -namespace, moby, -id, d8769fbccfd83a3acae8f718281e8c2144fcd3564a5ccc0a140482a28ae37dfa, -address, /var/run/desktop-containerd/containerd.sock",checkoutservice,"checkoutservice-6d6f4d7cc7-jkzgt"
"2023-08-23 06:34:05","/usr/bin/containerd-shim-runc-v2, -namespace, moby, -id, 2449163f17c4d37e9b82cf4548341282c463ec5b0befba2fd8cc7dbf2dad00a3, -address, /var/run/desktop-containerd/containerd.sock",checkoutservice,"checkoutservice-6d6f4d7cc7-jkzgt"
"2023-08-23 06:34:05","runc, init",checkoutservice,"checkoutservice-6d6f4d7cc7-jkzgt"
"2023-08-23 06:34:05","/usr/bin/containerd-shim-runc-v2, -namespace, moby, -id, 17df5e4a4e5b07add3c89a843a3a27cd1c4329a229d3765389a17c9544f9bb96, -address, /var/run/desktop-containerd/containerd.sock",checkoutservice,"checkoutservice-6d6f4d7cc7-jkzgt"
"2023-08-23 06:34:05","runc, init",checkoutservice,"checkoutservice-6d6f4d7cc7-jkzgt"
"2023-08-23 06:34:05","/usr/bin/containerd-shim-runc-v2, -namespace, moby, -id, f9bd8c734d0e68c9b4fbd2a69343ad0dc93e7337bff0f08dcefa95ba26ca272f, -address, /var/run/desktop-containerd/containerd.sock",checkoutservice,"checkoutservice-6d6f4d7cc7-jkzgt"
"2023-08-23 06:34:05","/usr/bin/containerd-shim-runc-v2, -namespace, moby, -id, f79eee83cb91f79086db5ded471beee5add73e9d06fa74e9394da1111b7929b1, -address, /var/run/desktop-containerd/containerd.sock",checkoutservice,"checkoutservice-6d6f4d7cc7-jkzgt"
"2023-08-23 06:34:02","/usr/bin/containerd-shim-runc-v2, -namespace, moby, -id, d8769fbccfd83a3acae8f718281e8c2144fcd3564a5ccc0a140482a28ae37dfa, -address, /var/run/desktop-containerd/containerd.sock",cartservice,"cartservice-6969c94d94-l66mx"
"2023-08-23 06:34:02","runc, init",cartservice,"cartservice-6969c94d94-l66mx"
"2023-08-23 06:34:02","/usr/bin/containerd-shim-runc-v2, -namespace, moby, -id, 17df5e4a4e5b07add3c89a843a3a27cd1c4329a229d3765389a17c9544f9bb96, -address, /var/run/desktop-containerd/containerd.sock",cartservice,"cartservice-6969c94d94-l66mx"
"2023-08-23 06:34:02","/usr/bin/containerd-shim-runc-v2, -namespace, moby, -id, f9bd8c734d0e68c9b4fbd2a69343ad0dc93e7337bff0f08dcefa95ba26ca272f, -address, /var/run/desktop-containerd/containerd.sock",cartservice,"cartservice-6969c94d94-l66mx"
"2023-08-23 06:34:02","runc, init",cartservice,"cartservice-6969c94d94-l66mx"
"2023-08-23 06:34:02","runc, init",cartservice,"cartservice-6969c94d94-l66mx"
"2023-08-23 06:34:00","/usr/bin/containerd-shim-runc-v2, -namespace, moby, -id, 206fcfbde18e64cd1c4cf13ac3c3a2ee50bf3e14affb2e8d16ea1fc0e693d326, -address, /var/run/desktop-containerd/containerd.sock",shippingservice,"shippingservice-7ccdfd8767-zlxq5"
"2023-08-23 06:34:00","/usr/bin/containerd-shim-runc-v2, -namespace, moby, -id, 660f9c3765851b9e6bad2ba29d8acfbff483ea0708656feac7389b2bdee29997, -address, /var/run/desktop-containerd/containerd.sock",shippingservice,"shippingservice-7ccdfd8767-zlxq5"
"2023-08-23 06:34:00","/usr/bin/containerd-shim-runc-v2, -namespace, moby, -id, 9b40806f6eab1c85876128d030d0ced859012d12f46783222e67314f821a3a90, -address, /var/run/desktop-containerd/containerd.sock",shippingservice,"shippingservice-7ccdfd8767-zlxq5"
"2023-08-23 06:33:48","runc, --version",frontend,"frontend-846c85c54c-9rg78"
