"@timestamp","process.args","kubernetes.labels.app","kubernetes.pod.name"
"2023-08-23 04:25:51","runc, --version",currencyservice,"currencyservice-ccbc788bc-7lbhx"
"2023-08-23 04:23:37","runc, --version",checkoutservice,"checkoutservice-6d6f4d7cc7-jkzgt"
"2023-08-23 04:23:22","runc, --version",cartservice,"cartservice-6969c94d94-l66mx"
"2023-08-23 04:18:22","runc, --version",productcatalogservice,"productcatalogservice-6b5dd45849-52szd"
"2023-08-23 04:18:21","runc, --version",frontend,"frontend-846c85c54c-9rg78"
"2023-08-23 04:15:11","runc, --version",cartservice,"cartservice-6969c94d94-l66mx"
"2023-08-23 04:15:11","runc, --version",cartservice,"cartservice-6969c94d94-l66mx"
