"@timestamp","process.args","kubernetes.labels.app","kubernetes.pod.name"
"2023-08-23 09:23:53","runc, --root, /var/run/docker/runtime-runc/moby, --log, /var/run/desktop-containerd/daemon/io.containerd.runtime.v2.task/moby/42f8cfbc2b7689ba201d715a1e922b3dc47766dd9c0f699d68a052b2ee3e9335/log.json, --log-format, json, exec, --process, /tmp/runc-process4509358, --detach, --pid-file, /var/run/desktop-containerd/daemon/io.containerd.runtime.v2.task/moby/42f8cfbc2b7689ba201d715a1e922b3dc47766dd9c0f699d68a052b2ee3e9335/b6e01298316e26e692826cd0db7339ff062603391949c4a6d00e9e80945b2ae8.pid, 42f8cfbc2b7689ba201d715a1e922b3dc47766dd9c0f699d68a052b2ee3e9335",adservice,"adservice-76b448fddf-mt4pz"
"2023-08-23 09:23:52","runc, --root, /var/run/docker/runtime-runc/moby, --log, /var/run/desktop-containerd/daemon/io.containerd.runtime.v2.task/moby/42f8cfbc2b7689ba201d715a1e922b3dc47766dd9c0f699d68a052b2ee3e9335/log.json, --log-format, json, exec, --process, /tmp/runc-process4509358, --detach, --pid-file, /var/run/desktop-containerd/daemon/io.containerd.runtime.v2.task/moby/42f8cfbc2b7689ba201d715a1e922b3dc47766dd9c0f699d68a052b2ee3e9335/b6e01298316e26e692826cd0db7339ff062603391949c4a6d00e9e80945b2ae8.pid, 42f8cfbc2b7689ba201d715a1e922b3dc47766dd9c0f699d68a052b2ee3e9335",adservice,"adservice-76b448fddf-mt4pz"
"2023-08-23 09:23:07","runc, --root, /var/run/docker/runtime-runc/moby, --log, /var/run/desktop-containerd/daemon/io.containerd.runtime.v2.task/moby/42f8cfbc2b7689ba201d715a1e922b3dc47766dd9c0f699d68a052b2ee3e9335/log.json, --log-format, json, exec, --process, /tmp/runc-process2073591374, --detach, --pid-file, /var/run/desktop-containerd/daemon/io.containerd.runtime.v2.task/moby/42f8cfbc2b7689ba201d715a1e922b3dc47766dd9c0f699d68a052b2ee3e9335/450962ef03f1c97e1a52256a1b531ed20b604d9c17fbc61d6b2c23c92159fa8c.pid, 42f8cfbc2b7689ba201d715a1e922b3dc47766dd9c0f699d68a052b2ee3e9335",cartservice,"cartservice-6969c94d94-bm86p"
"2023-08-23 09:21:55","/usr/bin/containerd-shim-runc-v2, -namespace, moby, -id, 8ed419c603acb9f290a3a85e77da9411c8ab6a46de41172d61299ac2371a7d30, -address, /var/run/desktop-containerd/containerd.sock",loadgenerator,"loadgenerator-7f8f5d8fb6-gxnfl"
"2023-08-23 09:21:55","/usr/bin/containerd-shim-runc-v2, -namespace, moby, -id, ab3afaa0e550ca1baaf27fcfbce58c7ee5775a9f557a0ee1cb067ee47c40b37b, -address, /var/run/desktop-containerd/containerd.sock",loadgenerator,"loadgenerator-7f8f5d8fb6-gxnfl"
"2023-08-23 09:21:23","runc, --root, /var/run/docker/runtime-runc/moby, --log, /var/run/desktop-containerd/daemon/io.containerd.runtime.v2.task/moby/42f8cfbc2b7689ba201d715a1e922b3dc47766dd9c0f699d68a052b2ee3e9335/log.json, --log-format, json, exec, --process, /tmp/runc-process2159984687, --detach, --pid-file, /var/run/desktop-containerd/daemon/io.containerd.runtime.v2.task/moby/42f8cfbc2b7689ba201d715a1e922b3dc47766dd9c0f699d68a052b2ee3e9335/d742ec75012e099fa9e77c2ad97b16532496cca4d583b3ed2e9921355acab61f.pid, 42f8cfbc2b7689ba201d715a1e922b3dc47766dd9c0f699d68a052b2ee3e9335",currencyservice,"currencyservice-ccbc788bc-75kbw"
"2023-08-23 09:21:22","runc, --root, /var/run/docker/runtime-runc/moby, --log, /var/run/desktop-containerd/daemon/io.containerd.runtime.v2.task/moby/42f8cfbc2b7689ba201d715a1e922b3dc47766dd9c0f699d68a052b2ee3e9335/log.json, --log-format, json, exec, --process, /tmp/runc-process2159984687, --detach, --pid-file, /var/run/desktop-containerd/daemon/io.containerd.runtime.v2.task/moby/42f8cfbc2b7689ba201d715a1e922b3dc47766dd9c0f699d68a052b2ee3e9335/d742ec75012e099fa9e77c2ad97b16532496cca4d583b3ed2e9921355acab61f.pid, 42f8cfbc2b7689ba201d715a1e922b3dc47766dd9c0f699d68a052b2ee3e9335",checkoutservice,"checkoutservice-6d6f4d7cc7-6vtw5"
"2023-08-23 09:20:52","runc, --root, /var/run/docker/runtime-runc/moby, --log, /var/run/desktop-containerd/daemon/io.containerd.runtime.v2.task/moby/42f8cfbc2b7689ba201d715a1e922b3dc47766dd9c0f699d68a052b2ee3e9335/log.json, --log-format, json, exec, --process, /tmp/runc-process3304157851, --detach, --pid-file, /var/run/desktop-containerd/daemon/io.containerd.runtime.v2.task/moby/42f8cfbc2b7689ba201d715a1e922b3dc47766dd9c0f699d68a052b2ee3e9335/9c37a691a25682648f9b9682d1f4a9ea6916ee9b4256a10625ad36bdfa925c3b.pid, 42f8cfbc2b7689ba201d715a1e922b3dc47766dd9c0f699d68a052b2ee3e9335",frontend,"frontend-846c85c54c-chcfv"
"2023-08-23 09:20:38","runc, --root, /var/run/docker/runtime-runc/moby, --log, /var/run/desktop-containerd/daemon/io.containerd.runtime.v2.task/moby/42f8cfbc2b7689ba201d715a1e922b3dc47766dd9c0f699d68a052b2ee3e9335/log.json, --log-format, json, exec, --process, /tmp/runc-process291989921, --detach, --pid-file, /var/run/desktop-containerd/daemon/io.containerd.runtime.v2.task/moby/42f8cfbc2b7689ba201d715a1e922b3dc47766dd9c0f699d68a052b2ee3e9335/5e9bde068c7ed3c3964273a7af86cef4a12e858e289feddaef901a930872e7ff.pid, 42f8cfbc2b7689ba201d715a1e922b3dc47766dd9c0f699d68a052b2ee3e9335",paymentservice,"paymentservice-78549bfd9c-dmwzb"
"2023-08-23 09:20:37","runc, --root, /var/run/docker/runtime-runc/moby, --log, /var/run/desktop-containerd/daemon/io.containerd.runtime.v2.task/moby/42f8cfbc2b7689ba201d715a1e922b3dc47766dd9c0f699d68a052b2ee3e9335/log.json, --log-format, json, exec, --process, /tmp/runc-process291989921, --detach, --pid-file, /var/run/desktop-containerd/daemon/io.containerd.runtime.v2.task/moby/42f8cfbc2b7689ba201d715a1e922b3dc47766dd9c0f699d68a052b2ee3e9335/5e9bde068c7ed3c3964273a7af86cef4a12e858e289feddaef901a930872e7ff.pid, 42f8cfbc2b7689ba201d715a1e922b3dc47766dd9c0f699d68a052b2ee3e9335",paymentservice,"paymentservice-78549bfd9c-dmwzb"
"2023-08-23 09:20:06","runc, --version",loadgenerator,"loadgenerator-7f8f5d8fb6-gxnfl"
"2023-08-23 09:20:05","/usr/bin/containerd-shim-runc-v2, -namespace, moby, -id, ab3afaa0e550ca1baaf27fcfbce58c7ee5775a9f557a0ee1cb067ee47c40b37b, -address, /var/run/desktop-containerd/containerd.sock",productcatalogservice,"productcatalogservice-6b5dd45849-8cd8z"
"2023-08-23 09:20:05","/usr/bin/containerd-shim-runc-v2, -namespace, moby, -id, c01292772e0a525b135fb8df6839cddf091b016b2fd8198c2b26bb246fe617cc, -address, /var/run/desktop-containerd/containerd.sock",productcatalogservice,"productcatalogservice-6b5dd45849-8cd8z"
"2023-08-23 09:19:52","runc, --root, /var/run/docker/runtime-runc/moby, --log, /var/run/desktop-containerd/daemon/io.containerd.runtime.v2.task/moby/42f8cfbc2b7689ba201d715a1e922b3dc47766dd9c0f699d68a052b2ee3e9335/log.json, --log-format, json, exec, --process, /tmp/runc-process881266992, --detach, --pid-file, /var/run/desktop-containerd/daemon/io.containerd.runtime.v2.task/moby/42f8cfbc2b7689ba201d715a1e922b3dc47766dd9c0f699d68a052b2ee3e9335/a83ce4dccef41d47e4a14106426975acfc8c30eada8b1d840f0e1b08f4608305.pid, 42f8cfbc2b7689ba201d715a1e922b3dc47766dd9c0f699d68a052b2ee3e9335",checkoutservice,"checkoutservice-6d6f4d7cc7-6vtw5"
"2023-08-23 09:19:04","runc, --version",paymentservice,"paymentservice-78549bfd9c-dmwzb"
"2023-08-23 09:18:16","/usr/bin/containerd-shim-runc-v2, -namespace, moby, -id, c01292772e0a525b135fb8df6839cddf091b016b2fd8198c2b26bb246fe617cc, -address, /var/run/desktop-containerd/containerd.sock",paymentservice,"paymentservice-78549bfd9c-dmwzb"
"2023-08-23 09:18:16","/usr/bin/containerd-shim-runc-v2, -namespace, moby, -id, dbc8d6e403d5bb5229d30476883c709c32c4b39a1fc7b0f4b53ed16d3297aed2, -address, /var/run/desktop-containerd/containerd.sock",paymentservice,"paymentservice-78549bfd9c-dmwzb"
"2023-08-23 09:17:23","runc, --root, /var/run/docker/runtime-runc/moby, --log, /var/run/desktop-containerd/daemon/io.containerd.runtime.v2.task/moby/42f8cfbc2b7689ba201d715a1e922b3dc47766dd9c0f699d68a052b2ee3e9335/log.json, --log-format, json, exec, --process, /tmp/runc-process2497144325, --detach, --pid-file, /var/run/desktop-containerd/daemon/io.containerd.runtime.v2.task/moby/42f8cfbc2b7689ba201d715a1e922b3dc47766dd9c0f699d68a052b2ee3e9335/36d0d820a376d6ff9d241bad939b1b114556e0adbdb5a9118d40d509291beea3.pid, 42f8cfbc2b7689ba201d715a1e922b3dc47766dd9c0f699d68a052b2ee3e9335",productcatalogservice,"productcatalogservice-6b5dd45849-8cd8z"
"2023-08-23 09:17:08","runc, --root, /var/run/docker/runtime-runc/moby, --log, /var/run/desktop-containerd/daemon/io.containerd.runtime.v2.task/moby/42f8cfbc2b7689ba201d715a1e922b3dc47766dd9c0f699d68a052b2ee3e9335/log.json, --log-format, json, exec, --process, /tmp/runc-process3808323496, --detach, --pid-file, /var/run/desktop-containerd/daemon/io.containerd.runtime.v2.task/moby/42f8cfbc2b7689ba201d715a1e922b3dc47766dd9c0f699d68a052b2ee3e9335/05b604a0bddd15dc06f33b28128f935eaf295854c50172af0d0a32792dfd541c.pid, 42f8cfbc2b7689ba201d715a1e922b3dc47766dd9c0f699d68a052b2ee3e9335",productcatalogservice,"productcatalogservice-6b5dd45849-8cd8z"
"2023-08-23 09:17:08","runc, init",productcatalogservice,"productcatalogservice-6b5dd45849-8cd8z"
"2023-08-23 09:16:37","runc, --version",adservice,"adservice-76b448fddf-mt4pz"
"2023-08-23 09:14:07","runc, --version","redis-cart","redis-cart-6997b66668-g888c"
"2023-08-23 09:11:09","runc, --root, /var/run/docker/runtime-runc/moby, --log, /var/run/desktop-containerd/daemon/io.containerd.runtime.v2.task/moby/42f8cfbc2b7689ba201d715a1e922b3dc47766dd9c0f699d68a052b2ee3e9335/log.json, --log-format, json, exec, --process, /tmp/runc-process2973075230, --detach, --pid-file, /var/run/desktop-containerd/daemon/io.containerd.runtime.v2.task/moby/42f8cfbc2b7689ba201d715a1e922b3dc47766dd9c0f699d68a052b2ee3e9335/447391d435d9893d2f569df9afd3f34732c79c127e32951d6169886288547ab8.pid, 42f8cfbc2b7689ba201d715a1e922b3dc47766dd9c0f699d68a052b2ee3e9335",paymentservice,"paymentservice-78549bfd9c-dmwzb"
"2023-08-23 09:11:08","runc, --root, /var/run/docker/runtime-runc/moby, --log, /var/run/desktop-containerd/daemon/io.containerd.runtime.v2.task/moby/42f8cfbc2b7689ba201d715a1e922b3dc47766dd9c0f699d68a052b2ee3e9335/log.json, --log-format, json, exec, --process, /tmp/runc-process2973075230, --detach, --pid-file, /var/run/desktop-containerd/daemon/io.containerd.runtime.v2.task/moby/42f8cfbc2b7689ba201d715a1e922b3dc47766dd9c0f699d68a052b2ee3e9335/447391d435d9893d2f569df9afd3f34732c79c127e32951d6169886288547ab8.pid, 42f8cfbc2b7689ba201d715a1e922b3dc47766dd9c0f699d68a052b2ee3e9335",paymentservice,"paymentservice-78549bfd9c-dmwzb"
"2023-08-23 09:09:39","runc, --root, /var/run/docker/runtime-runc/moby, --log, /var/run/desktop-containerd/daemon/io.containerd.runtime.v2.task/moby/42f8cfbc2b7689ba201d715a1e922b3dc47766dd9c0f699d68a052b2ee3e9335/log.json, --log-format, json, exec, --process, /tmp/runc-process2978764036, --detach, --pid-file, /var/run/desktop-containerd/daemon/io.containerd.runtime.v2.task/moby/42f8cfbc2b7689ba201d715a1e922b3dc47766dd9c0f699d68a052b2ee3e9335/b902cd1a192251948f0ea17c86579b8db18ecaab4eb66aea6a5a73f0513e0465.pid, 42f8cfbc2b7689ba201d715a1e922b3dc47766dd9c0f699d68a052b2ee3e9335",loadgenerator,"loadgenerator-7f8f5d8fb6-gxnfl"
"2023-08-23 09:09:38","runc, --root, /var/run/docker/runtime-runc/moby, --log, /var/run/desktop-containerd/daemon/io.containerd.runtime.v2.task/moby/42f8cfbc2b7689ba201d715a1e922b3dc47766dd9c0f699d68a052b2ee3e9335/log.json, --log-format, json, exec, --process, /tmp/runc-process2978764036, --detach, --pid-file, /var/run/desktop-containerd/daemon/io.containerd.runtime.v2.task/moby/42f8cfbc2b7689ba201d715a1e922b3dc47766dd9c0f699d68a052b2ee3e9335/b902cd1a192251948f0ea17c86579b8db18ecaab4eb66aea6a5a73f0513e0465.pid, 42f8cfbc2b7689ba201d715a1e922b3dc47766dd9c0f699d68a052b2ee3e9335",productcatalogservice,"productcatalogservice-6b5dd45849-8cd8z"
