"@timestamp","process.args","kubernetes.labels.app","kubernetes.pod.name"
"2023-08-23 05:45:39","/usr/bin/containerd-shim-runc-v2, -namespace, moby, -id, 4cf5a88221c2785624ae149dfabaeb954f014b4732b7b8313d2eff966b5d9b9a, -address, /var/run/desktop-containerd/containerd.sock",productcatalogservice,"productcatalogservice-6b5dd45849-52szd"
"2023-08-23 05:45:39","runc, init",productcatalogservice,"productcatalogservice-6b5dd45849-52szd"
"2023-08-23 05:45:35","/usr/bin/containerd-shim-runc-v2, -namespace, moby, -id, 21b8eb1710cca6415d747011197130d0959e5880611181a5727e47d120a6cf74, -address, /var/run/desktop-containerd/containerd.sock",productcatalogservice,"productcatalogservice-6b5dd45849-52szd"
"2023-08-23 05:45:35","runc, init",productcatalogservice,"productcatalogservice-6b5dd45849-52szd"
"2023-08-23 05:45:35","/usr/bin/containerd-shim-runc-v2, -namespace, moby, -id, 1f73443b4dadffbe0ba84f5ad9abec2ef842df057f0b7304facebd70f81c7a8b, -address, /var/run/desktop-containerd/containerd.sock",productcatalogservice,"productcatalogservice-6b5dd45849-52szd"
"2023-08-23 05:45:35","runc, init",productcatalogservice,"productcatalogservice-6b5dd45849-52szd"
"2023-08-23 05:45:35","/usr/bin/containerd-shim-runc-v2, -namespace, moby, -id, e9d570edcee3f4bd740bbb69061f410bb85bc3d993e1cb9457fa8f51904a8270, -address, /var/run/desktop-containerd/containerd.sock",productcatalogservice,"productcatalogservice-6b5dd45849-52szd"
"2023-08-23 05:45:35","runc, init",productcatalogservice,"productcatalogservice-6b5dd45849-52szd"
"2023-08-23 05:45:35","/usr/bin/containerd-shim-runc-v2, -namespace, moby, -id, 341aa7078e2f2128ec8cbfe6c74bf44d47e9e37519ad21eafb9d60beda80ea6e, -address, /var/run/desktop-containerd/containerd.sock",productcatalogservice,"productcatalogservice-6b5dd45849-52szd"
"2023-08-23 05:45:34","runc, init",frontend,"frontend-846c85c54c-9rg78"
"2023-08-23 05:45:34","runc, init",frontend,"frontend-846c85c54c-9rg78"
"2023-08-23 05:45:34","/usr/bin/containerd-shim-runc-v2, -namespace, moby, -id, 9dc5a30fa1d30c6288b5d4ad317efcd23478ce949365858708d0e929ba570b0b, -address, /var/run/desktop-containerd/containerd.sock",frontend,"frontend-846c85c54c-9rg78"
"2023-08-23 05:45:34","/usr/bin/containerd-shim-runc-v2, -namespace, moby, -id, d16f32eb2148bbb2b2f3f575f9254694116a523622b1f1a4edc2d1b00d26768a, -address, /var/run/desktop-containerd/containerd.sock",frontend,"frontend-846c85c54c-9rg78"
"2023-08-23 05:45:34","runc, init",frontend,"frontend-846c85c54c-9rg78"
"2023-08-23 05:45:34","/usr/bin/containerd-shim-runc-v2, -namespace, moby, -id, 1f73443b4dadffbe0ba84f5ad9abec2ef842df057f0b7304facebd70f81c7a8b, -address, /var/run/desktop-containerd/containerd.sock",frontend,"frontend-846c85c54c-9rg78"
"2023-08-23 05:45:32","runc, --version",cartservice,"cartservice-6969c94d94-l66mx"
"2023-08-23 05:45:32","runc, init",cartservice,"cartservice-6969c94d94-l66mx"
"2023-08-23 05:45:32","/usr/bin/containerd-shim-runc-v2, -namespace, moby, -id, 341aa7078e2f2128ec8cbfe6c74bf44d47e9e37519ad21eafb9d60beda80ea6e, -address, /var/run/desktop-containerd/containerd.sock",cartservice,"cartservice-6969c94d94-l66mx"
"2023-08-23 05:45:32","/usr/bin/containerd-shim-runc-v2, -namespace, moby, -id, 21b8eb1710cca6415d747011197130d0959e5880611181a5727e47d120a6cf74, -address, /var/run/desktop-containerd/containerd.sock",cartservice,"cartservice-6969c94d94-l66mx"
"2023-08-23 05:45:32","runc, --root, /var/run/docker/runtime-runc/moby, --log, /var/run/desktop-containerd/daemon/io.containerd.runtime.v2.task/moby/341aa7078e2f2128ec8cbfe6c74bf44d47e9e37519ad21eafb9d60beda80ea6e/log.json, --log-format, json, create, --bundle, /var/run/desktop-containerd/daemon/io.containerd.runtime.v2.task/moby/341aa7078e2f2128ec8cbfe6c74bf44d47e9e37519ad21eafb9d60beda80ea6e, --pid-file, /var/run/desktop-containerd/daemon/io.containerd.runtime.v2.task/moby/341aa7078e2f2128ec8cbfe6c74bf44d47e9e37519ad21eafb9d60beda80ea6e/init.pid, 341aa7078e2f2128ec8cbfe6c74bf44d47e9e37519ad21eafb9d60beda80ea6e",cartservice,"cartservice-6969c94d94-l66mx"
"2023-08-23 05:45:31","runc, init",cartservice,"cartservice-6969c94d94-l66mx"
"2023-08-23 05:45:31","/usr/bin/containerd-shim-runc-v2, -namespace, moby, -id, e36ffd20819b6d8605627beff76ea6c04197d44103bc33f4c4baa22bc5eae032, -address, /var/run/desktop-containerd/containerd.sock",cartservice,"cartservice-6969c94d94-l66mx"
"2023-08-23 05:45:31","/usr/bin/containerd-shim-runc-v2, -namespace, moby, -id, 5b9391dec2c2e7af83269262816bfee88ccb33ce8e26055063e82c8fe1e50fa6, -address, /var/run/desktop-containerd/containerd.sock",cartservice,"cartservice-6969c94d94-l66mx"
"2023-08-23 05:45:27","runc, --root, /var/run/docker/runtime-runc/moby, --log, /var/run/desktop-containerd/daemon/io.containerd.runtime.v2.task/moby/3a0fce545d5a5edbdd960ebe1e301d707f111433d861809b6c048ff7e79ba058/log.json, --log-format, json, create, --bundle, /var/run/desktop-containerd/daemon/io.containerd.runtime.v2.task/moby/3a0fce545d5a5edbdd960ebe1e301d707f111433d861809b6c048ff7e79ba058, --pid-file, /var/run/desktop-containerd/daemon/io.containerd.runtime.v2.task/moby/3a0fce545d5a5edbdd960ebe1e301d707f111433d861809b6c048ff7e79ba058/init.pid, 3a0fce545d5a5edbdd960ebe1e301d707f111433d861809b6c048ff7e79ba058",shippingservice,"shippingservice-7ccdfd8767-zlxq5"
"2023-08-23 05:45:27","/usr/bin/containerd-shim-runc-v2, -namespace, moby, -id, 3a0fce545d5a5edbdd960ebe1e301d707f111433d861809b6c048ff7e79ba058, -address, /var/run/desktop-containerd/containerd.sock",shippingservice,"shippingservice-7ccdfd8767-zlxq5"
"2023-08-23 05:45:27","/usr/bin/containerd-shim-runc-v2, -namespace, moby, -id, a20a5872a9162259d45071996384f16c9fc01942c8ac3934915969c47aacf949, -address, /var/run/desktop-containerd/containerd.sock",shippingservice,"shippingservice-7ccdfd8767-zlxq5"
"2023-08-23 05:45:27","runc, init",shippingservice,"shippingservice-7ccdfd8767-zlxq5"
"2023-08-23 05:45:27","runc, init",shippingservice,"shippingservice-7ccdfd8767-zlxq5"
"2023-08-23 05:44:48","runc, --version",checkoutservice,"checkoutservice-6d6f4d7cc7-jkzgt"
"2023-08-23 05:44:43","/usr/bin/containerd-shim-runc-v2, -namespace, moby, -id, 6af7f56966c6073d7a19fb797e4e5718d963c30e6209d848888cf1ad4b321b8e, -address, /var/run/desktop-containerd/containerd.sock",productcatalogservice,"productcatalogservice-6b5dd45849-52szd"
"2023-08-23 05:44:43","/usr/bin/containerd-shim-runc-v2, -namespace, moby, -id, ed485912d20222d1e611f44fd0529af2c901d5f42bb42e8a82fbb59ed177eec9, -address, /var/run/desktop-containerd/containerd.sock",productcatalogservice,"productcatalogservice-6b5dd45849-52szd"
"2023-08-23 05:44:39","/usr/bin/containerd-shim-runc-v2, -namespace, moby, -id, 6113ac509d60ee43515547cfe9eaa6614b2ce89985e5f9468c1a6674e347de3c, -address, /var/run/desktop-containerd/containerd.sock",cartservice,"cartservice-6969c94d94-l66mx"
"2023-08-23 05:44:33","/usr/bin/containerd-shim-runc-v2, -namespace, moby, -id, 58608908cb3e103483b870cf67c142c744e6fe0653eb029a58a6734af205f71f, -address, /var/run/desktop-containerd/containerd.sock",paymentservice,"paymentservice-78549bfd9c-h8tg5"
"2023-08-23 05:44:33","/usr/bin/containerd-shim-runc-v2, -namespace, moby, -id, 4a2e96b7f5c71b238ef6035f3225b0c286a230913ece711764fae19ddd1db155, -address, /var/run/desktop-containerd/containerd.sock",paymentservice,"paymentservice-78549bfd9c-h8tg5"
"2023-08-23 05:44:33","runc, --root, /var/run/docker/runtime-runc/moby, --log, /var/run/desktop-containerd/daemon/io.containerd.runtime.v2.task/moby/4416e73f5d0422f4bc3a0dc8017317781b7264484697a113ba84f281e0afa9aa/log.json, --log-format, json, create, --bundle, /var/run/desktop-containerd/daemon/io.containerd.runtime.v2.task/moby/4416e73f5d0422f4bc3a0dc8017317781b7264484697a113ba84f281e0afa9aa, --pid-file, /var/run/desktop-containerd/daemon/io.containerd.runtime.v2.task/moby/4416e73f5d0422f4bc3a0dc8017317781b7264484697a113ba84f281e0afa9aa/init.pid, 4416e73f5d0422f4bc3a0dc8017317781b7264484697a113ba84f281e0afa9aa",paymentservice,"paymentservice-78549bfd9c-h8tg5"
"2023-08-23 05:44:33","runc, --root, /var/run/docker/runtime-runc/moby, --log, /var/run/desktop-containerd/daemon/io.containerd.runtime.v2.task/moby/c048183baf839ca4d218a1e015fe550ad644e9a7ba3cc5b6fa68b00bd44e814e/log.json, --log-format, json, create, --bundle, /var/run/desktop-containerd/daemon/io.containerd.runtime.v2.task/moby/c048183baf839ca4d218a1e015fe550ad644e9a7ba3cc5b6fa68b00bd44e814e, --pid-file, /var/run/desktop-containerd/daemon/io.containerd.runtime.v2.task/moby/c048183baf839ca4d218a1e015fe550ad644e9a7ba3cc5b6fa68b00bd44e814e/init.pid, c048183baf839ca4d218a1e015fe550ad644e9a7ba3cc5b6fa68b00bd44e814e",paymentservice,"paymentservice-78549bfd9c-h8tg5"
"2023-08-23 05:44:32","/usr/bin/containerd-shim-runc-v2, -namespace, moby, -id, c048183baf839ca4d218a1e015fe550ad644e9a7ba3cc5b6fa68b00bd44e814e, -address, /var/run/desktop-containerd/containerd.sock",currencyservice,"currencyservice-ccbc788bc-7lbhx"
"2023-08-23 05:44:32","runc, --root, /var/run/docker/runtime-runc/moby, --log, /var/run/desktop-containerd/daemon/io.containerd.runtime.v2.task/moby/4416e73f5d0422f4bc3a0dc8017317781b7264484697a113ba84f281e0afa9aa/log.json, --log-format, json, create, --bundle, /var/run/desktop-containerd/daemon/io.containerd.runtime.v2.task/moby/4416e73f5d0422f4bc3a0dc8017317781b7264484697a113ba84f281e0afa9aa, --pid-file, /var/run/desktop-containerd/daemon/io.containerd.runtime.v2.task/moby/4416e73f5d0422f4bc3a0dc8017317781b7264484697a113ba84f281e0afa9aa/init.pid, 4416e73f5d0422f4bc3a0dc8017317781b7264484697a113ba84f281e0afa9aa",currencyservice,"currencyservice-ccbc788bc-7lbhx"
"2023-08-23 05:44:32","runc, init",currencyservice,"currencyservice-ccbc788bc-7lbhx"
"2023-08-23 05:44:32","runc, --root, /var/run/docker/runtime-runc/moby, --log, /var/run/desktop-containerd/daemon/io.containerd.runtime.v2.task/moby/c048183baf839ca4d218a1e015fe550ad644e9a7ba3cc5b6fa68b00bd44e814e/log.json, --log-format, json, create, --bundle, /var/run/desktop-containerd/daemon/io.containerd.runtime.v2.task/moby/c048183baf839ca4d218a1e015fe550ad644e9a7ba3cc5b6fa68b00bd44e814e, --pid-file, /var/run/desktop-containerd/daemon/io.containerd.runtime.v2.task/moby/c048183baf839ca4d218a1e015fe550ad644e9a7ba3cc5b6fa68b00bd44e814e/init.pid, c048183baf839ca4d218a1e015fe550ad644e9a7ba3cc5b6fa68b00bd44e814e",currencyservice,"currencyservice-ccbc788bc-7lbhx"
"2023-08-23 05:44:32","/usr/bin/containerd-shim-runc-v2, -namespace, moby, -id, 4a2e96b7f5c71b238ef6035f3225b0c286a230913ece711764fae19ddd1db155, -address, /var/run/desktop-containerd/containerd.sock",currencyservice,"currencyservice-ccbc788bc-7lbhx"
"2023-08-23 05:44:32","/usr/bin/containerd-shim-runc-v2, -namespace, moby, -id, 6113ac509d60ee43515547cfe9eaa6614b2ce89985e5f9468c1a6674e347de3c, -address, /var/run/desktop-containerd/containerd.sock",currencyservice,"currencyservice-ccbc788bc-7lbhx"
"2023-08-23 05:44:32","/usr/bin/containerd-shim-runc-v2, -namespace, moby, -id, 4416e73f5d0422f4bc3a0dc8017317781b7264484697a113ba84f281e0afa9aa, -address, /var/run/desktop-containerd/containerd.sock",currencyservice,"currencyservice-ccbc788bc-7lbhx"
"2023-08-23 05:44:31","/usr/bin/containerd-shim-runc-v2, -namespace, moby, -id, 6af7f56966c6073d7a19fb797e4e5718d963c30e6209d848888cf1ad4b321b8e, -address, /var/run/desktop-containerd/containerd.sock",currencyservice,"currencyservice-ccbc788bc-7lbhx"
"2023-08-23 05:43:30","/usr/bin/containerd-shim-runc-v2, -namespace, moby, -id, ec456499699884f27f281298dae26160a8a6a0a4dc6c699abd820cfeae568d7f, -address, /var/run/desktop-containerd/containerd.sock",cartservice,"cartservice-6969c94d94-l66mx"
"2023-08-23 05:43:30","/usr/bin/containerd-shim-runc-v2, -namespace, moby, -id, 6b8fbc471a0c4e1d7592bd3b930e53c8739279927647c1339e8c1582f709af4e, -address, /var/run/desktop-containerd/containerd.sock",cartservice,"cartservice-6969c94d94-l66mx"
"2023-08-23 05:43:25","/usr/bin/containerd-shim-runc-v2, -namespace, moby, -id, cdaf405f9ef9d0f045e3ae94826753b8848bcf98a9f910375eea31befbd75f90, -address, /var/run/desktop-containerd/containerd.sock",paymentservice,"paymentservice-78549bfd9c-h8tg5"
"2023-08-23 05:43:25","/usr/bin/containerd-shim-runc-v2, -namespace, moby, -id, 0e9620eb0d1d0ffb826ce5c71a76aa8499ab604dfc0a2f9a3024f29f4e79325c, -address, /var/run/desktop-containerd/containerd.sock",paymentservice,"paymentservice-78549bfd9c-h8tg5"
"2023-08-23 05:43:24","/usr/bin/containerd-shim-runc-v2, -namespace, moby, -id, 0e9620eb0d1d0ffb826ce5c71a76aa8499ab604dfc0a2f9a3024f29f4e79325c, -address, /var/run/desktop-containerd/containerd.sock",paymentservice,"paymentservice-78549bfd9c-h8tg5"
"2023-08-23 05:43:24","runc, --root, /var/run/docker/runtime-runc/moby, --log, /var/run/desktop-containerd/daemon/io.containerd.runtime.v2.task/moby/2f0f62b1c1725d78aa7e361d143453511dafd705fcbe473f320432b9c18a17fb/log.json, --log-format, json, create, --bundle, /var/run/desktop-containerd/daemon/io.containerd.runtime.v2.task/moby/2f0f62b1c1725d78aa7e361d143453511dafd705fcbe473f320432b9c18a17fb, --pid-file, /var/run/desktop-containerd/daemon/io.containerd.runtime.v2.task/moby/2f0f62b1c1725d78aa7e361d143453511dafd705fcbe473f320432b9c18a17fb/init.pid, 2f0f62b1c1725d78aa7e361d143453511dafd705fcbe473f320432b9c18a17fb",paymentservice,"paymentservice-78549bfd9c-h8tg5"
"2023-08-23 05:43:24","runc, --root, /var/run/docker/runtime-runc/moby, --log, /var/run/desktop-containerd/daemon/io.containerd.runtime.v2.task/moby/e04d9bf0343edc34e5810fbd8c9bba29cb57852bf568ef33d09116f0bcbb3c62/log.json, --log-format, json, create, --bundle, /var/run/desktop-containerd/daemon/io.containerd.runtime.v2.task/moby/e04d9bf0343edc34e5810fbd8c9bba29cb57852bf568ef33d09116f0bcbb3c62, --pid-file, /var/run/desktop-containerd/daemon/io.containerd.runtime.v2.task/moby/e04d9bf0343edc34e5810fbd8c9bba29cb57852bf568ef33d09116f0bcbb3c62/init.pid, e04d9bf0343edc34e5810fbd8c9bba29cb57852bf568ef33d09116f0bcbb3c62",paymentservice,"paymentservice-78549bfd9c-h8tg5"
"2023-08-23 05:43:23","runc, init",currencyservice,"currencyservice-ccbc788bc-7lbhx"
"2023-08-23 05:43:23","/usr/bin/containerd-shim-runc-v2, -namespace, moby, -id, 357d8e54813e51a8ad42fdc11bafe40d7744c150eb21b569b70e399f0e1cb1c5, -address, /var/run/desktop-containerd/containerd.sock",currencyservice,"currencyservice-ccbc788bc-7lbhx"
"2023-08-23 05:43:23","/usr/bin/containerd-shim-runc-v2, -namespace, moby, -id, e04d9bf0343edc34e5810fbd8c9bba29cb57852bf568ef33d09116f0bcbb3c62, -address, /var/run/desktop-containerd/containerd.sock",currencyservice,"currencyservice-ccbc788bc-7lbhx"
"2023-08-23 05:43:23","/usr/bin/containerd-shim-runc-v2, -namespace, moby, -id, be5f902402666c5c6be6d7fdb6136ae7aec808ef9dd03b3ffc1dae48b9ca05da, -address, /var/run/desktop-containerd/containerd.sock",currencyservice,"currencyservice-ccbc788bc-7lbhx"
"2023-08-23 05:43:23","runc, --root, /var/run/docker/runtime-runc/moby, --log, /var/run/desktop-containerd/daemon/io.containerd.runtime.v2.task/moby/e04d9bf0343edc34e5810fbd8c9bba29cb57852bf568ef33d09116f0bcbb3c62/log.json, --log-format, json, create, --bundle, /var/run/desktop-containerd/daemon/io.containerd.runtime.v2.task/moby/e04d9bf0343edc34e5810fbd8c9bba29cb57852bf568ef33d09116f0bcbb3c62, --pid-file, /var/run/desktop-containerd/daemon/io.containerd.runtime.v2.task/moby/e04d9bf0343edc34e5810fbd8c9bba29cb57852bf568ef33d09116f0bcbb3c62/init.pid, e04d9bf0343edc34e5810fbd8c9bba29cb57852bf568ef33d09116f0bcbb3c62",currencyservice,"currencyservice-ccbc788bc-7lbhx"
"2023-08-23 05:43:23","runc, --root, /var/run/docker/runtime-runc/moby, --log, /var/run/desktop-containerd/daemon/io.containerd.runtime.v2.task/moby/2f0f62b1c1725d78aa7e361d143453511dafd705fcbe473f320432b9c18a17fb/log.json, --log-format, json, create, --bundle, /var/run/desktop-containerd/daemon/io.containerd.runtime.v2.task/moby/2f0f62b1c1725d78aa7e361d143453511dafd705fcbe473f320432b9c18a17fb, --pid-file, /var/run/desktop-containerd/daemon/io.containerd.runtime.v2.task/moby/2f0f62b1c1725d78aa7e361d143453511dafd705fcbe473f320432b9c18a17fb/init.pid, 2f0f62b1c1725d78aa7e361d143453511dafd705fcbe473f320432b9c18a17fb",currencyservice,"currencyservice-ccbc788bc-7lbhx"
"2023-08-23 05:43:23","runc, init",currencyservice,"currencyservice-ccbc788bc-7lbhx"
"2023-08-23 05:43:23","/usr/bin/containerd-shim-runc-v2, -namespace, moby, -id, 2f0f62b1c1725d78aa7e361d143453511dafd705fcbe473f320432b9c18a17fb, -address, /var/run/desktop-containerd/containerd.sock",currencyservice,"currencyservice-ccbc788bc-7lbhx"
"2023-08-23 05:42:20","runc, --version","redis-cart","redis-cart-6997b66668-xkfsv"
"2023-08-23 05:42:20","runc, --version","redis-cart","redis-cart-6997b66668-xkfsv"
"2023-08-23 05:42:20","runc, --version","redis-cart","redis-cart-6997b66668-xkfsv"
"2023-08-23 05:42:20","runc, init","redis-cart","redis-cart-6997b66668-xkfsv"
"2023-08-23 05:42:19","runc, --root, /var/run/docker/runtime-runc/moby, --log, /var/run/desktop-containerd/daemon/io.containerd.runtime.v2.task/moby/9d750da28363b071e26750e56396145fc71c060d23c259aa98f0f8a764eeb3e3/log.json, --log-format, json, create, --bundle, /var/run/desktop-containerd/daemon/io.containerd.runtime.v2.task/moby/9d750da28363b071e26750e56396145fc71c060d23c259aa98f0f8a764eeb3e3, --pid-file, /var/run/desktop-containerd/daemon/io.containerd.runtime.v2.task/moby/9d750da28363b071e26750e56396145fc71c060d23c259aa98f0f8a764eeb3e3/init.pid, 9d750da28363b071e26750e56396145fc71c060d23c259aa98f0f8a764eeb3e3",loadgenerator,"loadgenerator-7f8f5d8fb6-5mm4r"
"2023-08-23 05:42:19","/usr/bin/containerd-shim-runc-v2, -namespace, moby, -id, 9d750da28363b071e26750e56396145fc71c060d23c259aa98f0f8a764eeb3e3, -address, /var/run/desktop-containerd/containerd.sock",loadgenerator,"loadgenerator-7f8f5d8fb6-5mm4r"
"2023-08-23 05:42:19","runc, --root, /var/run/docker/runtime-runc/moby, --log, /var/run/desktop-containerd/daemon/io.containerd.runtime.v2.task/moby/106d010011741c6e92c9deef258d9ac1dc535fb6d715ab37bdbd7da1256903b2/log.json, --log-format, json, create, --bundle, /var/run/desktop-containerd/daemon/io.containerd.runtime.v2.task/moby/106d010011741c6e92c9deef258d9ac1dc535fb6d715ab37bdbd7da1256903b2, --pid-file, /var/run/desktop-containerd/daemon/io.containerd.runtime.v2.task/moby/106d010011741c6e92c9deef258d9ac1dc535fb6d715ab37bdbd7da1256903b2/init.pid, 106d010011741c6e92c9deef258d9ac1dc535fb6d715ab37bdbd7da1256903b2",loadgenerator,"loadgenerator-7f8f5d8fb6-5mm4r"
"2023-08-23 05:42:19","runc, --root, /var/run/docker/runtime-runc/moby, --log, /var/run/desktop-containerd/daemon/io.containerd.runtime.v2.task/moby/598b9a19895bf38fb04df3f1311863b8158768a1439c01e2f5e7100bcafe3e20/log.json, --log-format, json, create, --bundle, /var/run/desktop-containerd/daemon/io.containerd.runtime.v2.task/moby/598b9a19895bf38fb04df3f1311863b8158768a1439c01e2f5e7100bcafe3e20, --pid-file, /var/run/desktop-containerd/daemon/io.containerd.runtime.v2.task/moby/598b9a19895bf38fb04df3f1311863b8158768a1439c01e2f5e7100bcafe3e20/init.pid, 598b9a19895bf38fb04df3f1311863b8158768a1439c01e2f5e7100bcafe3e20",loadgenerator,"loadgenerator-7f8f5d8fb6-5mm4r"
"2023-08-23 05:42:18","/usr/bin/containerd-shim-runc-v2, -namespace, moby, -id, 106d010011741c6e92c9deef258d9ac1dc535fb6d715ab37bdbd7da1256903b2, -address, /var/run/desktop-containerd/containerd.sock",loadgenerator,"loadgenerator-7f8f5d8fb6-5mm4r"
"2023-08-23 05:42:18","/usr/bin/containerd-shim-runc-v2, -namespace, moby, -id, 598b9a19895bf38fb04df3f1311863b8158768a1439c01e2f5e7100bcafe3e20, -address, /var/run/desktop-containerd/containerd.sock",loadgenerator,"loadgenerator-7f8f5d8fb6-5mm4r"
"2023-08-23 05:42:18","runc, --root, /var/run/docker/runtime-runc/moby, --log, /var/run/desktop-containerd/daemon/io.containerd.runtime.v2.task/moby/106d010011741c6e92c9deef258d9ac1dc535fb6d715ab37bdbd7da1256903b2/log.json, --log-format, json, create, --bundle, /var/run/desktop-containerd/daemon/io.containerd.runtime.v2.task/moby/106d010011741c6e92c9deef258d9ac1dc535fb6d715ab37bdbd7da1256903b2, --pid-file, /var/run/desktop-containerd/daemon/io.containerd.runtime.v2.task/moby/106d010011741c6e92c9deef258d9ac1dc535fb6d715ab37bdbd7da1256903b2/init.pid, 106d010011741c6e92c9deef258d9ac1dc535fb6d715ab37bdbd7da1256903b2",loadgenerator,"loadgenerator-7f8f5d8fb6-5mm4r"
"2023-08-23 05:42:18","runc, --root, /var/run/docker/runtime-runc/moby, --log, /var/run/desktop-containerd/daemon/io.containerd.runtime.v2.task/moby/598b9a19895bf38fb04df3f1311863b8158768a1439c01e2f5e7100bcafe3e20/log.json, --log-format, json, create, --bundle, /var/run/desktop-containerd/daemon/io.containerd.runtime.v2.task/moby/598b9a19895bf38fb04df3f1311863b8158768a1439c01e2f5e7100bcafe3e20, --pid-file, /var/run/desktop-containerd/daemon/io.containerd.runtime.v2.task/moby/598b9a19895bf38fb04df3f1311863b8158768a1439c01e2f5e7100bcafe3e20/init.pid, 598b9a19895bf38fb04df3f1311863b8158768a1439c01e2f5e7100bcafe3e20",loadgenerator,"loadgenerator-7f8f5d8fb6-5mm4r"
"2023-08-23 05:42:18","runc, init",loadgenerator,"loadgenerator-7f8f5d8fb6-5mm4r"
"2023-08-23 05:42:18","runc, init",loadgenerator,"loadgenerator-7f8f5d8fb6-5mm4r"
"2023-08-23 05:42:18","runc, init",loadgenerator,"loadgenerator-7f8f5d8fb6-5mm4r"
"2023-08-23 05:42:18","/usr/bin/containerd-shim-runc-v2, -namespace, moby, -id, 0d97dfa4596e0525d03de4bbb529b17c17cc5c02485550d1641153cb40ee5cb8, -address, /var/run/desktop-containerd/containerd.sock",loadgenerator,"loadgenerator-7f8f5d8fb6-5mm4r"
"2023-08-23 05:42:03","runc, --version",loadgenerator,"loadgenerator-7f8f5d8fb6-5mm4r"
"2023-08-23 05:42:03","runc, --version",loadgenerator,"loadgenerator-7f8f5d8fb6-5mm4r"
"2023-08-23 05:41:27","/usr/bin/containerd-shim-runc-v2, -namespace, moby, -id, 275c72bd0d72dbc237de364fd69260be4d995099f156eadf7851612a5785b9db, -address, /var/run/desktop-containerd/containerd.sock",recommendationservice,"recommendationservice-cc746f6c7-9r7zm"
"2023-08-23 05:41:27","/usr/bin/containerd-shim-runc-v2, -namespace, moby, -id, b5b4e8fcce8b3d5729d23a13fba355bfec3abd5a89463fe41dbff0d8ed7bff8b, -address, /var/run/desktop-containerd/containerd.sock",recommendationservice,"recommendationservice-cc746f6c7-9r7zm"
"2023-08-23 05:41:27","/usr/bin/containerd-shim-runc-v2, -namespace, moby, -id, d54a9282c7041578008819d0cddbff7cdab3da8c302531446b07951b1c4ba90b, -address, /var/run/desktop-containerd/containerd.sock",recommendationservice,"recommendationservice-cc746f6c7-9r7zm"
"2023-08-23 05:41:27","/usr/bin/containerd-shim-runc-v2, -namespace, moby, -id, 504ee7260beb36fb7b99fd38540f16421a80053c43cc6c2c04d57b1541f50102, -address, /var/run/desktop-containerd/containerd.sock",recommendationservice,"recommendationservice-cc746f6c7-9r7zm"
"2023-08-23 05:41:26","/usr/bin/containerd-shim-runc-v2, -namespace, moby, -id, 2ee6618c06cf1d08590b7a50b96b1c33956b23cb5064ff831dcddf945ba99b94, -address, /var/run/desktop-containerd/containerd.sock",productcatalogservice,"productcatalogservice-6b5dd45849-52szd"
"2023-08-23 05:41:26","/usr/bin/containerd-shim-runc-v2, -namespace, moby, -id, 1df9bad55c85e1897ebee8db4094cf8138d89313efee9fb920e2b37328984a90, -address, /var/run/desktop-containerd/containerd.sock",productcatalogservice,"productcatalogservice-6b5dd45849-52szd"
"2023-08-23 05:41:26","/usr/bin/containerd-shim-runc-v2, -namespace, moby, -id, 743ec41ec5b34d5841a0fdc09ca7222323e6706b02fda3b2de3f7957c3563085, -address, /var/run/desktop-containerd/containerd.sock",productcatalogservice,"productcatalogservice-6b5dd45849-52szd"
"2023-08-23 05:41:26","/usr/bin/containerd-shim-runc-v2, -namespace, moby, -id, 27efd5dd2640df4c621286c8fd26d045f02525edb57d9bf597ad8b08753122fb, -address, /var/run/desktop-containerd/containerd.sock",productcatalogservice,"productcatalogservice-6b5dd45849-52szd"
"2023-08-23 05:41:25","/usr/bin/containerd-shim-runc-v2, -namespace, moby, -id, f7515ac532b4ba89f4c6bff949e045e78ab782d5f491b359da784f284abe665b, -address, /var/run/desktop-containerd/containerd.sock",productcatalogservice,"productcatalogservice-6b5dd45849-52szd"
"2023-08-23 05:41:24","/usr/bin/containerd-shim-runc-v2, -namespace, moby, -id, 5d2ab8a431d8dafe7d3baed0a03565af1141fff17c7a191532d8a238ac29e4ef, -address, /var/run/desktop-containerd/containerd.sock",frontend,"frontend-846c85c54c-9rg78"
"2023-08-23 05:41:23","/usr/bin/containerd-shim-runc-v2, -namespace, moby, -id, 5d2ab8a431d8dafe7d3baed0a03565af1141fff17c7a191532d8a238ac29e4ef, -address, /var/run/desktop-containerd/containerd.sock",frontend,"frontend-846c85c54c-9rg78"
"2023-08-23 05:41:23","runc, init",frontend,"frontend-846c85c54c-9rg78"
"2023-08-23 05:41:23","runc, --root, /var/run/docker/runtime-runc/moby, --log, /var/run/desktop-containerd/daemon/io.containerd.runtime.v2.task/moby/a2e576ce711cae468a4d53de8327628c9337ab4359022f6f220783d4ebe8ffe7/log.json, --log-format, json, create, --bundle, /var/run/desktop-containerd/daemon/io.containerd.runtime.v2.task/moby/a2e576ce711cae468a4d53de8327628c9337ab4359022f6f220783d4ebe8ffe7, --pid-file, /var/run/desktop-containerd/daemon/io.containerd.runtime.v2.task/moby/a2e576ce711cae468a4d53de8327628c9337ab4359022f6f220783d4ebe8ffe7/init.pid, a2e576ce711cae468a4d53de8327628c9337ab4359022f6f220783d4ebe8ffe7",frontend,"frontend-846c85c54c-9rg78"
"2023-08-23 05:41:22","runc, init",cartservice,"cartservice-6969c94d94-l66mx"
"2023-08-23 05:41:22","/usr/bin/containerd-shim-runc-v2, -namespace, moby, -id, 423309cb506e98d50024eafe408e30d7586c5080296c4392b5e8f7b185dbb1b0, -address, /var/run/desktop-containerd/containerd.sock",cartservice,"cartservice-6969c94d94-l66mx"
"2023-08-23 05:41:22","runc, init",cartservice,"cartservice-6969c94d94-l66mx"
"2023-08-23 05:41:22","runc, --root, /var/run/docker/runtime-runc/moby, --log, /var/run/desktop-containerd/daemon/io.containerd.runtime.v2.task/moby/423309cb506e98d50024eafe408e30d7586c5080296c4392b5e8f7b185dbb1b0/log.json, --log-format, json, create, --bundle, /var/run/desktop-containerd/daemon/io.containerd.runtime.v2.task/moby/423309cb506e98d50024eafe408e30d7586c5080296c4392b5e8f7b185dbb1b0, --pid-file, /var/run/desktop-containerd/daemon/io.containerd.runtime.v2.task/moby/423309cb506e98d50024eafe408e30d7586c5080296c4392b5e8f7b185dbb1b0/init.pid, 423309cb506e98d50024eafe408e30d7586c5080296c4392b5e8f7b185dbb1b0",cartservice,"cartservice-6969c94d94-l66mx"
"2023-08-23 05:41:22","/usr/bin/containerd-shim-runc-v2, -namespace, moby, -id, a2e576ce711cae468a4d53de8327628c9337ab4359022f6f220783d4ebe8ffe7, -address, /var/run/desktop-containerd/containerd.sock",cartservice,"cartservice-6969c94d94-l66mx"
"2023-08-23 05:41:22","/usr/bin/containerd-shim-runc-v2, -namespace, moby, -id, bbe9db50d069a44d0331bbca2b0d1f77fdffd7d79a889bed0635bd9e10627ec1, -address, /var/run/desktop-containerd/containerd.sock",cartservice,"cartservice-6969c94d94-l66mx"
"2023-08-23 05:41:22","runc, --root, /var/run/docker/runtime-runc/moby, --log, /var/run/desktop-containerd/daemon/io.containerd.runtime.v2.task/moby/a2e576ce711cae468a4d53de8327628c9337ab4359022f6f220783d4ebe8ffe7/log.json, --log-format, json, create, --bundle, /var/run/desktop-containerd/daemon/io.containerd.runtime.v2.task/moby/a2e576ce711cae468a4d53de8327628c9337ab4359022f6f220783d4ebe8ffe7, --pid-file, /var/run/desktop-containerd/daemon/io.containerd.runtime.v2.task/moby/a2e576ce711cae468a4d53de8327628c9337ab4359022f6f220783d4ebe8ffe7/init.pid, a2e576ce711cae468a4d53de8327628c9337ab4359022f6f220783d4ebe8ffe7",cartservice,"cartservice-6969c94d94-l66mx"
"2023-08-23 05:41:22","runc, --root, /var/run/docker/runtime-runc/moby, --log, /var/run/desktop-containerd/daemon/io.containerd.runtime.v2.task/moby/e1036467d084480b6cc26568cf155b87ff64be1663bd6a4d736d4747cc7eafad/log.json, --log-format, json, create, --bundle, /var/run/desktop-containerd/daemon/io.containerd.runtime.v2.task/moby/e1036467d084480b6cc26568cf155b87ff64be1663bd6a4d736d4747cc7eafad, --pid-file, /var/run/desktop-containerd/daemon/io.containerd.runtime.v2.task/moby/e1036467d084480b6cc26568cf155b87ff64be1663bd6a4d736d4747cc7eafad/init.pid, e1036467d084480b6cc26568cf155b87ff64be1663bd6a4d736d4747cc7eafad",cartservice,"cartservice-6969c94d94-l66mx"
"2023-08-23 05:41:21","runc, init",cartservice,"cartservice-6969c94d94-l66mx"
"2023-08-23 05:41:21","/usr/bin/containerd-shim-runc-v2, -namespace, moby, -id, e1036467d084480b6cc26568cf155b87ff64be1663bd6a4d736d4747cc7eafad, -address, /var/run/desktop-containerd/containerd.sock",cartservice,"cartservice-6969c94d94-l66mx"
"2023-08-23 05:41:21","runc, --root, /var/run/docker/runtime-runc/moby, --log, /var/run/desktop-containerd/daemon/io.containerd.runtime.v2.task/moby/e1036467d084480b6cc26568cf155b87ff64be1663bd6a4d736d4747cc7eafad/log.json, --log-format, json, create, --bundle, /var/run/desktop-containerd/daemon/io.containerd.runtime.v2.task/moby/e1036467d084480b6cc26568cf155b87ff64be1663bd6a4d736d4747cc7eafad, --pid-file, /var/run/desktop-containerd/daemon/io.containerd.runtime.v2.task/moby/e1036467d084480b6cc26568cf155b87ff64be1663bd6a4d736d4747cc7eafad/init.pid, e1036467d084480b6cc26568cf155b87ff64be1663bd6a4d736d4747cc7eafad",cartservice,"cartservice-6969c94d94-l66mx"
"2023-08-23 05:41:07","runc, --root, /var/run/docker/runtime-runc/moby, --log, /var/run/desktop-containerd/daemon/io.containerd.runtime.v2.task/moby/42f8cfbc2b7689ba201d715a1e922b3dc47766dd9c0f699d68a052b2ee3e9335/log.json, --log-format, json, exec, --process, /tmp/runc-process2657752786, --detach, --pid-file, /var/run/desktop-containerd/daemon/io.containerd.runtime.v2.task/moby/42f8cfbc2b7689ba201d715a1e922b3dc47766dd9c0f699d68a052b2ee3e9335/185348375bcbae8a176db5af12fa2108931b41f5c3b148d33d4b63d0239a4b1b.pid, 42f8cfbc2b7689ba201d715a1e922b3dc47766dd9c0f699d68a052b2ee3e9335",checkoutservice,"checkoutservice-6d6f4d7cc7-jkzgt"
"2023-08-23 05:39:57","runc, init",loadgenerator,"loadgenerator-7f8f5d8fb6-5mm4r"
"2023-08-23 05:39:57","/usr/bin/containerd-shim-runc-v2, -namespace, moby, -id, c5126368a19c9ecb872ab89f5f7f8083a2713444b087f263d8f179cfd590c26c, -address, /var/run/desktop-containerd/containerd.sock",loadgenerator,"loadgenerator-7f8f5d8fb6-5mm4r"
"2023-08-23 05:39:56","/usr/bin/containerd-shim-runc-v2, -namespace, moby, -id, d97f7f9b82d6c9cde8a168f41f6996b34d90ca532814bfc2ba25d8778372cd48, -address, /var/run/desktop-containerd/containerd.sock",emailservice,"emailservice-9f8578d69-r6rx8"
"2023-08-23 05:39:56","/usr/bin/containerd-shim-runc-v2, -namespace, moby, -id, 2d9c1327a5a94d4cf4238d2552543ee1f9d6e761e109e1be34b713cd9e17f91a, -address, /var/run/desktop-containerd/containerd.sock",emailservice,"emailservice-9f8578d69-r6rx8"
"2023-08-23 05:39:49","/usr/bin/containerd-shim-runc-v2, -namespace, moby, -id, 2d9c1327a5a94d4cf4238d2552543ee1f9d6e761e109e1be34b713cd9e17f91a, -address, /var/run/desktop-containerd/containerd.sock",frontend,"frontend-846c85c54c-9rg78"
"2023-08-23 05:39:49","/usr/bin/containerd-shim-runc-v2, -namespace, moby, -id, d97f7f9b82d6c9cde8a168f41f6996b34d90ca532814bfc2ba25d8778372cd48, -address, /var/run/desktop-containerd/containerd.sock",frontend,"frontend-846c85c54c-9rg78"
"2023-08-23 05:39:49","/usr/bin/containerd-shim-runc-v2, -namespace, moby, -id, 820f2127fd81b9c2a69120ba368381b1c0eff3d9cae1953719b6a68634fb8bed, -address, /var/run/desktop-containerd/containerd.sock",frontend,"frontend-846c85c54c-9rg78"
"2023-08-23 05:39:47","runc, init",frontend,"frontend-846c85c54c-9rg78"
"2023-08-23 05:39:47","/usr/bin/containerd-shim-runc-v2, -namespace, moby, -id, 8a4baacdf0cb7e461d7c1ca7cfb0c3bb39b875ce56697e0c9c8701cf0c63470d, -address, /var/run/desktop-containerd/containerd.sock",frontend,"frontend-846c85c54c-9rg78"
"2023-08-23 05:39:46","/usr/bin/containerd-shim-runc-v2, -namespace, moby, -id, 2eaaec14a8740caf7bac2071ad252845643d70dcce4630b2d3c29438de4440c5, -address, /var/run/desktop-containerd/containerd.sock",cartservice,"cartservice-6969c94d94-l66mx"
"2023-08-23 05:39:46","/usr/bin/containerd-shim-runc-v2, -namespace, moby, -id, 240707f6a59c8bf33b37004cb644f42035bf74ed4a455bb0b3058ef605aca0ea, -address, /var/run/desktop-containerd/containerd.sock",cartservice,"cartservice-6969c94d94-l66mx"
"2023-08-23 05:39:46","/usr/bin/containerd-shim-runc-v2, -namespace, moby, -id, 377d566eab46b1763071f261b3c95c6cd2e05a3da2c7311a10691590f5311d47, -address, /var/run/desktop-containerd/containerd.sock",cartservice,"cartservice-6969c94d94-l66mx"
"2023-08-23 05:39:45","/usr/bin/containerd-shim-runc-v2, -namespace, moby, -id, 377d566eab46b1763071f261b3c95c6cd2e05a3da2c7311a10691590f5311d47, -address, /var/run/desktop-containerd/containerd.sock",cartservice,"cartservice-6969c94d94-l66mx"
"2023-08-23 05:39:45","/usr/bin/containerd-shim-runc-v2, -namespace, moby, -id, 240707f6a59c8bf33b37004cb644f42035bf74ed4a455bb0b3058ef605aca0ea, -address, /var/run/desktop-containerd/containerd.sock",cartservice,"cartservice-6969c94d94-l66mx"
"2023-08-23 05:39:45","/usr/bin/containerd-shim-runc-v2, -namespace, moby, -id, 35a30afdbbeb41026444416b2ebb42485e539c661da874692af2d379c21c80d4, -address, /var/run/desktop-containerd/containerd.sock",cartservice,"cartservice-6969c94d94-l66mx"
"2023-08-23 05:39:45","/usr/bin/containerd-shim-runc-v2, -namespace, moby, -id, 5056e3a1d606e30ea14e4674bdc272edace9cd94f067d29bf74623b82a0b709d, -address, /var/run/desktop-containerd/containerd.sock",cartservice,"cartservice-6969c94d94-l66mx"
"2023-08-23 05:39:41","runc, init",paymentservice,"paymentservice-78549bfd9c-h8tg5"
"2023-08-23 05:39:41","runc, --root, /var/run/docker/runtime-runc/moby, --log, /var/run/desktop-containerd/daemon/io.containerd.runtime.v2.task/moby/c5126368a19c9ecb872ab89f5f7f8083a2713444b087f263d8f179cfd590c26c/log.json, --log-format, json, create, --bundle, /var/run/desktop-containerd/daemon/io.containerd.runtime.v2.task/moby/c5126368a19c9ecb872ab89f5f7f8083a2713444b087f263d8f179cfd590c26c, --pid-file, /var/run/desktop-containerd/daemon/io.containerd.runtime.v2.task/moby/c5126368a19c9ecb872ab89f5f7f8083a2713444b087f263d8f179cfd590c26c/init.pid, c5126368a19c9ecb872ab89f5f7f8083a2713444b087f263d8f179cfd590c26c",paymentservice,"paymentservice-78549bfd9c-h8tg5"
"2023-08-23 05:39:41","runc, init",paymentservice,"paymentservice-78549bfd9c-h8tg5"
"2023-08-23 05:39:41","/usr/bin/containerd-shim-runc-v2, -namespace, moby, -id, 46c7ae0c9711e865e15f9883da1daac6d1706807c40b151a11f6b51337e25054, -address, /var/run/desktop-containerd/containerd.sock",paymentservice,"paymentservice-78549bfd9c-h8tg5"
"2023-08-23 05:39:41","runc, --root, /var/run/docker/runtime-runc/moby, --log, /var/run/desktop-containerd/daemon/io.containerd.runtime.v2.task/moby/46c7ae0c9711e865e15f9883da1daac6d1706807c40b151a11f6b51337e25054/log.json, --log-format, json, create, --bundle, /var/run/desktop-containerd/daemon/io.containerd.runtime.v2.task/moby/46c7ae0c9711e865e15f9883da1daac6d1706807c40b151a11f6b51337e25054, --pid-file, /var/run/desktop-containerd/daemon/io.containerd.runtime.v2.task/moby/46c7ae0c9711e865e15f9883da1daac6d1706807c40b151a11f6b51337e25054/init.pid, 46c7ae0c9711e865e15f9883da1daac6d1706807c40b151a11f6b51337e25054",paymentservice,"paymentservice-78549bfd9c-h8tg5"
"2023-08-23 05:39:41","runc, --version",paymentservice,"paymentservice-78549bfd9c-h8tg5"
"2023-08-23 05:39:41","/usr/bin/containerd-shim-runc-v2, -namespace, moby, -id, c5126368a19c9ecb872ab89f5f7f8083a2713444b087f263d8f179cfd590c26c, -address, /var/run/desktop-containerd/containerd.sock",paymentservice,"paymentservice-78549bfd9c-h8tg5"
"2023-08-23 05:38:59","/usr/bin/containerd-shim-runc-v2, -namespace, moby, -id, 8e4b158ec075a9f8770a90856b4e392aaacaf799607833f342bf141059bd4af0, -address, /var/run/desktop-containerd/containerd.sock","redis-cart","redis-cart-6997b66668-xkfsv"
"2023-08-23 05:38:58","/usr/bin/containerd-shim-runc-v2, -namespace, moby, -id, 7bb47dfd80280f980d7587a41c1e0e33f58ed26335fbbaa09588c24f974b1044, -address, /var/run/desktop-containerd/containerd.sock","redis-cart","redis-cart-6997b66668-xkfsv"
"2023-08-23 05:38:58","runc, init","redis-cart","redis-cart-6997b66668-xkfsv"
"2023-08-23 05:38:58","runc, init","redis-cart","redis-cart-6997b66668-xkfsv"
"2023-08-23 05:38:50","/usr/bin/containerd-shim-runc-v2, -namespace, moby, -id, b36e3f37e0ed2e0ed7a9cc18b7c83d76406e14bf64b85be3d75f867ce20cac89, -address, /var/run/desktop-containerd/containerd.sock",loadgenerator,"loadgenerator-7f8f5d8fb6-5mm4r"
"2023-08-23 05:38:50","/usr/bin/containerd-shim-runc-v2, -namespace, moby, -id, fb8719c075620abdf83e9d5ea6a4ef27d354ff88fe90f89bcf61a512924b2797, -address, /var/run/desktop-containerd/containerd.sock",loadgenerator,"loadgenerator-7f8f5d8fb6-5mm4r"
"2023-08-23 05:38:50","/usr/bin/containerd-shim-runc-v2, -namespace, moby, -id, 0b258f763400968b3a0a3e52b60f523e4accb0a2ccb31febdc01f39d1ab36503, -address, /var/run/desktop-containerd/containerd.sock",loadgenerator,"loadgenerator-7f8f5d8fb6-5mm4r"
"2023-08-23 05:38:50","/usr/bin/containerd-shim-runc-v2, -namespace, moby, -id, 39972b0185607b4c701367f2a8aa5da773a218aa3151fed8afabc5765e6092aa, -address, /var/run/desktop-containerd/containerd.sock",loadgenerator,"loadgenerator-7f8f5d8fb6-5mm4r"
"2023-08-23 05:38:50","/usr/bin/containerd-shim-runc-v2, -namespace, moby, -id, 2afc54e7ee34669f2224bac007cb8eee7eabd3739bbc4c58309ff54014180c67, -address, /var/run/desktop-containerd/containerd.sock",loadgenerator,"loadgenerator-7f8f5d8fb6-5mm4r"
"2023-08-23 05:38:47","/usr/bin/containerd-shim-runc-v2, -namespace, moby, -id, 48a8bdb9c1a475c579791dc76f388f92473b384294260fbfc88a14a0cc21ad70, -address, /var/run/desktop-containerd/containerd.sock",loadgenerator,"loadgenerator-7f8f5d8fb6-5mm4r"
"2023-08-23 05:38:47","/usr/bin/containerd-shim-runc-v2, -namespace, moby, -id, c57bd1adb6b2e374b8adaf2c49abe54b95cefe1375693018ed1997d899eb0a71, -address, /var/run/desktop-containerd/containerd.sock",loadgenerator,"loadgenerator-7f8f5d8fb6-5mm4r"
"2023-08-23 05:38:47","/usr/bin/containerd-shim-runc-v2, -namespace, moby, -id, 93ff9e9ce67f45ec22310bd150a083238e855d2c1f97dff7ad72300df1383a9d, -address, /var/run/desktop-containerd/containerd.sock",loadgenerator,"loadgenerator-7f8f5d8fb6-5mm4r"
"2023-08-23 05:38:46","/usr/bin/containerd-shim-runc-v2, -namespace, moby, -id, 93ff9e9ce67f45ec22310bd150a083238e855d2c1f97dff7ad72300df1383a9d, -address, /var/run/desktop-containerd/containerd.sock",emailservice,"emailservice-9f8578d69-r6rx8"
"2023-08-23 05:38:45","/usr/bin/containerd-shim-runc-v2, -namespace, moby, -id, d099c15ca33ca476c1423251d004816b10674ea6117212d1cdc3a9dbc0905529, -address, /var/run/desktop-containerd/containerd.sock",emailservice,"emailservice-9f8578d69-r6rx8"
"2023-08-23 05:38:45","/usr/bin/containerd-shim-runc-v2, -namespace, moby, -id, 065618bbe4e818d51e9c62372b5f71e44a35377a9de137fed041902924a32043, -address, /var/run/desktop-containerd/containerd.sock",emailservice,"emailservice-9f8578d69-r6rx8"
"2023-08-23 05:38:45","runc, --root, /var/run/docker/runtime-runc/moby, --log, /var/run/desktop-containerd/daemon/io.containerd.runtime.v2.task/moby/7bb47dfd80280f980d7587a41c1e0e33f58ed26335fbbaa09588c24f974b1044/log.json, --log-format, json, create, --bundle, /var/run/desktop-containerd/daemon/io.containerd.runtime.v2.task/moby/7bb47dfd80280f980d7587a41c1e0e33f58ed26335fbbaa09588c24f974b1044, --pid-file, /var/run/desktop-containerd/daemon/io.containerd.runtime.v2.task/moby/7bb47dfd80280f980d7587a41c1e0e33f58ed26335fbbaa09588c24f974b1044/init.pid, 7bb47dfd80280f980d7587a41c1e0e33f58ed26335fbbaa09588c24f974b1044",emailservice,"emailservice-9f8578d69-r6rx8"
"2023-08-23 05:38:44","runc, init",adservice,"adservice-76b448fddf-qfsdp"
"2023-08-23 05:38:44","/usr/bin/containerd-shim-runc-v2, -namespace, moby, -id, 7bb47dfd80280f980d7587a41c1e0e33f58ed26335fbbaa09588c24f974b1044, -address, /var/run/desktop-containerd/containerd.sock",adservice,"adservice-76b448fddf-qfsdp"
"2023-08-23 05:38:44","/usr/bin/containerd-shim-runc-v2, -namespace, moby, -id, 765d3e3803a012a057080c73fc3c1a15d86882a237b1f6f5dd9cc9a504a7feeb, -address, /var/run/desktop-containerd/containerd.sock",adservice,"adservice-76b448fddf-qfsdp"
"2023-08-23 05:38:44","runc, --root, /var/run/docker/runtime-runc/moby, --log, /var/run/desktop-containerd/daemon/io.containerd.runtime.v2.task/moby/765d3e3803a012a057080c73fc3c1a15d86882a237b1f6f5dd9cc9a504a7feeb/log.json, --log-format, json, start, 765d3e3803a012a057080c73fc3c1a15d86882a237b1f6f5dd9cc9a504a7feeb",adservice,"adservice-76b448fddf-qfsdp"
"2023-08-23 05:38:44","runc, --root, /var/run/docker/runtime-runc/moby, --log, /var/run/desktop-containerd/daemon/io.containerd.runtime.v2.task/moby/7bb47dfd80280f980d7587a41c1e0e33f58ed26335fbbaa09588c24f974b1044/log.json, --log-format, json, create, --bundle, /var/run/desktop-containerd/daemon/io.containerd.runtime.v2.task/moby/7bb47dfd80280f980d7587a41c1e0e33f58ed26335fbbaa09588c24f974b1044, --pid-file, /var/run/desktop-containerd/daemon/io.containerd.runtime.v2.task/moby/7bb47dfd80280f980d7587a41c1e0e33f58ed26335fbbaa09588c24f974b1044/init.pid, 7bb47dfd80280f980d7587a41c1e0e33f58ed26335fbbaa09588c24f974b1044",adservice,"adservice-76b448fddf-qfsdp"
"2023-08-23 05:38:44","runc, --root, /var/run/docker/runtime-runc/moby, --log, /var/run/desktop-containerd/daemon/io.containerd.runtime.v2.task/moby/8e4b158ec075a9f8770a90856b4e392aaacaf799607833f342bf141059bd4af0/log.json, --log-format, json, create, --bundle, /var/run/desktop-containerd/daemon/io.containerd.runtime.v2.task/moby/8e4b158ec075a9f8770a90856b4e392aaacaf799607833f342bf141059bd4af0, --pid-file, /var/run/desktop-containerd/daemon/io.containerd.runtime.v2.task/moby/8e4b158ec075a9f8770a90856b4e392aaacaf799607833f342bf141059bd4af0/init.pid, 8e4b158ec075a9f8770a90856b4e392aaacaf799607833f342bf141059bd4af0",adservice,"adservice-76b448fddf-qfsdp"
"2023-08-23 05:38:44","runc, --root, /var/run/docker/runtime-runc/moby, --log, /var/run/desktop-containerd/daemon/io.containerd.runtime.v2.task/moby/b9105feaa0ac717d3e87cc7a0fde70ca75a22d9f6df6e18226ee83498de11eff/log.json, --log-format, json, create, --bundle, /var/run/desktop-containerd/daemon/io.containerd.runtime.v2.task/moby/b9105feaa0ac717d3e87cc7a0fde70ca75a22d9f6df6e18226ee83498de11eff, --pid-file, /var/run/desktop-containerd/daemon/io.containerd.runtime.v2.task/moby/b9105feaa0ac717d3e87cc7a0fde70ca75a22d9f6df6e18226ee83498de11eff/init.pid, b9105feaa0ac717d3e87cc7a0fde70ca75a22d9f6df6e18226ee83498de11eff",adservice,"adservice-76b448fddf-qfsdp"
"2023-08-23 05:38:40","runc, init",productcatalogservice,"productcatalogservice-6b5dd45849-52szd"
"2023-08-23 05:38:40","/usr/bin/containerd-shim-runc-v2, -namespace, moby, -id, 75db28b7f759d7b0d6765f575a874f8b51c24db49af95fe144856387ed9daeeb, -address, /var/run/desktop-containerd/containerd.sock",productcatalogservice,"productcatalogservice-6b5dd45849-52szd"
"2023-08-23 05:38:40","runc, --root, /var/run/docker/runtime-runc/moby, --log, /var/run/desktop-containerd/daemon/io.containerd.runtime.v2.task/moby/75db28b7f759d7b0d6765f575a874f8b51c24db49af95fe144856387ed9daeeb/log.json, --log-format, json, create, --bundle, /var/run/desktop-containerd/daemon/io.containerd.runtime.v2.task/moby/75db28b7f759d7b0d6765f575a874f8b51c24db49af95fe144856387ed9daeeb, --pid-file, /var/run/desktop-containerd/daemon/io.containerd.runtime.v2.task/moby/75db28b7f759d7b0d6765f575a874f8b51c24db49af95fe144856387ed9daeeb/init.pid, 75db28b7f759d7b0d6765f575a874f8b51c24db49af95fe144856387ed9daeeb",productcatalogservice,"productcatalogservice-6b5dd45849-52szd"
"2023-08-23 05:38:12","/usr/bin/containerd-shim-runc-v2, -namespace, moby, -id, 89cd5b12d24c6a40689d9ca7ea7698c7604c471aa53d2f72a1a05dc47fb4bc73, -address, /var/run/desktop-containerd/containerd.sock",emailservice,"emailservice-9f8578d69-r6rx8"
"2023-08-23 05:37:54","/usr/bin/containerd-shim-runc-v2, -namespace, moby, -id, 68170bbe18427b36d912db758f30be6d20670d71e51a8eb0af16ab0b4a26498f, -address, /var/run/desktop-containerd/containerd.sock",checkoutservice,"checkoutservice-6d6f4d7cc7-jkzgt"
"2023-08-23 05:37:52","runc, init","redis-cart","redis-cart-6997b66668-xkfsv"
"2023-08-23 05:37:52","/usr/bin/containerd-shim-runc-v2, -namespace, moby, -id, 82e53b746182675e498718292fafff400ecb69bd32cabfdbce393a574e730aec, -address, /var/run/desktop-containerd/containerd.sock","redis-cart","redis-cart-6997b66668-xkfsv"
"2023-08-23 05:37:52","/usr/bin/containerd-shim-runc-v2, -namespace, moby, -id, 689b9d9f937f95795a08e76733162c7b15c6179602c4aa50aa7d9a0f586ee9d1, -address, /var/run/desktop-containerd/containerd.sock","redis-cart","redis-cart-6997b66668-xkfsv"
"2023-08-23 05:37:50","runc, init",adservice,"adservice-76b448fddf-qfsdp"
"2023-08-23 05:37:50","/usr/bin/containerd-shim-runc-v2, -namespace, moby, -id, 3ba5a9d1efbdeb2dfa2784085b58fac1618f7b563c78461e3de242302b6d5e34, -address, /var/run/desktop-containerd/containerd.sock",adservice,"adservice-76b448fddf-qfsdp"
"2023-08-23 05:37:50","/usr/bin/containerd-shim-runc-v2, -namespace, moby, -id, f821b1f4e0504d12a20f53065cbebfd356529ac198b0f077a922dd81aa018bad, -address, /var/run/desktop-containerd/containerd.sock",adservice,"adservice-76b448fddf-qfsdp"
"2023-08-23 05:37:50","/usr/bin/containerd-shim-runc-v2, -namespace, moby, -id, 566e1510355db8ca47a0623c2e3d78490279079b34539bf587d14a44e35c84ea, -address, /var/run/desktop-containerd/containerd.sock",adservice,"adservice-76b448fddf-qfsdp"
"2023-08-23 05:37:49","/usr/bin/containerd-shim-runc-v2, -namespace, moby, -id, 47515392dae7ca2b2c153ef34e4cb9ee5176c450e022670774a7525a76f5eca6, -address, /var/run/desktop-containerd/containerd.sock",adservice,"adservice-76b448fddf-qfsdp"
"2023-08-23 05:37:41","/usr/bin/containerd-shim-runc-v2, -namespace, moby, -id, eba3c5e1f31baff11fee3feaf98fdee2fd8d17246f78a2cbefdd079fe46bb9e6, -address, /var/run/desktop-containerd/containerd.sock",frontend,"frontend-846c85c54c-9rg78"
"2023-08-23 05:37:41","/usr/bin/containerd-shim-runc-v2, -namespace, moby, -id, 6d57a91612993e61379d3955f7627114e734d69035406f8f4fedfb66004db722, -address, /var/run/desktop-containerd/containerd.sock",frontend,"frontend-846c85c54c-9rg78"
"2023-08-23 05:37:40","/usr/bin/containerd-shim-runc-v2, -namespace, moby, -id, 6d57a91612993e61379d3955f7627114e734d69035406f8f4fedfb66004db722, -address, /var/run/desktop-containerd/containerd.sock",frontend,"frontend-846c85c54c-9rg78"
"2023-08-23 05:37:40","/usr/bin/containerd-shim-runc-v2, -namespace, moby, -id, 68170bbe18427b36d912db758f30be6d20670d71e51a8eb0af16ab0b4a26498f, -address, /var/run/desktop-containerd/containerd.sock",frontend,"frontend-846c85c54c-9rg78"
"2023-08-23 05:37:40","runc, --root, /var/run/docker/runtime-runc/moby, --log, /var/run/desktop-containerd/daemon/io.containerd.runtime.v2.task/moby/f821b1f4e0504d12a20f53065cbebfd356529ac198b0f077a922dd81aa018bad/log.json, --log-format, json, create, --bundle, /var/run/desktop-containerd/daemon/io.containerd.runtime.v2.task/moby/f821b1f4e0504d12a20f53065cbebfd356529ac198b0f077a922dd81aa018bad, --pid-file, /var/run/desktop-containerd/daemon/io.containerd.runtime.v2.task/moby/f821b1f4e0504d12a20f53065cbebfd356529ac198b0f077a922dd81aa018bad/init.pid, f821b1f4e0504d12a20f53065cbebfd356529ac198b0f077a922dd81aa018bad",frontend,"frontend-846c85c54c-9rg78"
"2023-08-23 05:37:40","runc, --root, /var/run/docker/runtime-runc/moby, --log, /var/run/desktop-containerd/daemon/io.containerd.runtime.v2.task/moby/040b3edd8100fe8bc497f7fd9702ce3fee6013656d9605a93743de133af10ef7/log.json, --log-format, json, create, --bundle, /var/run/desktop-containerd/daemon/io.containerd.runtime.v2.task/moby/040b3edd8100fe8bc497f7fd9702ce3fee6013656d9605a93743de133af10ef7, --pid-file, /var/run/desktop-containerd/daemon/io.containerd.runtime.v2.task/moby/040b3edd8100fe8bc497f7fd9702ce3fee6013656d9605a93743de133af10ef7/init.pid, 040b3edd8100fe8bc497f7fd9702ce3fee6013656d9605a93743de133af10ef7",frontend,"frontend-846c85c54c-9rg78"
"2023-08-23 05:37:39","runc, --root, /var/run/docker/runtime-runc/moby, --log, /var/run/desktop-containerd/daemon/io.containerd.runtime.v2.task/moby/040b3edd8100fe8bc497f7fd9702ce3fee6013656d9605a93743de133af10ef7/log.json, --log-format, json, create, --bundle, /var/run/desktop-containerd/daemon/io.containerd.runtime.v2.task/moby/040b3edd8100fe8bc497f7fd9702ce3fee6013656d9605a93743de133af10ef7, --pid-file, /var/run/desktop-containerd/daemon/io.containerd.runtime.v2.task/moby/040b3edd8100fe8bc497f7fd9702ce3fee6013656d9605a93743de133af10ef7/init.pid, 040b3edd8100fe8bc497f7fd9702ce3fee6013656d9605a93743de133af10ef7",cartservice,"cartservice-6969c94d94-l66mx"
"2023-08-23 05:37:39","runc, init",cartservice,"cartservice-6969c94d94-l66mx"
"2023-08-23 05:37:39","/usr/bin/containerd-shim-runc-v2, -namespace, moby, -id, f821b1f4e0504d12a20f53065cbebfd356529ac198b0f077a922dd81aa018bad, -address, /var/run/desktop-containerd/containerd.sock",cartservice,"cartservice-6969c94d94-l66mx"
"2023-08-23 05:37:39","/usr/bin/containerd-shim-runc-v2, -namespace, moby, -id, 040b3edd8100fe8bc497f7fd9702ce3fee6013656d9605a93743de133af10ef7, -address, /var/run/desktop-containerd/containerd.sock",cartservice,"cartservice-6969c94d94-l66mx"
"2023-08-23 05:37:39","runc, init",cartservice,"cartservice-6969c94d94-l66mx"
"2023-08-23 05:37:39","runc, --root, /var/run/docker/runtime-runc/moby, --log, /var/run/desktop-containerd/daemon/io.containerd.runtime.v2.task/moby/f821b1f4e0504d12a20f53065cbebfd356529ac198b0f077a922dd81aa018bad/log.json, --log-format, json, create, --bundle, /var/run/desktop-containerd/daemon/io.containerd.runtime.v2.task/moby/f821b1f4e0504d12a20f53065cbebfd356529ac198b0f077a922dd81aa018bad, --pid-file, /var/run/desktop-containerd/daemon/io.containerd.runtime.v2.task/moby/f821b1f4e0504d12a20f53065cbebfd356529ac198b0f077a922dd81aa018bad/init.pid, f821b1f4e0504d12a20f53065cbebfd356529ac198b0f077a922dd81aa018bad",cartservice,"cartservice-6969c94d94-l66mx"
"2023-08-23 05:37:39","/usr/bin/containerd-shim-runc-v2, -namespace, moby, -id, 566e1510355db8ca47a0623c2e3d78490279079b34539bf587d14a44e35c84ea, -address, /var/run/desktop-containerd/containerd.sock",cartservice,"cartservice-6969c94d94-l66mx"
"2023-08-23 05:36:49","/usr/bin/containerd-shim-runc-v2, -namespace, moby, -id, 96254992aefb53c6213baa4419e3ed4b96d9f15ad91c4d75b50e2092872a2b25, -address, /var/run/desktop-containerd/containerd.sock",checkoutservice,"checkoutservice-6d6f4d7cc7-jkzgt"
"2023-08-23 05:36:44","/usr/bin/containerd-shim-runc-v2, -namespace, moby, -id, 6cdb786e4d3cdaeacd4067fcda3fec9a2449bbc3218eaa0e82a1aa0822f54875, -address, /var/run/desktop-containerd/containerd.sock",frontend,"frontend-846c85c54c-9rg78"
"2023-08-23 05:36:44","/usr/bin/containerd-shim-runc-v2, -namespace, moby, -id, 5790fadedcc21ffcda985e65af47072715980e4b0c294d3cba472cfc004200b6, -address, /var/run/desktop-containerd/containerd.sock",frontend,"frontend-846c85c54c-9rg78"
"2023-08-23 05:36:44","/usr/bin/containerd-shim-runc-v2, -namespace, moby, -id, dde52205486c6f7767591de2ebeb9197afdf54fdcc77ce1ed2163e5a8185670d, -address, /var/run/desktop-containerd/containerd.sock",frontend,"frontend-846c85c54c-9rg78"
"2023-08-23 05:36:42","/usr/bin/containerd-shim-runc-v2, -namespace, moby, -id, 96254992aefb53c6213baa4419e3ed4b96d9f15ad91c4d75b50e2092872a2b25, -address, /var/run/desktop-containerd/containerd.sock",frontend,"frontend-846c85c54c-9rg78"
"2023-08-23 05:36:42","/usr/bin/containerd-shim-runc-v2, -namespace, moby, -id, 3e90200a7f49f24e201240efb74800a313840d8f4a0912400a19565305e59407, -address, /var/run/desktop-containerd/containerd.sock",frontend,"frontend-846c85c54c-9rg78"
"2023-08-23 05:36:42","/usr/bin/containerd-shim-runc-v2, -namespace, moby, -id, 479a255583b8118914a081123b17fe20d180060007d04e91d8d08bb64baf893a, -address, /var/run/desktop-containerd/containerd.sock",frontend,"frontend-846c85c54c-9rg78"
"2023-08-23 05:36:42","runc, init",frontend,"frontend-846c85c54c-9rg78"
"2023-08-23 05:36:38","runc, --root, /var/run/docker/runtime-runc/moby, --log, /var/run/desktop-containerd/daemon/io.containerd.runtime.v2.task/moby/930a3898ab53ff9e3a850e90f9d543616116e82ce769517a17505f93a8ac3eb9/log.json, --log-format, json, create, --bundle, /var/run/desktop-containerd/daemon/io.containerd.runtime.v2.task/moby/930a3898ab53ff9e3a850e90f9d543616116e82ce769517a17505f93a8ac3eb9, --pid-file, /var/run/desktop-containerd/daemon/io.containerd.runtime.v2.task/moby/930a3898ab53ff9e3a850e90f9d543616116e82ce769517a17505f93a8ac3eb9/init.pid, 930a3898ab53ff9e3a850e90f9d543616116e82ce769517a17505f93a8ac3eb9",shippingservice,"shippingservice-7ccdfd8767-zlxq5"
"2023-08-23 05:36:37","runc, --root, /var/run/docker/runtime-runc/moby, --log, /var/run/desktop-containerd/daemon/io.containerd.runtime.v2.task/moby/f033d653bf67fe5edcb3cb136230422efcdb09b85f8e48a3d617516b5f9f2a26/log.json, --log-format, json, create, --bundle, /var/run/desktop-containerd/daemon/io.containerd.runtime.v2.task/moby/f033d653bf67fe5edcb3cb136230422efcdb09b85f8e48a3d617516b5f9f2a26, --pid-file, /var/run/desktop-containerd/daemon/io.containerd.runtime.v2.task/moby/f033d653bf67fe5edcb3cb136230422efcdb09b85f8e48a3d617516b5f9f2a26/init.pid, f033d653bf67fe5edcb3cb136230422efcdb09b85f8e48a3d617516b5f9f2a26",paymentservice,"paymentservice-78549bfd9c-h8tg5"
"2023-08-23 05:36:37","/usr/bin/containerd-shim-runc-v2, -namespace, moby, -id, 7b373d89717c9b43a51108f4fdf707e44d26feafb592d8f5339f9f66488998ef, -address, /var/run/desktop-containerd/containerd.sock",paymentservice,"paymentservice-78549bfd9c-h8tg5"
"2023-08-23 05:36:37","runc, init",paymentservice,"paymentservice-78549bfd9c-h8tg5"
"2023-08-23 05:36:37","/usr/bin/containerd-shim-runc-v2, -namespace, moby, -id, 930a3898ab53ff9e3a850e90f9d543616116e82ce769517a17505f93a8ac3eb9, -address, /var/run/desktop-containerd/containerd.sock",paymentservice,"paymentservice-78549bfd9c-h8tg5"
"2023-08-23 05:36:37","runc, --root, /var/run/docker/runtime-runc/moby, --log, /var/run/desktop-containerd/daemon/io.containerd.runtime.v2.task/moby/479a255583b8118914a081123b17fe20d180060007d04e91d8d08bb64baf893a/log.json, --log-format, json, create, --bundle, /var/run/desktop-containerd/daemon/io.containerd.runtime.v2.task/moby/479a255583b8118914a081123b17fe20d180060007d04e91d8d08bb64baf893a, --pid-file, /var/run/desktop-containerd/daemon/io.containerd.runtime.v2.task/moby/479a255583b8118914a081123b17fe20d180060007d04e91d8d08bb64baf893a/init.pid, 479a255583b8118914a081123b17fe20d180060007d04e91d8d08bb64baf893a",paymentservice,"paymentservice-78549bfd9c-h8tg5"
"2023-08-23 05:36:37","/usr/bin/containerd-shim-runc-v2, -namespace, moby, -id, f033d653bf67fe5edcb3cb136230422efcdb09b85f8e48a3d617516b5f9f2a26, -address, /var/run/desktop-containerd/containerd.sock",paymentservice,"paymentservice-78549bfd9c-h8tg5"
"2023-08-23 05:36:37","runc, --root, /var/run/docker/runtime-runc/moby, --log, /var/run/desktop-containerd/daemon/io.containerd.runtime.v2.task/moby/7b373d89717c9b43a51108f4fdf707e44d26feafb592d8f5339f9f66488998ef/log.json, --log-format, json, create, --bundle, /var/run/desktop-containerd/daemon/io.containerd.runtime.v2.task/moby/7b373d89717c9b43a51108f4fdf707e44d26feafb592d8f5339f9f66488998ef, --pid-file, /var/run/desktop-containerd/daemon/io.containerd.runtime.v2.task/moby/7b373d89717c9b43a51108f4fdf707e44d26feafb592d8f5339f9f66488998ef/init.pid, 7b373d89717c9b43a51108f4fdf707e44d26feafb592d8f5339f9f66488998ef",paymentservice,"paymentservice-78549bfd9c-h8tg5"
"2023-08-23 05:36:37","runc, init",paymentservice,"paymentservice-78549bfd9c-h8tg5"
"2023-08-23 05:36:37","runc, --root, /var/run/docker/runtime-runc/moby, --log, /var/run/desktop-containerd/daemon/io.containerd.runtime.v2.task/moby/930a3898ab53ff9e3a850e90f9d543616116e82ce769517a17505f93a8ac3eb9/log.json, --log-format, json, create, --bundle, /var/run/desktop-containerd/daemon/io.containerd.runtime.v2.task/moby/930a3898ab53ff9e3a850e90f9d543616116e82ce769517a17505f93a8ac3eb9, --pid-file, /var/run/desktop-containerd/daemon/io.containerd.runtime.v2.task/moby/930a3898ab53ff9e3a850e90f9d543616116e82ce769517a17505f93a8ac3eb9/init.pid, 930a3898ab53ff9e3a850e90f9d543616116e82ce769517a17505f93a8ac3eb9",paymentservice,"paymentservice-78549bfd9c-h8tg5"
"2023-08-23 05:36:37","runc, init",paymentservice,"paymentservice-78549bfd9c-h8tg5"
"2023-08-23 05:36:37","runc, init",paymentservice,"paymentservice-78549bfd9c-h8tg5"
"2023-08-23 05:36:37","/usr/bin/containerd-shim-runc-v2, -namespace, moby, -id, 479a255583b8118914a081123b17fe20d180060007d04e91d8d08bb64baf893a, -address, /var/run/desktop-containerd/containerd.sock",paymentservice,"paymentservice-78549bfd9c-h8tg5"
